date,title,link
2014-01-02,it companies to see cross currency headwinds going ahead david pezarkar,https://economictimes.indiatimes.comhttps://economictimes.indiatimes.com/markets/stocks/recos/it-companies-to-see-cross-currency-headwinds-going-ahead-david-pezarkar/articleshow/28267229.cms
2014-01-03,indias forex reserves rise to 295 71 billion as on dec 27 reserve bank of india,https://economictimes.indiatimes.comhttps://economictimes.indiatimes.com/news/economy/finance/indias-forex-reserves-rise-to-295-71-billion-as-on-dec-27-reserve-bank-of-india/articleshow/28342070.cms
2014-01-09,ed signs mou with dgft for sharing forex realisation data,https://economictimes.indiatimes.comhttps://economictimes.indiatimes.com/news/economy/finance/ed-signs-mou-with-dgft-for-sharing-forex-realisation-data/articleshow/28591145.cms
2014-01-12,corporates join bitcoin brigade to lobby for digital currency,https://economictimes.indiatimes.comhttps://economictimes.indiatimes.com/tech/internet/corporates-join-bitcoin-brigade-to-lobby-for-digital-currency/articleshow/28704424.cms
2014-01-16,mindtree profit falls after forex loss reports strong pipeline,https://economictimes.indiatimes.comhttps://economictimes.indiatimes.com/markets/stocks/earnings/mindtree-profit-falls-after-forex-loss-reports-strong-pipeline/articleshow/28898641.cms
2014-01-16,rbi tightens provisioning norms for unhedged forex exposure,https://economictimes.indiatimes.comhttps://economictimes.indiatimes.com/markets/forex/rbi-tightens-provisioning-norms-for-unhedged-forex-exposure/articleshow/28849057.cms
2014-01-16,hcl tech q2 seen flat at rs 1430 crore forex loss pegged at 23 million,https://economictimes.indiatimes.comhttps://economictimes.indiatimes.com/markets/stocks/earnings/hcl-tech-q2-seen-flat-at-rs-1430-crore-forex-loss-pegged-at-23-million/articleshow/28842741.cms
2014-01-17,forex reserves rise to 293 29 billion as on jan rbi,https://economictimes.indiatimes.comhttps://economictimes.indiatimes.com/news/economy/finance/forex-reserves-rise-to-293-29-billion-as-on-jan-rbi/articleshow/28957540.cms
2014-01-17,mindtree q3 profit falls after forex hit sales rise,https://economictimes.indiatimes.comhttps://economictimes.indiatimes.com/markets/stocks/earnings/mindtree-q3-profit-falls-after-forex-hit-sales-rise/articleshow/28924271.cms
2014-01-23,mastek lower operating costs and lesser forex loss result in margin expansion,https://economictimes.indiatimes.comhttps://economictimes.indiatimes.com/markets/stocks/earnings/mastek-lower-operating-costs-and-lesser-forex-loss-result-in-margin-expansion/articleshow/29256422.cms
2014-01-23,currency notes issued before 2005 to be withdrawn post march 31 rbi,https://economictimes.indiatimes.comhttps://economictimes.indiatimes.com/news/economy/policy/currency-notes-issued-before-2005-to-be-withdrawn-post-march-31-rbi/articleshow/29210580.cms
2014-01-24,rbi asks public to start exchanging pre 2005 currency notes,https://economictimes.indiatimes.comhttps://economictimes.indiatimes.com/industry/banking/finance/banking/rbi-asks-public-to-start-exchanging-pre-2005-currency-notes/articleshow/29309847.cms
2014-01-25,ex nepalese ministers son arrested for fake currency racket,https://economictimes.indiatimes.comhttps://economictimes.indiatimes.com/news/international/world-news/ex-nepalese-ministers-son-arrested-for-fake-currency-racket/articleshow/29367473.cms
2014-01-25,forex reserves fall to 292 08 billion as on january 17 rbi,https://economictimes.indiatimes.comhttps://economictimes.indiatimes.com/news/economy/finance/forex-reserves-fall-to-292-08-billion-as-on-january-17-rbi/articleshow/29309639.cms
2014-01-27,rupee63 may hit 65 says expert where the currency is headed,https://economictimes.indiatimes.comhttps://economictimes.indiatimes.com/markets/forex/rupee63-may-hit-65-says-expert-where-the-currency-is-headed/articleshow/29444124.cms
2014-01-27,cairn india q3 net drops 14 on forex losses,https://economictimes.indiatimes.comhttps://economictimes.indiatimes.com/markets/stocks/earnings/cairn-india-q3-net-drops-14-on-forex-losses/articleshow/29432581.cms
2014-01-30,rupee best performer among emerging markets on currency stability hopes,https://economictimes.indiatimes.comhttps://economictimes.indiatimes.com/markets/forex/rupee-best-performer-among-emerging-markets-on-currency-stability-hopes/articleshow/29576222.cms
2014-01-30,nia proves pakistan link six people convicted in fake currency case,https://economictimes.indiatimes.comhttps://economictimes.indiatimes.com/news/politics-and-nation/nia-proves-pakistan-link-six-people-convicted-in-fake-currency-case/articleshow/29574960.cms
2014-01-31,rbi to cut swap rates on foreign currency deposits from march 1,https://economictimes.indiatimes.comhttps://economictimes.indiatimes.com/markets/bonds/rbi-to-cut-swap-rates-on-foreign-currency-deposits-from-march-1/articleshow/29671446.cms
2014-02-05,spotting the real deal how to distinguish between genuine and fake rupee currency,https://economictimes.indiatimes.comhttps://economictimes.indiatimes.com/markets/forex/spotting-the-real-deal-how-to-distinguish-between-genuine-and-fake-rupee-currency/articleshow/29872965.cms
2014-02-07,indias forex reserves lower at 291 07 bn as of january 31 rbi,https://economictimes.indiatimes.comhttps://economictimes.indiatimes.com/news/economy/finance/indias-forex-reserves-lower-at-291-07-bn-as-of-january-31-rbi/articleshow/30001082.cms
2014-02-07,mid caps lose sheen as em currency rout takes a toll,https://economictimes.indiatimes.comhttps://economictimes.indiatimes.com/markets/stocks/news/mid-caps-lose-sheen-as-em-currency-rout-takes-a-toll/articleshow/29966881.cms
2014-02-08,bitcoin rift sees currency enthusiasts ditching iphones,https://economictimes.indiatimes.comhttps://economictimes.indiatimes.com/news/international/business/bitcoin-rift-sees-currency-enthusiasts-ditching-iphones/articleshow/30026737.cms
2014-02-10,essar oil december quarter net profit up 63 pc rs 146 crore forex gain,https://economictimes.indiatimes.comhttps://economictimes.indiatimes.com/markets/stocks/earnings/essar-oil-december-quarter-net-profit-up-63-pc-rs-146-crore-forex-gain/articleshow/30177842.cms
2014-02-10,bitcoin gains more ground as new virtual currency,https://economictimes.indiatimes.comhttps://economictimes.indiatimes.com/news/economy/policy/bitcoin-gains-more-ground-as-new-virtual-currency/articleshow/30130539.cms
2014-02-14,spicejet posts rs 171 crore loss in q3 on forex loss atf spike,https://economictimes.indiatimes.comhttps://economictimes.indiatimes.com/markets/stocks/earnings/spicejet-posts-rs-171-crore-loss-in-q3-on-forex-loss-atf-spike/articleshow/30412162.cms
2014-02-15,forex reserves higher at 292 3 bn,https://economictimes.indiatimes.comhttps://economictimes.indiatimes.com/news/economy/finance/forex-reserves-higher-at-292-3-bn/articleshow/30423667.cms
2014-02-19,forex traders facing a hard time as computers take over,https://economictimes.indiatimes.comhttps://economictimes.indiatimes.com/markets/forex/forex-traders-facing-a-hard-time-as-computers-take-over/articleshow/30644120.cms
2014-02-20,punters book losses in currency derivatives against business losses to save taxes,https://economictimes.indiatimes.comhttps://economictimes.indiatimes.com/wealth/personal-finance-news/punters-book-losses-in-currency-derivatives-against-business-losses-to-save-taxes/articleshow/30693056.cms
2014-02-21,forex reserves rise 1 46 billion to 293 79 billion,https://economictimes.indiatimes.comhttps://economictimes.indiatimes.com/news/economy/finance/forex-reserves-rise-1-46-billion-to-293-79-billion/articleshow/30797981.cms
2014-02-22,madras high court notice to rbi on plea against recall of old currency notes,https://economictimes.indiatimes.comhttps://economictimes.indiatimes.com/news/economy/policy/madras-high-court-notice-to-rbi-on-plea-against-recall-of-old-currency-notes/articleshow/30866819.cms
2014-02-26,china lifts foreign currency deposit rates cap at shanghai ftz,https://economictimes.indiatimes.comhttps://economictimes.indiatimes.com/news/international/business/china-lifts-foreign-currency-deposit-rates-cap-at-shanghai-ftz/articleshow/31047045.cms
2014-02-27,ems hold currency reserves to counter capital volatility eswar prasad cornell university,https://economictimes.indiatimes.comhttps://economictimes.indiatimes.com/opinion/interviews/ems-hold-currency-reserves-to-counter-capital-volatility-eswar-prasad-cornell-university/articleshow/31104657.cms
2014-03-02,indian bank revises interest rates on foreign currency,https://economictimes.indiatimes.comhttps://economictimes.indiatimes.com/industry/banking/finance/banking/indian-bank-revises-interest-rates-on-foreign-currency/articleshow/31273706.cms
2014-03-04,ukraine crisis will not affect indian currency rupee will remain range bound arvind mayaram,https://economictimes.indiatimes.comhttps://economictimes.indiatimes.com/markets/forex/ukraine-crisis-will-not-affect-indian-currency-rupee-will-remain-range-bound-arvind-mayaram/articleshow/31408233.cms
2014-03-07,forex reserves rise 954 6 million to 294 3 billion rbi,https://economictimes.indiatimes.comhttps://economictimes.indiatimes.com/news/economy/finance/forex-reserves-rise-954-6-million-to-294-3-billion-rbi/articleshow/31611185.cms
2014-03-07,forex futures may have longer trading hours to allow traders to align positions with us markets,https://economictimes.indiatimes.comhttps://economictimes.indiatimes.com/markets/forex/forex-futures-may-have-longer-trading-hours-to-allow-traders-to-align-positions-with-us-markets/articleshow/31565946.cms
2014-03-09,increase in pakistan printed fake currency notes smuggling to india,https://economictimes.indiatimes.comhttps://economictimes.indiatimes.com/news/politics-and-nation/increase-in-pakistan-printed-fake-currency-notes-smuggling-to-india/articleshow/31714413.cms
2014-03-10,rbi sells 1 92 billion in spot forex market in january first time after raghuram rajan takes over,https://economictimes.indiatimes.comhttps://economictimes.indiatimes.com/markets/forex/rbi-sells-1-92-billion-in-spot-forex-market-in-january-first-time-after-raghuram-rajan-takes-over/articleshow/31796409.cms
2014-03-12,rapid currency trades may kill arbitrage,https://economictimes.indiatimes.comhttps://economictimes.indiatimes.com/markets/forex/rapid-currency-trades-may-kill-arbitrage/articleshow/31861697.cms
2014-03-14,forex reserves jump from 1 09 billion to 295 45 billion,https://economictimes.indiatimes.comhttps://economictimes.indiatimes.com/news/economy/finance/forex-reserves-jump-from-1-09-billion-to-295-45-billion/articleshow/32020449.cms
2014-03-16,bitcoins a revolution some must know myths facts about the virtual currency,https://economictimes.indiatimes.comhttps://economictimes.indiatimes.com/news/economy/finance/bitcoins-a-revolution-some-must-know-myths-facts-about-the-virtual-currency/articleshow/32090482.cms
2014-03-19,it and pharmasectors broadly currency play mitesh thacker,https://economictimes.indiatimes.comhttps://economictimes.indiatimes.com/markets/stocks/recos/it-and-pharmasectors-broadly-currency-play-mitesh-thacker/articleshow/32307792.cms
2014-03-19,swiss franc gains currency with indian companies,https://economictimes.indiatimes.comhttps://economictimes.indiatimes.com/markets/forex/swiss-franc-gains-currency-with-indian-companies/articleshow/32258914.cms
2014-03-21,as rupee strengthens rbi gets an opportunity to boost forex reserves,https://economictimes.indiatimes.comhttps://economictimes.indiatimes.com/opinion/et-editorial/as-rupee-strengthens-rbi-gets-an-opportunity-to-boost-forex-reserves/articleshow/32386262.cms
2014-03-22,indias forex reserves rises 1 8 billion in week to march 14,https://economictimes.indiatimes.comhttps://economictimes.indiatimes.com/news/economy/finance/indias-forex-reserves-rises-1-8-billion-in-week-to-march-14/articleshow/32426712.cms
2014-03-28,forex reserves near 300 billion mark,https://economictimes.indiatimes.comhttps://economictimes.indiatimes.com/news/economy/finance/forex-reserves-near-300-billion-mark/articleshow/32856477.cms
2014-03-31,currency trading is next big thing in india veracity financial service ltd,https://economictimes.indiatimes.comhttps://economictimes.indiatimes.com/markets/forex/currency-trading-is-next-big-thing-in-india-veracity-financial-service-ltd/articleshow/33032143.cms
2014-04-01,reserve bank of india allows foreign investors to hedge currency risks,https://economictimes.indiatimes.comhttps://economictimes.indiatimes.com/news/economy/finance/reserve-bank-of-india-allows-foreign-investors-to-hedge-currency-risks/articleshow/33076147.cms
2014-04-02,rbi may buy us dollars to shore up forex pile,https://economictimes.indiatimes.comhttps://economictimes.indiatimes.com/markets/forex/rbi-may-buy-us-dollars-to-shore-up-forex-pile/articleshow/33099839.cms
2014-04-03,forex reserves below chinese level not comfortable raghuram rajan,https://economictimes.indiatimes.comhttps://economictimes.indiatimes.com/markets/forex/forex-reserves-below-chinese-level-not-comfortable-raghuram-rajan/articleshow/33185791.cms
2014-04-03,revenues quite strong to mitigate any risk of currency volatility vivek chaand sehgal motherson sumi systems,https://economictimes.indiatimes.comhttps://economictimes.indiatimes.com/opinion/interviews/revenues-quite-strong-to-mitigate-any-risk-of-currency-volatility-vivek-chaand-sehgal-motherson-sumi-systems/articleshow/33171570.cms
2014-04-03,government has tackled currency weakness proactively kunj bansal,https://economictimes.indiatimes.comhttps://economictimes.indiatimes.com/markets/stocks/recos/government-has-tackled-currency-weakness-proactively-kunj-bansal/articleshow/33165475.cms
2014-04-06,fiis nri funds help forex kitty move above 300 billion,https://economictimes.indiatimes.comhttps://economictimes.indiatimes.com/industry/banking/finance/fiis-nri-funds-help-forex-kitty-move-above-300-billion/articleshow/33329939.cms
2014-04-07,deutsche bank chairman paul achleitner backs anshu jain in currency manipulation probe,https://economictimes.indiatimes.comhttps://economictimes.indiatimes.com/news/international/business/deutsche-bank-chairman-paul-achleitner-backs-anshu-jain-in-currency-manipulation-probe/articleshow/33391608.cms
2014-04-11,forex reserves rose 3 billion in week to april 4,https://economictimes.indiatimes.comhttps://economictimes.indiatimes.com/news/economy/finance/forex-reserves-rose-3-billion-in-week-to-april-4/articleshow/33614907.cms
2014-04-11,no forex reserves large enough to ward off external shocks raghuram rajan,https://economictimes.indiatimes.comhttps://economictimes.indiatimes.com/news/economy/finance/no-forex-reserves-large-enough-to-ward-off-external-shocks-raghuram-rajan/articleshow/33597196.cms
2014-04-13,forex debt raising soars touches 5 6 billion so far this year,https://economictimes.indiatimes.comhttps://economictimes.indiatimes.com/markets/bonds/forex-debt-raising-soars-touches-5-6-billion-so-far-this-year/articleshow/33703391.cms
2014-04-14,five things to know about resident foreign currency account,https://economictimes.indiatimes.comhttps://economictimes.indiatimes.com/industry/banking/finance/banking/five-things-to-know-about-resident-foreign-currency-account/articleshow/33657461.cms
2014-04-19,forex reserves increase by 2 8 bn,https://economictimes.indiatimes.comhttps://economictimes.indiatimes.com/news/economy/finance/forex-reserves-increase-by-2-8-bn/articleshow/33923650.cms
2014-04-20,gujarat model has become a political currency montek singh ahluwalia,https://economictimes.indiatimes.comhttps://economictimes.indiatimes.com/news/politics-and-nation/gujarat-model-has-become-a-political-currency-montek-singh-ahluwalia/articleshow/33997696.cms
2014-04-21,china new transit hub for pakistan operators to smuggle fake indian currency notes,https://economictimes.indiatimes.comhttps://economictimes.indiatimes.com/news/economy/finance/china-new-transit-hub-for-pakistan-operators-to-smuggle-fake-indian-currency-notes/articleshow/34045204.cms
2014-04-24,coal scam ed to register money laundering forex violation case,https://economictimes.indiatimes.comhttps://economictimes.indiatimes.com/news/politics-and-nation/coal-scam-ed-to-register-money-laundering-forex-violation-case/articleshow/34166433.cms
2014-04-24,lok sabha polls 2014 foreign currency worth rs 40 lakh seized in bihar,https://economictimes.indiatimes.comhttps://economictimes.indiatimes.com/news/politics-and-nation/lok-sabha-polls-2014-foreign-currency-worth-rs-40-lakh-seized-in-bihar/articleshow/34148930.cms
2014-04-28,are you bitcoin savvy things you should know about the digital currency,https://economictimes.indiatimes.comhttps://economictimes.indiatimes.com/tech/internet/are-you-bitcoin-savvy-things-you-should-know-about-the-digital-currency/articleshow/34238888.cms
2014-04-30,launch of rs 10 plastic currency notes delayed,https://economictimes.indiatimes.comhttps://economictimes.indiatimes.com/news/economy/finance/launch-of-rs-10-plastic-currency-notes-delayed/articleshow/34388287.cms
2014-05-01,enforcement directorate records best ever performance in laundering forex probe,https://economictimes.indiatimes.comhttps://economictimes.indiatimes.com/industry/banking/finance/enforcement-directorate-records-best-ever-performance-in-laundering-forex-probe/articleshow/34489260.cms
2014-05-06,competive currency must for growth in exports ajay bodke,https://economictimes.indiatimes.comhttps://economictimes.indiatimes.com/markets/stocks/recos/competive-currency-must-for-growth-in-exports-ajay-bodke/articleshow/34721754.cms
2014-05-09,forex reserves surges 1 9 billion in week to may 2,https://economictimes.indiatimes.comhttps://economictimes.indiatimes.com/news/economy/finance/forex-reserves-surges-1-9-billion-in-week-to-may-2/articleshow/34888011.cms
2014-05-11,fake currency how central banks like rbi normally approach the problem of counterfeits,https://economictimes.indiatimes.comhttps://economictimes.indiatimes.com/news/politics-and-nation/fake-currency-how-central-banks-like-rbi-normally-approach-the-problem-of-counterfeits/articleshow/34935838.cms
2014-05-12,bharti airtel to raise funds via foreign currency bonds,https://economictimes.indiatimes.comhttps://economictimes.indiatimes.com/industry/telecom/bharti-airtel-to-raise-funds-via-foreign-currency-bonds/articleshow/35030626.cms
2014-05-12,reserve bank of india bought us 7 78 billion in spot forex market in march,https://economictimes.indiatimes.comhttps://economictimes.indiatimes.com/markets/forex/reserve-bank-of-india-bought-us-7-78-billion-in-spot-forex-market-in-march/articleshow/35027975.cms
2014-05-13,china achieves economic growth by printing more currency,https://economictimes.indiatimes.comhttps://economictimes.indiatimes.com/news/international/business/china-achieves-economic-growth-by-printing-more-currency/articleshow/35058592.cms
2014-05-13,bharti airtel plans to sell more foreign currency bonds,https://economictimes.indiatimes.comhttps://economictimes.indiatimes.com/industry/telecom/bharti-airtel-plans-to-sell-more-foreign-currency-bonds/articleshow/35045760.cms
2014-05-15,india incs forex spending rose 18 per annum since 2007,https://economictimes.indiatimes.comhttps://economictimes.indiatimes.com/markets/forex/india-incs-forex-spending-rose-18-per-annum-since-2007/articleshow/35170979.cms
2014-05-20,forex gains help mrpl clock rs 1067 crore profit in march quarter,https://economictimes.indiatimes.comhttps://economictimes.indiatimes.com/markets/stocks/earnings/forex-gains-help-mrpl-clock-rs-1067-crore-profit-in-march-quarter/articleshow/35390124.cms
2014-05-20,essar oil q4 profit rises fivefold on margins forex gains,https://economictimes.indiatimes.comhttps://economictimes.indiatimes.com/markets/stocks/earnings/essar-oil-q4-profit-rises-fivefold-on-margins-forex-gains/articleshow/35389675.cms
2014-05-20,essar oil q4 profit rises fivefold on margins forex gains,https://economictimes.indiatimes.comhttps://economictimes.indiatimes.com/markets/stocks/earnings/essar-oil-q4-profit-rises-fivefold-on-margins-forex-gains/articleshow/35385770.cms
2014-05-21,dream run is about to end for sectors like seafood exports as local currency gains,https://economictimes.indiatimes.comhttps://economictimes.indiatimes.com/news/economy/foreign-trade/dream-run-is-about-to-end-for-sectors-like-seafood-exports-as-local-currency-gains/articleshow/35423868.cms
2014-05-23,forex reserves up us 1 09 billion at near us 315 billion,https://economictimes.indiatimes.comhttps://economictimes.indiatimes.com/markets/forex/forex-reserves-up-us-1-09-billion-at-near-us-315-billion/articleshow/35525696.cms
2014-05-25,modi effect rupee best performing asia pacific currency,https://economictimes.indiatimes.comhttps://economictimes.indiatimes.com/markets/forex/modi-effect-rupee-best-performing-asia-pacific-currency/articleshow/35592872.cms
2014-05-25,narendra modi effect forex reserves up by 11 billion since april,https://economictimes.indiatimes.comhttps://economictimes.indiatimes.com/news/economy/finance/narendra-modi-effect-forex-reserves-up-by-11-billion-since-april/articleshow/35599688.cms
2014-05-26,forex reserves jump by 15 5 billion in fy 2014 rbi,https://economictimes.indiatimes.comhttps://economictimes.indiatimes.com/news/economy/finance/forex-reserves-jump-by-15-5-billion-in-fy-2014-rbi/articleshow/35621057.cms
2014-05-27,rbi eases forward forex contracts norms for importers,https://economictimes.indiatimes.comhttps://economictimes.indiatimes.com/news/economy/policy/rbi-eases-forward-forex-contracts-norms-for-importers/articleshow/35636140.cms
2014-05-30,indias forex reserves fall 2 3 billion in the week after narendra modi takes charge,https://economictimes.indiatimes.comhttps://economictimes.indiatimes.com/news/economy/finance/indias-forex-reserves-fall-2-3-billion-in-the-week-after-narendra-modi-takes-charge/articleshow/35786822.cms
2014-05-31,adverse product mix currency movement takes sheen off jaguar land rovers earnings,https://economictimes.indiatimes.comhttps://economictimes.indiatimes.com/markets/stocks/earnings/adverse-product-mix-currency-movement-takes-sheen-off-jaguar-land-rovers-earnings/articleshow/35799825.cms
2014-06-03,reserve bank of india eases norms for foreign investors in currency derivatives,https://economictimes.indiatimes.comhttps://economictimes.indiatimes.com/news/economy/policy/reserve-bank-of-india-eases-norms-for-foreign-investors-in-currency-derivatives/articleshow/35992904.cms
2014-06-07,indias forex reserves fall 273 8 million to 312 billion,https://economictimes.indiatimes.comhttps://economictimes.indiatimes.com/news/economy/finance/indias-forex-reserves-fall-273-8-million-to-312-billion/articleshow/36153588.cms
2014-06-11,crack down on chinese currency manipulation american senators to barack obama,https://economictimes.indiatimes.comhttps://economictimes.indiatimes.com/news/international/business/crack-down-on-chinese-currency-manipulation-american-senators-to-barack-obama/articleshow/36379049.cms
2014-06-13,forex reserves rise to 312 59 billion as of june 6 rbi,https://economictimes.indiatimes.comhttps://economictimes.indiatimes.com/news/economy/finance/forex-reserves-rise-to-312-59-billion-as-of-june-6-rbi/articleshow/36494376.cms
2014-06-19,opting for virtual forex cards can help in reducing risk of fraud,https://economictimes.indiatimes.comhttps://economictimes.indiatimes.com/wealth/spend/opting-for-virtual-forex-cards-can-help-in-reducing-risk-of-fraud/articleshow/36785249.cms
2014-06-20,reserve bank of india eases norms for foreign investors in currency derivatives,https://economictimes.indiatimes.comhttps://economictimes.indiatimes.com/news/economy/finance/reserve-bank-of-india-eases-norms-for-foreign-investors-in-currency-derivatives/articleshow/36893001.cms
2014-06-21,rbi eases norms for fpis in currency derivatives,https://economictimes.indiatimes.comhttps://economictimes.indiatimes.com/industry/banking/finance/rbi-eases-norms-for-fpis-in-currency-derivatives/articleshow/36936343.cms
2014-06-29,enforcement directorate begins forex violations probe into vvip chopper deal case,https://economictimes.indiatimes.comhttps://economictimes.indiatimes.com/news/politics-and-nation/enforcement-directorate-begins-forex-violations-probe-into-vvip-chopper-deal-case/articleshow/37449252.cms
2014-08-01,healthy rupee outlook keeps fiis forex hedging muted,https://economictimes.indiatimes.comhttps://economictimes.indiatimes.com/markets/forex/healthy-rupee-outlook-keeps-fiis-forex-hedging-muted/articleshow/39405973.cms
2014-08-02,forex reserves at 320 564 billion very close to all time high,https://economictimes.indiatimes.comhttps://economictimes.indiatimes.com/markets/forex/forex-reserves-at-320-564-billion-very-close-to-all-time-high/articleshow/39422752.cms
2014-08-03,rbi to continue increasing forex reserves cover bank of america merrill lynch,https://economictimes.indiatimes.comhttps://economictimes.indiatimes.com/news/economy/finance/rbi-to-continue-increasing-forex-reserves-cover-bank-of-america-merrill-lynch/articleshow/39535187.cms
2014-08-07,slowdown forex swings hit standard chartered profit,https://economictimes.indiatimes.comhttps://economictimes.indiatimes.com/industry/banking/finance/banking/slowdown-forex-swings-hit-standard-chartered-profit/articleshow/39805402.cms
2014-08-11,no one else but mahatma gandhi on currency notes raghuram rajan,https://economictimes.indiatimes.comhttps://economictimes.indiatimes.com/news/economy/policy/no-one-else-but-mahatma-gandhi-on-currency-notes-raghuram-rajan/articleshow/40072225.cms
2014-08-11,rbi hopes forex reserves will cushion rupee volatility,https://economictimes.indiatimes.comhttps://economictimes.indiatimes.com/markets/forex/rbi-hopes-forex-reserves-will-cushion-rupee-volatility/articleshow/40068993.cms
2014-08-14,bse to begin charging for currency derivatives trade,https://economictimes.indiatimes.comhttps://economictimes.indiatimes.com/markets/stocks/news/bse-to-begin-charging-for-currency-derivatives-trade/articleshow/40260492.cms
2014-08-17,hdfc bank launches forexplus card for haj umrah pilgrims,https://economictimes.indiatimes.comhttps://economictimes.indiatimes.com/industry/banking/finance/banking/hdfc-bank-launches-forexplus-card-for-haj-umrah-pilgrims/articleshow/40345815.cms
2014-08-17,national investigation agency ropes in indian statistical institute for study on fake currency notes,https://economictimes.indiatimes.comhttps://economictimes.indiatimes.com/news/economy/finance/national-investigation-agency-ropes-in-indian-statistical-institute-for-study-on-fake-currency-notes/articleshow/40324425.cms
2014-08-18,forex market closed for parsi new year,https://economictimes.indiatimes.comhttps://economictimes.indiatimes.com/markets/forex/forex-market-closed-for-parsi-new-year/articleshow/40356305.cms
2014-08-22,rbi reports a modest rise in forex reserves after two weeks of fall,https://economictimes.indiatimes.comhttps://economictimes.indiatimes.com/news/economy/finance/rbi-reports-a-modest-rise-in-forex-reserves-after-two-weeks-of-fall/articleshow/40693322.cms
2014-08-22,rbi planning to introduce plastic currency notes next year,https://economictimes.indiatimes.comhttps://economictimes.indiatimes.com/news/economy/policy/rbi-planning-to-introduce-plastic-currency-notes-next-year/articleshow/40637774.cms
2014-08-23,forex reserves inch up to 319 billion,https://economictimes.indiatimes.comhttps://economictimes.indiatimes.com/markets/forex/forex-reserves-inch-up-to-319-billion/articleshow/40729029.cms
2014-08-27,non financial cos to raise 14 bn in forex debt this year moodys,https://economictimes.indiatimes.comhttps://economictimes.indiatimes.com/markets/bonds/non-financial-cos-to-raise-14-bn-in-forex-debt-this-year-moodys/articleshow/41012268.cms
2014-08-29,forex reserves down 810 7 million to 318 57 billion,https://economictimes.indiatimes.comhttps://economictimes.indiatimes.com/news/economy/finance/forex-reserves-down-810-7-million-to-318-57-billion/articleshow/41198069.cms
2014-08-29,foreign currency bonds by non financial companies to hit a high,https://economictimes.indiatimes.comhttps://economictimes.indiatimes.com/markets/bonds/foreign-currency-bonds-by-non-financial-companies-to-hit-a-high/articleshow/41165541.cms
2014-10-03,forex reserves continue to move down fall by another 1 4 billion,https://economictimes.indiatimes.comhttps://economictimes.indiatimes.com/news/economy/finance/forex-reserves-continue-to-move-down-fall-by-another-1-4-billion/articleshow/44226386.cms
2014-10-03,forex traders make hay in volatile market,https://economictimes.indiatimes.comhttps://economictimes.indiatimes.com/markets/forex/forex-traders-make-hay-in-volatile-market/articleshow/44186550.cms
2014-10-08,companies leaving forex exposure without hedging rbis market interventions to blame,https://economictimes.indiatimes.comhttps://economictimes.indiatimes.com/markets/forex/companies-leaving-forex-exposure-without-hedging-rbis-market-interventions-to-blame/articleshow/44647839.cms
2014-10-08,rbi asks companies not to lower their guard on hedging forex exposure,https://economictimes.indiatimes.comhttps://economictimes.indiatimes.com/markets/forex/rbi-asks-companies-not-to-lower-their-guard-on-hedging-forex-exposure/articleshow/44651626.cms
2014-10-10,forex reserves fall to five month low at 311 billion,https://economictimes.indiatimes.comhttps://economictimes.indiatimes.com/news/economy/finance/forex-reserves-fall-to-five-month-low-at-311-billion/articleshow/44774158.cms
2014-10-15,note for vote gaining currency amongst indian voters says study,https://economictimes.indiatimes.comhttps://economictimes.indiatimes.com/news/politics-and-nation/note-for-vote-gaining-currency-amongst-indian-voters-says-study/articleshow/44824656.cms
2014-10-16,chinese currency significantly undervalued us report,https://economictimes.indiatimes.comhttps://economictimes.indiatimes.com/markets/forex/chinese-currency-significantly-undervalued-us-report/articleshow/44834456.cms
2014-10-17,indias forex reserves rise after five weeks,https://economictimes.indiatimes.comhttps://economictimes.indiatimes.com/news/economy/finance/indias-forex-reserves-rise-after-five-weeks/articleshow/44854415.cms
2014-10-17,nri deposits start to ebb may hurt forex reserves,https://economictimes.indiatimes.comhttps://economictimes.indiatimes.com/news/economy/finance/nri-deposits-start-to-ebb-may-hurt-forex-reserves/articleshow/44842917.cms
2014-10-20,yes bank raises 422 million by dual currency loan facility,https://economictimes.indiatimes.comhttps://economictimes.indiatimes.com/industry/banking/finance/banking/yes-bank-raises-422-million-by-dual-currency-loan-facility/articleshow/44888761.cms
2014-10-22,certain stock brokers can take proprietary open positions in currency pairs,https://economictimes.indiatimes.comhttps://economictimes.indiatimes.com/markets/stocks/news/certain-stock-brokers-can-take-proprietary-open-positions-in-currency-pairs/articleshow/44910565.cms
2014-10-29,unearthing capital flight can add 35 billion to forex reserves bofa,https://economictimes.indiatimes.comhttps://economictimes.indiatimes.com/news/economy/finance/unearthing-capital-flight-can-add-35-billion-to-forex-reserves-bofa/articleshow/44969848.cms
2014-10-31,india forex reserves up 495 5 million to 314 77 billion,https://economictimes.indiatimes.comhttps://economictimes.indiatimes.com/news/economy/finance/india-forex-reserves-up-495-5-million-to-314-77-billion/articleshow/44996725.cms
2015-11-04,bob scam dri tells fiu to red flag multiple forex transactions,https://economictimes.indiatimes.comhttps://economictimes.indiatimes.com/news/politics-and-nation/bob-scam-dri-tells-fiu-to-red-flag-multiple-forex-transactions/articleshow/49660058.cms
2015-11-10,donald trump wants to declare china a currency manipulator,https://economictimes.indiatimes.comhttps://economictimes.indiatimes.com/news/international/business/donald-trump-wants-to-declare-china-a-currency-manipulator/articleshow/49740814.cms
2015-11-11,shah rukh khan questioned by ed over alleged forex violation in kkr share sale,https://economictimes.indiatimes.comhttps://economictimes.indiatimes.com/news/politics-and-nation/shah-rukh-khan-questioned-by-ed-over-alleged-forex-violation-in-kkr-share-sale/articleshow/49746124.cms
2015-11-12,china issues new rmb 100 note to stop forgery of currency,https://economictimes.indiatimes.comhttps://economictimes.indiatimes.com/news/international/business/china-issues-new-rmb-100-note-to-stop-forgery-of-currency/articleshow/49757725.cms
2015-11-12,yuan ticks imf boxes for reserve currency,https://economictimes.indiatimes.comhttps://economictimes.indiatimes.com/markets/forex/yuan-ticks-imf-boxes-for-reserve-currency/articleshow/49751053.cms
2015-11-14,imf to consider inclusion of chinese currency in sdr basket,https://economictimes.indiatimes.comhttps://economictimes.indiatimes.com/news/international/business/imf-to-consider-inclusion-of-chinese-currency-in-sdr-basket/articleshow/49777672.cms
2015-11-17,open source gains currency among bengalurus techies,https://economictimes.indiatimes.comhttps://economictimes.indiatimes.com/tech/software/open-source-gains-currency-among-bengalurus-techies/articleshow/49812437.cms
2015-11-18,government extends currency swap facility for saarc members,https://economictimes.indiatimes.comhttps://economictimes.indiatimes.com/news/economy/policy/government-extends-currency-swap-facility-for-saarc-members/articleshow/49832141.cms
2015-11-28,forex reserves down by 149 7 million to 352 365 billion,https://economictimes.indiatimes.comhttps://economictimes.indiatimes.com/news/economy/finance/forex-reserves-down-by-149-7-million-to-352-365-billion/articleshow/49950157.cms
2016-01-03,160 million currency notes of re 1 issued in last two years rti,https://economictimes.indiatimes.comhttps://economictimes.indiatimes.com/industry/banking/finance/160-million-currency-notes-of-re-1-issued-in-last-two-years-rti/articleshow/50426314.cms
2016-01-06,pakistan may follow india in having currency swap pact with sri lanka,https://economictimes.indiatimes.comhttps://economictimes.indiatimes.com/news/international/business/pakistan-may-follow-india-in-having-currency-swap-pact-with-sri-lanka/articleshow/50469868.cms
2016-01-06,are we in a phase where currency wars are normal,https://economictimes.indiatimes.comhttps://economictimes.indiatimes.com/news/economy/finance/are-we-in-a-phase-where-currency-wars-are-normal/articleshow/50461387.cms
2016-01-06,rbi entry in currency futures may hit rupee moves,https://economictimes.indiatimes.comhttps://economictimes.indiatimes.com/markets/forex/rbi-entry-in-currency-futures-may-hit-rupee-moves/articleshow/50461263.cms
2016-01-07,rbi allows banking units in gift city to open foreign currency accounts,https://economictimes.indiatimes.comhttps://economictimes.indiatimes.com/news/economy/finance/rbi-allows-banking-units-in-gift-city-to-open-foreign-currency-accounts/articleshow/50486796.cms
2016-01-07,global market selling may intensify if currency war extends further harsha upadhyaya,https://economictimes.indiatimes.comhttps://economictimes.indiatimes.com/opinion/interviews/global-market-selling-may-intensify-if-currency-war-extends-further-harsha-upadhyaya/articleshow/50484302.cms
2016-01-07,strong fundamentals will keep rupee afloat amid any global currency rout k harihar firstrand bank,https://economictimes.indiatimes.comhttps://economictimes.indiatimes.com/opinion/interviews/strong-fundamentals-will-keep-rupee-afloat-amid-any-global-currency-rout-k-harihar-firstrand-bank/articleshow/50480485.cms
2016-01-07,current status of digital currency of bitcoins,https://economictimes.indiatimes.comhttps://economictimes.indiatimes.com/markets/forex/current-status-of-digital-currency-of-bitcoins/articleshow/50475481.cms
2016-01-09,forex reserves fall 1 68 billion to 350 3 billion,https://economictimes.indiatimes.comhttps://economictimes.indiatimes.com/markets/forex/forex-reserves-fall-1-68-billion-to-350-3-billion/articleshow/50505700.cms
2016-01-09,exports face currency commodity risks nirmala sitharaman,https://economictimes.indiatimes.comhttps://economictimes.indiatimes.com/news/economy/finance/exports-face-currency-commodity-risks-nirmala-sitharaman/articleshow/50505477.cms
2016-01-12,china lets rbi participate in inter bank forex market,https://economictimes.indiatimes.comhttps://economictimes.indiatimes.com/news/economy/finance/china-lets-rbi-participate-in-inter-bank-forex-market/articleshow/50552202.cms
2016-01-15,indian exports to suffer despite currency depreciation indranil pan idfc,https://economictimes.indiatimes.comhttps://economictimes.indiatimes.com/opinion/interviews/indian-exports-to-suffer-despite-currency-depreciation-indranil-pan-idfc/articleshow/50590201.cms
2016-01-15,lawsuit seeks removal of in god we trust from us currency,https://economictimes.indiatimes.comhttps://economictimes.indiatimes.com/news/international/world-news/lawsuit-seeks-removal-of-in-god-we-trust-from-us-currency/articleshow/50590882.cms
2016-01-15,china stocks retreat on weak loan data hong kong down on weaker currency,https://economictimes.indiatimes.comhttps://economictimes.indiatimes.com/markets/stocks/news/china-stocks-retreat-on-weak-loan-data-hong-kong-down-on-weaker-currency/articleshow/50586160.cms
2016-01-16,indias forex reserves fall below 350 billion mark after 15 weeks,https://economictimes.indiatimes.comhttps://economictimes.indiatimes.com/news/economy/finance/indias-forex-reserves-fall-below-350-billion-mark-after-15-weeks/articleshow/50593603.cms
2016-01-18,expect boost for global currency war resurgent yen and euro may force policy makers to step in,https://economictimes.indiatimes.comhttps://economictimes.indiatimes.com/markets/forex/expect-boost-for-global-currency-war-resurgent-yen-and-euro-may-force-policy-makers-to-step-in/articleshow/50618864.cms
2016-01-20,currency speculators gaining from arbitrage bets between offshore onshore markets,https://economictimes.indiatimes.comhttps://economictimes.indiatimes.com/markets/forex/currency-speculators-gaining-from-arbitrage-bets-between-offshore-onshore-markets/articleshow/50657155.cms
2016-01-20,no end in sight to this mayhem forex market could be in for serious trouble mythili bhusnurmath,https://economictimes.indiatimes.comhttps://economictimes.indiatimes.com/opinion/interviews/no-end-in-sight-to-this-mayhem-forex-market-could-be-in-for-serious-trouble-mythili-bhusnurmath/articleshow/50652531.cms
2016-01-20,china attacks yuan bears on all fronts force banks to hold more currency,https://economictimes.indiatimes.comhttps://economictimes.indiatimes.com/markets/forex/china-attacks-yuan-bears-on-all-fronts-force-banks-to-hold-more-currency/articleshow/50646645.cms
2016-01-26,equity savings funds gain currency in choppy markets,https://economictimes.indiatimes.comhttps://economictimes.indiatimes.com/markets/stocks/news/equity-savings-funds-gain-currency-in-choppy-markets/articleshow/50724278.cms
2016-01-26,only investment in west bengal is chit fund fake currency notes bjp president amit shah,https://economictimes.indiatimes.comhttps://economictimes.indiatimes.com/news/politics-and-nation/only-investment-in-west-bengal-is-chit-fund-fake-currency-notes-bjp-president-amit-shah/articleshow/50725037.cms
2016-01-27,dollars gain is companies pain as currency woes extend to 2016,https://economictimes.indiatimes.comhttps://economictimes.indiatimes.com/markets/forex/dollars-gain-is-companies-pain-as-currency-woes-extend-to-2016/articleshow/50735427.cms
2016-01-29,indian it industry expected to grow within predicted range of 12 14 for fy16 in constant currency terms,https://economictimes.indiatimes.comhttps://economictimes.indiatimes.com/tech/ites/indian-it-industry-expected-to-grow-within-predicted-range-of-12-14-for-fy16-in-constant-currency-terms/articleshow/50764484.cms
2016-01-31,bank of baroda forex scam rbi tells all banks to conduct internal audit,https://economictimes.indiatimes.comhttps://economictimes.indiatimes.com/industry/banking/finance/bank-of-baroda-forex-scam-rbi-tells-all-banks-to-conduct-internal-audit/articleshow/50792972.cms
2016-02-02,fake currency pil bombay hc removes pm fm and hm as respondents,https://economictimes.indiatimes.comhttps://economictimes.indiatimes.com/news/politics-and-nation/fake-currency-pil-bombay-hc-removes-pm-fm-and-hm-as-respondents/articleshow/50823315.cms
2016-02-02,fake currency pil high court removes prime minister finance minister and home minister as respondents,https://economictimes.indiatimes.comhttps://economictimes.indiatimes.com/news/politics-and-nation/fake-currency-pil-high-court-removes-prime-minister-finance-minister-and-home-minister-as-respondents/articleshow/50821953.cms
2016-02-03,too worried about volatility in rupee currency futures may be your answer,https://economictimes.indiatimes.comhttps://economictimes.indiatimes.com/markets/stocks/news/too-worried-about-volatility-in-rupee-currency-futures-may-be-your-answer/articleshow/50835072.cms
2016-02-04,indigenous coking coal will cut import cushion forex reserves assocham,https://economictimes.indiatimes.comhttps://economictimes.indiatimes.com/news/economy/foreign-trade/indigenous-coking-coal-will-cut-import-cushion-forex-reserves-assocham/articleshow/50850294.cms
2016-02-06,dollar inflow raises forex reserves by 1 6 billion,https://economictimes.indiatimes.comhttps://economictimes.indiatimes.com/news/economy/finance/dollar-inflow-raises-forex-reserves-by-1-6-billion/articleshow/50873649.cms
2016-02-08,companies with foreign currency loans like power fin corp indian railways rush for cover amid volatile market,https://economictimes.indiatimes.comhttps://economictimes.indiatimes.com/markets/stocks/news/companies-with-foreign-currency-loans-like-power-fin-corp-indian-railways-rush-for-cover-amid-volatile-market/articleshow/50894299.cms
2016-02-10,flyers who frequently bring foreign currency put under ceib scanner,https://economictimes.indiatimes.comhttps://economictimes.indiatimes.com/news/politics-and-nation/flyers-who-frequently-bring-foreign-currency-put-under-ceib-scanner/articleshow/50931429.cms
2016-02-12,rbi uaes central bank sign pact for currency swap,https://economictimes.indiatimes.comhttps://economictimes.indiatimes.com/news/economy/finance/rbi-uaes-central-bank-sign-pact-for-currency-swap/articleshow/50962872.cms
2016-02-12,companies opt for complex strategy as covering forex risk through forward deals becomes expensive,https://economictimes.indiatimes.comhttps://economictimes.indiatimes.com/markets/forex/companies-opt-for-complex-strategy-as-covering-forex-risk-through-forward-deals-becomes-expensive/articleshow/50953853.cms
2016-02-13,bsf seizes fake currency notes worth over rs 37 lakh in last one and half months,https://economictimes.indiatimes.comhttps://economictimes.indiatimes.com/news/politics-and-nation/bsf-seizes-fake-currency-notes-worth-over-rs-37-lakh-in-last-one-and-half-months/articleshow/50974575.cms
2016-02-14,black money unaccounted forex is invested in p notes says devi dayal,https://economictimes.indiatimes.comhttps://economictimes.indiatimes.com/news/politics-and-nation/black-money-unaccounted-forex-is-invested-in-p-notes-says-devi-dayal/articleshow/50976859.cms
2016-02-16,biggest intra day gain in 13 months after china allays currency fears,https://economictimes.indiatimes.comhttps://economictimes.indiatimes.com/markets/stocks/news/biggest-intra-day-gain-in-13-months-after-china-allays-currency-fears/articleshow/51001968.cms
2016-02-19,reserve bank of india sebi to extend currency futures trading time,https://economictimes.indiatimes.comhttps://economictimes.indiatimes.com/markets/forex/reserve-bank-of-india-sebi-to-extend-currency-futures-trading-time/articleshow/51047939.cms
2016-02-20,indias forex reserves rise 4 6 billion in last four weeks,https://economictimes.indiatimes.comhttps://economictimes.indiatimes.com/news/economy/finance/indias-forex-reserves-rise-4-6-billion-in-last-four-weeks/articleshow/51058556.cms
2016-02-26,forex reserves fall 1 46 bn first weekly decline in five,https://economictimes.indiatimes.comhttps://economictimes.indiatimes.com/news/economy/finance/forex-reserves-fall-1-46-bn-first-weekly-decline-in-five/articleshow/51157630.cms
2016-02-27,no drastic devaluation of currency china assures g20 finance ministers,https://economictimes.indiatimes.comhttps://economictimes.indiatimes.com/news/international/business/no-drastic-devaluation-of-currency-china-assures-g20-finance-ministers/articleshow/51165029.cms
2016-03-02,fitch affirms rcom long term foreign local currency ratings at bb,https://economictimes.indiatimes.comhttps://economictimes.indiatimes.com/industry/telecom/fitch-affirms-rcom-long-term-foreign-local-currency-ratings-at-bb-/articleshow/51226812.cms
2016-03-02,rupee gets a high post budget three factors driving up the local currency,https://economictimes.indiatimes.comhttps://economictimes.indiatimes.com/markets/forex/rupee-gets-a-high-post-budget-three-factors-driving-up-the-local-currency/articleshow/51221565.cms
2016-03-04,rbi forex reserves down by 3 5 bn,https://economictimes.indiatimes.comhttps://economictimes.indiatimes.com/industry/banking/finance/rbi-forex-reserves-down-by-3-5-bn/articleshow/51258968.cms
2016-03-05,forex reserves down 3 6 billion at 346 8 b,https://economictimes.indiatimes.comhttps://economictimes.indiatimes.com/markets/forex/forex-reserves-down-3-6-billion-at-346-8-b/articleshow/51265689.cms
2016-03-12,growth target can be met without currency devaluation china,https://economictimes.indiatimes.comhttps://economictimes.indiatimes.com/news/international/business/growth-target-can-be-met-without-currency-devaluation-china/articleshow/51370386.cms
2016-03-13,bse to levy uniform transaction fee on currency derivatives,https://economictimes.indiatimes.comhttps://economictimes.indiatimes.com/markets/stocks/news/bse-to-levy-uniform-transaction-fee-on-currency-derivatives/articleshow/51380124.cms
2016-03-14,more stability on currency front needed deven choksey kr choksey investment managers,https://economictimes.indiatimes.comhttps://economictimes.indiatimes.com/markets/expert-view/more-stability-on-currency-front-needed-deven-choksey-kr-choksey-investment-managers/articleshow/51389537.cms
2016-03-15,sfio probes 11 companies for suspicious forex transactions,https://economictimes.indiatimes.comhttps://economictimes.indiatimes.com/news/politics-and-nation/sfio-probes-11-companies-for-suspicious-forex-transactions/articleshow/51409937.cms
2016-03-16,forex volatility in key markets takes a toll on bajaj auto,https://economictimes.indiatimes.comhttps://economictimes.indiatimes.com/markets/stocks/news/forex-volatility-in-key-markets-takes-a-toll-on-bajaj-auto/articleshow/51418291.cms
2016-03-16,china drafting rules for new tax on forex deals,https://economictimes.indiatimes.comhttps://economictimes.indiatimes.com/news/international/business/china-drafting-rules-for-new-tax-on-forex-deals/articleshow/51418477.cms
2016-03-17,rbi issues guidelines to trade in currency futures,https://economictimes.indiatimes.comhttps://economictimes.indiatimes.com/news/economy/policy/rbi-issues-guidelines-to-trade-in-currency-futures/articleshow/51446574.cms
2016-03-17,sri lankas reserves get boost after forex swap from india,https://economictimes.indiatimes.comhttps://economictimes.indiatimes.com/news/economy/foreign-trade/sri-lankas-reserves-get-boost-after-forex-swap-from-india/articleshow/51441688.cms
2016-03-18,forex reserves jump 2 54 billion to 353 40 billion,https://economictimes.indiatimes.comhttps://economictimes.indiatimes.com/news/economy/finance/forex-reserves-jump-2-54-billion-to-353-40-billion/articleshow/51460468.cms
2016-03-19,currency math makes the deal less sweet on the sugar counter,https://economictimes.indiatimes.comhttps://economictimes.indiatimes.com/markets/commodities/views/currency-math-makes-the-deal-less-sweet-on-the-sugar-counter/articleshow/51468665.cms
2016-03-22,imf denies pressing china for more currency data,https://economictimes.indiatimes.comhttps://economictimes.indiatimes.com/news/international/business/imf-denies-pressing-china-for-more-currency-data/articleshow/51514043.cms
2016-03-25,indias forex reserves reach all time high,https://economictimes.indiatimes.comhttps://economictimes.indiatimes.com/news/economy/finance/indias-forex-reserves-reach-all-time-high/articleshow/51551032.cms
2016-03-30,science graduates trump engineers as data analytics gains currency,https://economictimes.indiatimes.comhttps://economictimes.indiatimes.com/jobs/science-graduates-trump-engineers-as-data-analytics-gains-currency/articleshow/51608400.cms
2016-04-03,weather concerns upbeat us export data currency math weigh on cotton,https://economictimes.indiatimes.comhttps://economictimes.indiatimes.com/markets/commodities/views/weather-concerns-upbeat-us-export-data-currency-math-weigh-on-cotton/articleshow/51668377.cms
2016-04-05,inflation could rise on bad monsoon currency decline moodys,https://economictimes.indiatimes.comhttps://economictimes.indiatimes.com/news/economy/indicators/inflation-could-rise-on-bad-monsoon-currency-decline-moodys/articleshow/51695848.cms
2016-04-05,higher currency in circulation could signal growth revival credit suisse,https://economictimes.indiatimes.comhttps://economictimes.indiatimes.com/markets/forex/higher-currency-in-circulation-could-signal-growth-revival-credit-suisse/articleshow/51690672.cms
2016-04-06,emerging markets rally has legs thanks to currency war truce,https://economictimes.indiatimes.comhttps://economictimes.indiatimes.com/markets/stocks/news/emerging-markets-rally-has-legs-thanks-to-currency-war-truce/articleshow/51706340.cms
2016-04-09,automakers like maruti suzuki tata motors face a rough ride as volatility reins in currency markets,https://economictimes.indiatimes.comhttps://economictimes.indiatimes.com/markets/stocks/earnings/automakers-like-maruti-suzuki-tata-motors-face-a-rough-ride-as-volatility-reins-in-currency-markets/articleshow/51749896.cms
2016-04-09,forex reserves reach record high of 360 billion,https://economictimes.indiatimes.comhttps://economictimes.indiatimes.com/markets/forex/forex-reserves-reach-record-high-of-360-billion/articleshow/51745902.cms
2016-04-10,currency derivative trade rises 36 to rs 76 lakh crrore in fy16,https://economictimes.indiatimes.comhttps://economictimes.indiatimes.com/markets/forex/currency-derivative-trade-rises-36-to-rs-76-lakh-crrore-in-fy16/articleshow/51763368.cms
2016-04-11,holiday in europe or mba in us just get the best forex deal,https://economictimes.indiatimes.comhttps://economictimes.indiatimes.com/wealth/spend/holiday-in-europe-or-mba-in-us-just-get-the-best-forex-deal/articleshow/51776197.cms
2016-04-13,rbi cautions against forex volatility due to fcnr b maturity,https://economictimes.indiatimes.comhttps://economictimes.indiatimes.com/markets/forex/rbi-cautions-against-forex-volatility-due-to-fcnr-b-maturity/articleshow/51814590.cms
2016-04-14,masala bonds a step to make rupee global currency care ratings,https://economictimes.indiatimes.comhttps://economictimes.indiatimes.com/markets/bonds/masala-bonds-a-step-to-make-rupee-global-currency-care-ratings/articleshow/51829256.cms
2016-04-15,life time peak forex reserves at record high just under 360 billion,https://economictimes.indiatimes.comhttps://economictimes.indiatimes.com/markets/forex/life-time-peak-forex-reserves-at-record-high-just-under-360-billion/articleshow/51843432.cms
2016-04-17,hawala money and fake currency spotted election commissioner om prakash rawat,https://economictimes.indiatimes.comhttps://economictimes.indiatimes.com/opinion/interviews/hawala-money-and-fake-currency-spotted-election-commissioner-om-prakash-rawat/articleshow/51859033.cms
2016-04-17,no basis for further depreciation of currency china,https://economictimes.indiatimes.comhttps://economictimes.indiatimes.com/news/international/business/no-basis-for-further-depreciation-of-currency-china/articleshow/51860394.cms
2016-04-19,ed raids sequoia capitals bengaluru office over alleged forex violation,https://economictimes.indiatimes.comhttps://economictimes.indiatimes.com/news/politics-and-nation/ed-raids-sequoia-capitals-bengaluru-office-over-alleged-forex-violation/articleshow/51889621.cms
2016-04-22,forex reserves at record high of 360 25 billion,https://economictimes.indiatimes.comhttps://economictimes.indiatimes.com/news/economy/finance/forex-reserves-at-record-high-of-360-25-billion/articleshow/51944547.cms
2016-04-22,the contrast between the us and india on whose picture adorns currency notes,https://economictimes.indiatimes.comhttps://economictimes.indiatimes.com/magazines/panache/the-contrast-between-the-us-and-india-on-whose-picture-adorns-currency-notes/articleshow/51934940.cms
2016-04-29,indias forex reserves continues to rise,https://economictimes.indiatimes.comhttps://economictimes.indiatimes.com/markets/forex/indias-forex-reserves-continues-to-rise/articleshow/52044468.cms
2016-05-03,rupee second most traded currency in dubai after yuan,https://economictimes.indiatimes.comhttps://economictimes.indiatimes.com/markets/forex/rupee-second-most-traded-currency-in-dubai-after-yuan/articleshow/52095628.cms
2016-05-04,rupee rally runs out of steam currency may test 68 level soon,https://economictimes.indiatimes.comhttps://economictimes.indiatimes.com/markets/forex/rupee-rally-runs-out-of-steam-currency-may-test-68-level-soon/articleshow/52108527.cms
2016-05-04,axis bank bullish on pre paid forex cards controls 45 of market,https://economictimes.indiatimes.comhttps://economictimes.indiatimes.com/industry/banking/finance/banking/axis-bank-bullish-on-pre-paid-forex-cards-controls-45-of-market/articleshow/52099927.cms
2016-05-06,i learnt value of processes and planning nitin motwani cto and founder bookmyforex com,https://economictimes.indiatimes.comhttps://economictimes.indiatimes.com/jobs/i-learnt-value-of-processes-and-planning-nitin-motwani-cto-and-founder-bookmyforex-com/articleshow/52138101.cms
2016-05-07,china april forex reserves rise to 3 22 trillion,https://economictimes.indiatimes.comhttps://economictimes.indiatimes.com/news/international/business/china-april-forex-reserves-rise-to-3-22-trillion/articleshow/52161677.cms
2016-05-09,macro data global factors to drive debtcurrency mkts ind ra,https://economictimes.indiatimes.comhttps://economictimes.indiatimes.com/news/economy/indicators/macro-data-global-factors-to-drive-debtcurrency-mkts-ind-ra/articleshow/52195297.cms
2016-05-10,rbi buys 10 2 billion in fy16 from the spot currency markets,https://economictimes.indiatimes.comhttps://economictimes.indiatimes.com/news/economy/finance/rbi-buys-10-2-billion-in-fy16-from-the-spot-currency-markets/articleshow/52210544.cms
2016-05-15,pmk nominee showers currency notes on election official,https://economictimes.indiatimes.comhttps://economictimes.indiatimes.com/news/politics-and-nation/pmk-nominee-showers-currency-notes-on-election-official/articleshow/52279961.cms
2016-05-16,borrowers want azad hind bank currency or similar variants to be used as legal tender,https://economictimes.indiatimes.comhttps://economictimes.indiatimes.com/news/economy/policy/borrowers-want-azad-hind-bank-currency-or-similar-variants-to-be-used-as-legal-tender/articleshow/52285737.cms
2016-05-17,bse looks to prevent trade reversals in currency derivatives,https://economictimes.indiatimes.comhttps://economictimes.indiatimes.com/markets/stocks/news/bse-looks-to-prevent-trade-reversals-in-currency-derivatives/articleshow/52307051.cms
2016-05-18,rs 570 crore seized part of regular currency management rbi tells hc,https://economictimes.indiatimes.comhttps://economictimes.indiatimes.com/news/politics-and-nation/rs-570-crore-seized-part-of-regular-currency-management-rbi-tells-hc/articleshow/52329717.cms
2016-05-23,irresistible force that dominates currency markets is back,https://economictimes.indiatimes.comhttps://economictimes.indiatimes.com/markets/forex/irresistible-force-that-dominates-currency-markets-is-back/articleshow/52393096.cms
2016-05-23,importers rush for cover as currency volatility spikes,https://economictimes.indiatimes.comhttps://economictimes.indiatimes.com/markets/forex/importers-rush-for-cover-as-currency-volatility-spikes/articleshow/52392662.cms
2016-05-23,spare a thought for the rupee here is whats making waves in currency market,https://economictimes.indiatimes.comhttps://economictimes.indiatimes.com/markets/forex/spare-a-thought-for-the-rupee-here-is-whats-making-waves-in-currency-market/articleshow/52397403.cms
2016-05-24,g 7 leaves japan yened will it in turn make global currency market riskier,https://economictimes.indiatimes.comhttps://economictimes.indiatimes.com/markets/stocks/news/g-7-leaves-japan-yened-will-it-in-turn-make-global-currency-market-riskier/articleshow/52410329.cms
2016-05-27,yen edges up after g7 vows against forex market intervention,https://economictimes.indiatimes.comhttps://economictimes.indiatimes.com/markets/forex/yen-edges-up-after-g7-vows-against-forex-market-intervention/articleshow/52463834.cms
2016-05-27,rbi governor raghuram rajan worried about currency market volatility,https://economictimes.indiatimes.comhttps://economictimes.indiatimes.com/news/economy/policy/rbi-governor-raghuram-rajan-worried-about-currency-market-volatility/articleshow/52449497.cms
2016-05-30,what fresh swings in the forex market really mean,https://economictimes.indiatimes.comhttps://economictimes.indiatimes.com/markets/forex/what-fresh-swings-in-the-forex-market-really-mean/articleshow/52500866.cms
2016-05-30,forex reserves grow just 18 billion to 360 billion in fy16,https://economictimes.indiatimes.comhttps://economictimes.indiatimes.com/news/economy/finance/forex-reserves-grow-just-18-billion-to-360-billion-in-fy16/articleshow/52496267.cms
2016-05-31,worried about chinese policy and currency action pankaj tibrewal kotak mutual fund,https://economictimes.indiatimes.comhttps://economictimes.indiatimes.com/markets/expert-view/worried-about-chinese-policy-and-currency-action-pankaj-tibrewal-kotak-mutual-fund/articleshow/52504015.cms
2016-06-03,25 billion fcnr b deposit redemptions to lead to wild rupee forex swings,https://economictimes.indiatimes.comhttps://economictimes.indiatimes.com/markets/forex/25-billion-fcnr-b-deposit-redemptions-to-lead-to-wild-rupee-forex-swings/articleshow/52575951.cms
2016-06-03,forex reserves continue to slide fall to 360 2 billion,https://economictimes.indiatimes.comhttps://economictimes.indiatimes.com/news/economy/finance/forex-reserves-continue-to-slide-fall-to-360-2-billion/articleshow/52573613.cms
2016-06-07,currency traders beware rbi policy puts unhedged positions in trouble,https://economictimes.indiatimes.comhttps://economictimes.indiatimes.com/markets/forex/currency-traders-beware-rbi-policy-puts-unhedged-positions-in-trouble/articleshow/52634260.cms
2016-06-07,will rbi policy move currency and bond markets,https://economictimes.indiatimes.comhttps://economictimes.indiatimes.com/markets/bonds/will-rbi-policy-move-currency-and-bond-markets/articleshow/52629778.cms
2016-06-07,bonds and currency steady as rbi keeps rates unchanged,https://economictimes.indiatimes.comhttps://economictimes.indiatimes.com/markets/bonds/bonds-and-currency-steady-as-rbi-keeps-rates-unchanged/articleshow/52632789.cms
2016-06-08,unhedged positions in currency market could mean trouble ahead,https://economictimes.indiatimes.comhttps://economictimes.indiatimes.com/markets/forex/unhedged-positions-in-currency-market-could-mean-trouble-ahead/articleshow/52646379.cms
2016-06-10,forex reserves with rbi reaches a record high of 363 bn,https://economictimes.indiatimes.comhttps://economictimes.indiatimes.com/industry/banking/finance/forex-reserves-with-rbi-reaches-a-record-high-of-363-bn/articleshow/52691316.cms
2016-06-10,most investors use it stocks as a natural hedge against the currency vikas khemani edelweiss securities,https://economictimes.indiatimes.comhttps://economictimes.indiatimes.com/markets/expert-view/most-investors-use-it-stocks-as-a-natural-hedge-against-the-currency-vikas-khemani-edelweiss-securities/articleshow/52685487.cms
2016-06-11,rbi building forex chest to defuse fcnr time bomb,https://economictimes.indiatimes.comhttps://economictimes.indiatimes.com/news/economy/finance/rbi-building-forex-chest-to-defuse-fcnr-time-bomb/articleshow/52697153.cms
2016-06-14,sbi and mastercard partners with centrum for distribution of its prepaid forex card,https://economictimes.indiatimes.comhttps://economictimes.indiatimes.com/industry/banking/finance/banking/sbi-and-mastercard-partners-with-centrum-for-distribution-of-its-prepaid-forex-card/articleshow/52748959.cms
2016-06-15,chinas yuan hits 5 year low as brexit fears roil global currency markets,https://economictimes.indiatimes.comhttps://economictimes.indiatimes.com/markets/forex/chinas-yuan-hits-5-year-low-as-brexit-fears-roil-global-currency-markets/articleshow/52758452.cms
2016-06-17,forex reserves down by 231 million to 363 23 billion,https://economictimes.indiatimes.comhttps://economictimes.indiatimes.com/news/economy/finance/forex-reserves-down-by-231-million-to-363-23-billion/articleshow/52798486.cms
2016-06-18,currency market on alert for yen intervention amid brexit strife,https://economictimes.indiatimes.comhttps://economictimes.indiatimes.com/markets/forex/currency-market-on-alert-for-yen-intervention-amid-brexit-strife/articleshow/52808946.cms
2016-06-20,rexit spooks rupee domestic currency tanks 60 paise to 67 68 against dollar recovers,https://economictimes.indiatimes.comhttps://economictimes.indiatimes.com/markets/forex/rexit-spooks-rupee-domestic-currency-tanks-60-paise-to-67-68-against-dollar-recovers/articleshow/52827031.cms
2016-06-22,chinas global currency is going local now,https://economictimes.indiatimes.comhttps://economictimes.indiatimes.com/markets/forex/chinas-global-currency-is-going-local-now/articleshow/52860369.cms
2016-06-23,rbi allows start ups to open currency account abroad,https://economictimes.indiatimes.comhttps://economictimes.indiatimes.com/industry/banking/finance/rbi-allows-start-ups-to-open-currency-account-abroad/articleshow/52889733.cms
2016-06-24,forex reserves touch a life time high of 363 8 billion,https://economictimes.indiatimes.comhttps://economictimes.indiatimes.com/news/economy/finance/forex-reserves-touch-a-life-time-high-of-363-8-billion/articleshow/52903067.cms
2016-06-24,brexit tcs hcl tech mahindra brace up for currency fluctuation cut in spending,https://economictimes.indiatimes.comhttps://economictimes.indiatimes.com/tech/ites/brexit-tcs-hcl-tech-mahindra-brace-up-for-currency-fluctuation-cut-in-spending/articleshow/52895856.cms
2016-06-24,startups with overseas unit can now open currency account abroad,https://economictimes.indiatimes.comhttps://economictimes.indiatimes.com/small-biz/policy-trends/startups-with-overseas-unit-can-now-open-currency-account-abroad/articleshow/52896248.cms
2016-06-24,brexit currency traders spend sleepless night before vote,https://economictimes.indiatimes.comhttps://economictimes.indiatimes.com/industry/banking/finance/banking/brexit-currency-traders-spend-sleepless-night-before-vote/articleshow/52888286.cms
2016-06-24,brexit fear haunts rupee currency tanks 97 paise to 68 22,https://economictimes.indiatimes.comhttps://economictimes.indiatimes.com/markets/forex/brexit-fear-haunts-rupee-currency-tanks-97-paise-to-68-22/articleshow/52894732.cms
2016-06-26,indias forex reserves adequate to tackle brexit impact rbi,https://economictimes.indiatimes.comhttps://economictimes.indiatimes.com/markets/forex/indias-forex-reserves-adequate-to-tackle-brexit-impact-rbi/articleshow/52918075.cms
2016-06-27,in the short term we need to watch currency manish gunwani deputy cio equity icici pru amc,https://economictimes.indiatimes.comhttps://economictimes.indiatimes.com/markets/expert-view/in-the-short-term-we-need-to-watch-currency-manish-gunwani-deputy-cio-equity-icici-pru-amc/articleshow/52937551.cms
2016-06-27,britains exit from eu has fired up currency play in rupee dollar offshore market,https://economictimes.indiatimes.comhttps://economictimes.indiatimes.com/markets/forex/britains-exit-from-eu-has-fired-up-currency-play-in-rupee-dollar-offshore-market/articleshow/52930985.cms
2016-06-27,dalal street may absorb brexit shock but volatility expected in currency and bonds,https://economictimes.indiatimes.comhttps://economictimes.indiatimes.com/markets/stocks/news/dalal-street-may-absorb-brexit-shock-but-volatility-expected-in-currency-and-bonds/articleshow/52930258.cms
2016-06-29,et in the classroom currency market volatility may stay,https://economictimes.indiatimes.comhttps://economictimes.indiatimes.com/markets/stocks/news/et-in-the-classroom-currency-market-volatility-may-stay/articleshow/52964847.cms
2016-07-02,with 485 billion external debt can india weather currency storm,https://economictimes.indiatimes.comhttps://economictimes.indiatimes.com/markets/stocks/news/with-485-billion-external-debt-can-india-weather-currency-storm/articleshow/53017673.cms
2016-07-04,is rupee dollar gaining currency in dubai singapore,https://economictimes.indiatimes.comhttps://economictimes.indiatimes.com/markets/forex/is-rupee-dollar-gaining-currency-in-dubai-singapore/articleshow/53040142.cms
2016-07-05,india to seek us help to stop fake indian currency notes from pakistan,https://economictimes.indiatimes.comhttps://economictimes.indiatimes.com/news/politics-and-nation/india-to-seek-us-help-to-stop-fake-indian-currency-notes-from-pakistan/articleshow/53052865.cms
2016-07-08,forex reserves up 2 37 billion to 363 17 billion,https://economictimes.indiatimes.comhttps://economictimes.indiatimes.com/news/economy/finance/forex-reserves-up-2-37-billion-to-363-17-billion/articleshow/53117884.cms
2016-07-11,meet vishal agrawal a blind currency trader who makes money by listening,https://economictimes.indiatimes.comhttps://economictimes.indiatimes.com/markets/forex/meet-vishal-agrawal-a-blind-currency-trader-who-makes-money-by-listening/articleshow/53146514.cms
2016-07-15,forex reserves down by 1 228 bn to 361 943 bn,https://economictimes.indiatimes.comhttps://economictimes.indiatimes.com/news/economy/finance/forex-reserves-down-by-1-228-bn-to-361-943-bn/articleshow/53228610.cms
2016-07-18,after idbi case enforcement directorate probing rs 900 crore forex violations by vijay mallya,https://economictimes.indiatimes.comhttps://economictimes.indiatimes.com/news/politics-and-nation/after-idbi-case-enforcement-directorate-probing-rs-900-crore-forex-violations-by-vijay-mallya/articleshow/53256476.cms
2016-07-19,currency wise brexit was the best thing for emerging markets k harihar first rand bank,https://economictimes.indiatimes.comhttps://economictimes.indiatimes.com/markets/expert-view/currency-wise-brexit-was-the-best-thing-for-emerging-markets-k-harihar-first-rand-bank/articleshow/53281706.cms
2016-07-21,us charges two hsbc executives in 3 5 billion forex related scheme,https://economictimes.indiatimes.comhttps://economictimes.indiatimes.com/news/international/business/us-charges-two-hsbc-executives-in-3-5-billion-forex-related-scheme/articleshow/53310876.cms
2016-07-22,forex reserves up 1 40 bn to 363 35 bn,https://economictimes.indiatimes.comhttps://economictimes.indiatimes.com/news/economy/finance/forex-reserves-up-1-40-bn-to-363-35-bn/articleshow/53342696.cms
2016-07-22,india link emerges in 3 5 billion forex trading fraud at hsbc,https://economictimes.indiatimes.comhttps://economictimes.indiatimes.com/news/international/business/india-link-emerges-in-3-5-billion-forex-trading-fraud-at-hsbc/articleshow/53330743.cms
2016-07-30,docomo says tatas not keen to pay 1 17 billion tata sons says co has to abide by forex laws,https://economictimes.indiatimes.comhttps://economictimes.indiatimes.com/news/company/corporate-trends/docomo-says-tatas-not-keen-to-pay-1-17-billion-tata-sons-says-co-has-to-abide-by-forex-laws/articleshow/53452793.cms
2016-08-02,no plans to change gandhis picture on currency notes government,https://economictimes.indiatimes.comhttps://economictimes.indiatimes.com/news/economy/policy/no-plans-to-change-gandhis-picture-on-currency-notes-government/articleshow/53504592.cms
2016-08-02,china cheating us with currency manipulation donald trump,https://economictimes.indiatimes.comhttps://economictimes.indiatimes.com/news/international/business/china-cheating-us-with-currency-manipulation-donald-trump/articleshow/53499531.cms
2016-08-02,central bankers float new currency system safety net at confab,https://economictimes.indiatimes.comhttps://economictimes.indiatimes.com/markets/stocks/news/central-bankers-float-new-currency-system-safety-net-at-confab/articleshow/53497864.cms
2016-08-04,hcl expects revenue to grow 12 14 in constant currency in the current financial year,https://economictimes.indiatimes.comhttps://economictimes.indiatimes.com/tech/ites/hcl-expects-revenue-to-grow-12-14-in-constant-currency-in-the-current-financial-year/articleshow/53533890.cms
2016-08-05,forex reserves now at 365 4 bn up by almost 3 bn,https://economictimes.indiatimes.comhttps://economictimes.indiatimes.com/markets/forex/forex-reserves-now-at-365-4-bn-up-by-almost-3-bn/articleshow/53559134.cms
2016-08-12,forex reserves at record high of 365 74 billion,https://economictimes.indiatimes.comhttps://economictimes.indiatimes.com/markets/forex/forex-reserves-at-record-high-of-365-74-billion/articleshow/53672836.cms
2016-08-19,forex reserve at record high of 365 82 billion,https://economictimes.indiatimes.comhttps://economictimes.indiatimes.com/news/economy/finance/forex-reserve-at-record-high-of-365-82-billion/articleshow/53772445.cms
2016-08-19,what is forex trading,https://economictimes.indiatimes.comhttps://economictimes.indiatimes.com/markets/forex/-what-is-forex-trading/articleshow/53539014.cms
2016-08-20,challenge before urjit patel to ensure undisruptive forex withdrawal,https://economictimes.indiatimes.comhttps://economictimes.indiatimes.com/news/economy/policy/challenge-before-urjit-patel-to-ensure-undisruptive-forex-withdrawal/articleshow/53788830.cms
2016-08-23,tata power q1 numbers below estimate profit sinks 76 on one time expense forex losses,https://economictimes.indiatimes.comhttps://economictimes.indiatimes.com/markets/stocks/news/tata-power-q1-numbers-below-estimate-profit-sinks-76-on-one-time-expense-forex-losses/articleshow/53824199.cms
2016-08-24,how wise are currency pegs,https://economictimes.indiatimes.comhttps://economictimes.indiatimes.com/markets/forex/how-wise-are-currency-pegs/articleshow/53839026.cms
2016-08-25,china worst abuser currency manipulator donald trump,https://economictimes.indiatimes.comhttps://economictimes.indiatimes.com/news/international/world-news/china-worst-abuser-currency-manipulator-donald-trump/articleshow/53856940.cms
2016-08-25,it may be rupees turn to vault on to currency podium,https://economictimes.indiatimes.comhttps://economictimes.indiatimes.com/markets/stocks/news/it-may-be-rupees-turn-to-vault-on-to-currency-podium/articleshow/53852918.cms
2016-08-29,masala bonds gain currency companies raise rs 6000 crore in one year,https://economictimes.indiatimes.comhttps://economictimes.indiatimes.com/markets/bonds/masala-bonds-gain-currency-companies-raise-rs-6000-crore-in-one-year/articleshow/53912828.cms
2016-08-29,tata motors ride to depend on forex swings demand in key markets,https://economictimes.indiatimes.comhttps://economictimes.indiatimes.com/markets/stocks/news/tata-motors-ride-to-depend-on-forex-swings-demand-in-key-markets/articleshow/53904870.cms
2016-09-09,currency futures investors find oasis in dubai,https://economictimes.indiatimes.comhttps://economictimes.indiatimes.com/markets/stocks/news/currency-futures-investors-find-oasis-in-dubai/articleshow/54205705.cms
2016-09-16,volatility erupts in 5 trillion currency market,https://economictimes.indiatimes.comhttps://economictimes.indiatimes.com/markets/forex/volatility-erupts-in-5-trillion-currency-market/articleshow/54356767.cms
2016-09-23,forex reserves down by 1 67 billion to 369 6 billion,https://economictimes.indiatimes.comhttps://economictimes.indiatimes.com/news/economy/finance/forex-reserves-down-by-1-67-billion-to-369-6-billion/articleshow/54483077.cms
2016-09-26,and you thought weaker currency is good for economy wrong it is no longer so,https://economictimes.indiatimes.comhttps://economictimes.indiatimes.com/markets/forex/and-you-thought-weaker-currency-is-good-for-economy-wrong-it-is-no-longer-so/articleshow/54523244.cms
2016-09-29,heres how surgical strikes impacted the currency market,https://economictimes.indiatimes.comhttps://economictimes.indiatimes.com/markets/forex/heres-how-surgical-strikes-impacted-the-currency-market/articleshow/54588168.cms
2016-09-30,forex reserves move up by 1 166 bn to 370 766 billion,https://economictimes.indiatimes.comhttps://economictimes.indiatimes.com/markets/forex/forex-reserves-move-up-by-1-166-bn-to-370-766-billion/articleshow/54607415.cms
2016-09-30,remain comfortable on currency side manpreet singh gill standard chartered,https://economictimes.indiatimes.comhttps://economictimes.indiatimes.com/markets/expert-view/remain-comfortable-on-currency-side-manpreet-singh-gill-standard-chartered/articleshow/54597582.cms
2016-10-04,lacklustre bonds and currency market ahead of rbi policy,https://economictimes.indiatimes.comhttps://economictimes.indiatimes.com/markets/bonds/lacklustre-bonds-and-currency-market-ahead-of-rbi-policy/articleshow/54672889.cms
2016-10-07,forex reserves touch record high of 372 billion,https://economictimes.indiatimes.comhttps://economictimes.indiatimes.com/news/economy/finance/forex-reserves-touch-record-high-of-372-billion/articleshow/54738917.cms
2016-10-11,initially most loans will be in local currency kv kamath new development bank,https://economictimes.indiatimes.comhttps://economictimes.indiatimes.com/markets/expert-view/initially-most-loans-will-be-in-local-currency-kv-kamath-new-development-bank/articleshow/54778580.cms
2016-10-15,rbi tries forex balm to calm fcnr redemption stress,https://economictimes.indiatimes.comhttps://economictimes.indiatimes.com/markets/forex/rbi-tries-forex-balm-to-calm-fcnr-redemption-stress/articleshow/54863261.cms
2016-10-20,lord venkateswara temple to exchange 35 tonne of foreign coins for indian currency,https://economictimes.indiatimes.comhttps://economictimes.indiatimes.com/news/politics-and-nation/lord-venkateswara-temple-to-exchange-35-tonne-of-foreign-coins-for-indian-currency/articleshow/54959032.cms
2016-10-20,brexit fires up cross currency futures market,https://economictimes.indiatimes.comhttps://economictimes.indiatimes.com/markets/stocks/news/brexit-fires-up-cross-currency-futures-market/articleshow/54950041.cms
2016-10-21,forex reserves dip by 1 5 billion to 366 13 billion,https://economictimes.indiatimes.comhttps://economictimes.indiatimes.com/news/economy/finance/forex-reserves-dip-by-1-5-billion-to-366-13-billion/articleshow/54978197.cms
2016-10-23,nia to train bangladesh police in detecting fake indian currency,https://economictimes.indiatimes.comhttps://economictimes.indiatimes.com/news/politics-and-nation/nia-to-train-bangladesh-police-in-detecting-fake-indian-currency/articleshow/55010639.cms
2016-10-25,airtel sharply narrows q2 loss in africa as data consumption grows currency fluctuation stabalises,https://economictimes.indiatimes.comhttps://economictimes.indiatimes.com/markets/stocks/earnings/airtel-sharply-narrows-q2-loss-in-africa-as-data-consumption-grows-currency-fluctuation-stabalises/articleshow/55053574.cms
2016-10-27,gstn inks mou with dgft for sharing of forex realisation data,https://economictimes.indiatimes.comhttps://economictimes.indiatimes.com/markets/forex/gstn-inks-mou-with-dgft-for-sharing-of-forex-realisation-data/articleshow/55097978.cms
2016-10-28,indias forex reserves rise 1 billion to 367 14 billion,https://economictimes.indiatimes.comhttps://economictimes.indiatimes.com/news/economy/finance/indias-forex-reserves-rise-1-billion-to-367-14-billion/articleshow/55119175.cms
2016-10-28,dgft gstn sign pact for sharing forex trade related data,https://economictimes.indiatimes.comhttps://economictimes.indiatimes.com/news/economy/policy/dgft-gstn-sign-pact-for-sharing-forex-trade-related-data/articleshow/55115842.cms
2016-10-28,gstn inks pact with dgft for sharing forex realisation data,https://economictimes.indiatimes.comhttps://economictimes.indiatimes.com/news/economy/policy/gstn-inks-pact-with-dgft-for-sharing-forex-realisation-data/articleshow/55112112.cms
2017-03-01,tourism forex earnings up 17 8 pc to rs 16097 crore in january,https://economictimes.indiatimes.comhttps://economictimes.indiatimes.com/industry/banking/finance/tourism-forex-earnings-up-17-8-pc-to-rs-16097-crore-in-january/articleshow/57417820.cms
2017-03-02,currency may remain fairly stable next year fourth quarter growth will be lower devendra kumar pant india ratings,https://economictimes.indiatimes.comhttps://economictimes.indiatimes.com/opinion/interviews/currency-may-remain-fairly-stable-next-year-fourth-quarter-growth-will-be-lower-devendra-kumar-pant-india-ratings/articleshow/57426370.cms
2017-03-02,death of currency not a new subject virtual currency poses several risks rbi deputy governor r gandhi,https://economictimes.indiatimes.comhttps://economictimes.indiatimes.com/industry/banking/finance/banking/death-of-currency-not-a-new-subject-virtual-currency-poses-several-risks-rbi-deputy-governor-r-gandhi/articleshow/57425621.cms
2017-03-03,indias forex reserves remain flat for the last week of february,https://economictimes.indiatimes.comhttps://economictimes.indiatimes.com/news/economy/finance/indias-forex-reserves-remain-flat-for-the-last-week-of-february/articleshow/57452016.cms
2017-03-03,fake indian currency notes worth rs 56 76 lakh seized from citys fancy market area,https://economictimes.indiatimes.comhttps://economictimes.indiatimes.com/news/politics-and-nation/fake-indian-currency-notes-worth-rs-56-76-lakh-seized-from-citys-fancy-market-area/articleshow/57445470.cms
2017-03-06,china signals change of course on its currency policy,https://economictimes.indiatimes.comhttps://economictimes.indiatimes.com/markets/forex/china-signals-change-of-course-on-its-currency-policy/articleshow/57492206.cms
2017-03-08,currency in circulation at two thirds the pre note ban levels in early november,https://economictimes.indiatimes.comhttps://economictimes.indiatimes.com/news/economy/policy/currency-in-circulation-at-two-thirds-the-pre-note-ban-levels-in-early-november/articleshow/57539730.cms
2017-03-13,how elections aid speculators in currency market,https://economictimes.indiatimes.comhttps://economictimes.indiatimes.com/markets/stocks/news/how-elections-aid-speculators-in-currency-market/articleshow/57618586.cms
2017-03-13,bjp win stirs up the equity currency and debt markets,https://economictimes.indiatimes.comhttps://economictimes.indiatimes.com/markets/stocks/news/bjp-win-stirs-up-the-equity-currency-and-debt-markets/articleshow/57611037.cms
2017-03-14,the new protectionist wave could affect trade currency ashutosh bishnoi mahindra amc,https://economictimes.indiatimes.comhttps://economictimes.indiatimes.com/wealth/personal-finance-news/the-new-protectionist-wave-could-affect-trade-currency-ashutosh-bishnoi-mahindra-amc/articleshow/57577525.cms
2017-03-14,rise in chinas forex reserves is bad news for global realty,https://economictimes.indiatimes.comhttps://economictimes.indiatimes.com/markets/stocks/news/rise-in-chinas-forex-reserves-is-bad-news-for-global-realty/articleshow/57628147.cms
2017-03-15,ed summons geelani yasin in over 15 yr old forex violation cases,https://economictimes.indiatimes.comhttps://economictimes.indiatimes.com/news/politics-and-nation/ed-summons-geelani-yasin-in-over-15-yr-old-forex-violation-cases/articleshow/57655504.cms
2017-03-15,currency in circulation rises 13 5 between february 10 and march 10,https://economictimes.indiatimes.comhttps://economictimes.indiatimes.com/news/economy/policy/currency-in-circulation-rises-13-5-between-february-10-and-march-10/articleshow/57653971.cms
2017-03-18,custom officials directed not to clear consignments on suspicions of fake currency contraband,https://economictimes.indiatimes.comhttps://economictimes.indiatimes.com/news/politics-and-nation/custom-officials-directed-not-to-clear-consignments-on-suspicions-of-fake-currency-contraband/articleshow/57709191.cms
2017-03-20,what currency derivatives signal for the dollar,https://economictimes.indiatimes.comhttps://economictimes.indiatimes.com/markets/stocks/news/what-currency-derivatives-signal-for-the-dollar/articleshow/57725654.cms
2017-03-21,rbi recasts norms on currency hedging for mncs,https://economictimes.indiatimes.comhttps://economictimes.indiatimes.com/news/economy/policy/rbi-recasts-norms-on-currency-hedging-for-mncs/articleshow/57758582.cms
2017-03-22,how importers make best use of currency market,https://economictimes.indiatimes.comhttps://economictimes.indiatimes.com/markets/stocks/news/how-importers-make-best-use-of-currency-market/articleshow/57777028.cms
2017-03-22,demand for building ram temple regains currency,https://economictimes.indiatimes.comhttps://economictimes.indiatimes.com/news/politics-and-nation/demand-for-building-ram-temple-regains-currency/articleshow/57760873.cms
2017-03-23,net forex reserves increase by 14 2 billion in april december period,https://economictimes.indiatimes.comhttps://economictimes.indiatimes.com/news/economy/finance/net-forex-reserves-increase-by-14-2-billion-in-april-december-period/articleshow/57796766.cms
2017-03-23,oil tightens noose on currency,https://economictimes.indiatimes.comhttps://economictimes.indiatimes.com/markets/forex/oil-tightens-noose-on-currency/articleshow/57788796.cms
2017-03-24,nobody trusts worlds best currency,https://economictimes.indiatimes.comhttps://economictimes.indiatimes.com/markets/forex/nobody-trusts-worlds-best-currency/articleshow/57804568.cms
2017-03-25,forex reserves surge 2 67 billion on equity show,https://economictimes.indiatimes.comhttps://economictimes.indiatimes.com/markets/forex/forex-reserves-surge-2-67-billion-on-equity-show/articleshow/57823369.cms
2017-03-25,sitaram yechury wants data on amount of old currency deposited,https://economictimes.indiatimes.comhttps://economictimes.indiatimes.com/news/politics-and-nation/sitaram-yechury-wants-data-on-amount-of-old-currency-deposited/articleshow/57824424.cms
2017-03-27,supreme court rejects banks plea for exchange of rs 371 cr scrapped currency,https://economictimes.indiatimes.comhttps://economictimes.indiatimes.com/industry/banking/finance/banking/supreme-court-rejects-banks-plea-for-exchange-of-rs-371-cr-scrapped-currency/articleshow/57860195.cms
2017-03-28,iaf transported 604 tonnes currency notes post demonetisation subhash bhamre,https://economictimes.indiatimes.comhttps://economictimes.indiatimes.com/news/politics-and-nation/iaf-transported-604-tonnes-currency-notes-post-demonetisation-subhash-bhamre/articleshow/57874892.cms
2017-03-28,forex bond markets closed on tuesday for gudi padwa,https://economictimes.indiatimes.comhttps://economictimes.indiatimes.com/markets/forex/forex-bond-markets-closed-on-tuesday-for-gudi-padwa/articleshow/57867515.cms
2017-03-29,taxman conducts survey at centrum over forex business,https://economictimes.indiatimes.comhttps://economictimes.indiatimes.com/markets/stocks/news/taxman-conducts-survey-at-centrum-over-forex-business/articleshow/57885514.cms
2017-03-30,lok sabha mp jayadev galla suggests expiry dates for big currency notes,https://economictimes.indiatimes.comhttps://economictimes.indiatimes.com/news/politics-and-nation/lok-sabha-mp-jayadev-galla-suggests-expiry-dates-for-big-currency-notes/articleshow/57918048.cms
2017-03-31,indias forex reserves up by 1 1 billion,https://economictimes.indiatimes.comhttps://economictimes.indiatimes.com/news/economy/finance/indias-forex-reserves-up-by-1-1-billion/articleshow/57943083.cms
2017-03-31,rs 1 15 lakh crore more currency needed for optimal remonetisation sbi,https://economictimes.indiatimes.comhttps://economictimes.indiatimes.com/news/economy/policy/rs-1-15-lakh-crore-more-currency-needed-for-optimal-remonetisation-sbi/articleshow/57941812.cms
2017-04-01,buoyed by bjps up win forex reserves jump 1 1 billion to 368 billion,https://economictimes.indiatimes.comhttps://economictimes.indiatimes.com/markets/forex/buoyed-by-bjps-up-win-forex-reserves-jump-1-1-billion-to-368-billion/articleshow/57956880.cms
2017-04-03,sc dismisses pil to stop use of coins currency notes,https://economictimes.indiatimes.comhttps://economictimes.indiatimes.com/news/politics-and-nation/sc-dismisses-pil-to-stop-use-of-coins-currency-notes/articleshow/57993989.cms
2017-04-04,higher denomination currency like rs 2000 notes needed for day to day transactions r gandhi,https://economictimes.indiatimes.comhttps://economictimes.indiatimes.com/opinion/interviews/higher-denomination-currency-like-rs-2000-notes-needed-for-day-to-day-transactions-r-gandhi/articleshow/58013869.cms
2017-04-05,rbi currency in circulation was 74 of pre note ban era by march 31,https://economictimes.indiatimes.comhttps://economictimes.indiatimes.com/news/economy/finance/rbi-currency-in-circulation-was-74-of-pre-note-ban-era-by-march-31/articleshow/58032131.cms
2017-04-09,nse cuts fee on options currency derivatives to deepen market,https://economictimes.indiatimes.comhttps://economictimes.indiatimes.com/markets/stocks/news/nse-cuts-fee-on-options-currency-derivatives-to-deepen-market/articleshow/58091634.cms
2017-04-10,how currency futures work,https://economictimes.indiatimes.comhttps://economictimes.indiatimes.com/markets/stocks/news/how-currency-futures-work/articleshow/58102817.cms
2017-04-10,how to beat the forex market just get on twitter academics say,https://economictimes.indiatimes.comhttps://economictimes.indiatimes.com/markets/forex/how-to-beat-the-forex-market-just-get-on-twitter-academics-say/articleshow/58105568.cms
2017-04-12,currency rises at snails pace even after rbi withdrew restrictions on cash withdrawals,https://economictimes.indiatimes.comhttps://economictimes.indiatimes.com/industry/banking/finance/banking/currency-rises-at-snails-pace-even-after-rbi-withdrew-restrictions-on-cash-withdrawals/articleshow/58154420.cms
2017-04-12,not much currency impact on our export at the moment gautam chand jain cmd pokarna,https://economictimes.indiatimes.comhttps://economictimes.indiatimes.com/opinion/interviews/not-much-currency-impact-on-our-export-at-the-moment-gautam-chand-jain-cmd-pokarna/articleshow/58141085.cms
2017-04-15,us officially declines to label china as currency manipulator,https://economictimes.indiatimes.comhttps://economictimes.indiatimes.com/news/international/business/us-officially-declines-to-label-china-as-currency-manipulator/articleshow/58191175.cms
2017-04-15,forex reserves down 956 4 million to 368 998 billion,https://economictimes.indiatimes.comhttps://economictimes.indiatimes.com/industry/banking/finance/forex-reserves-down-956-4-million-to-368-998-billion/articleshow/58182077.cms
2017-04-17,ed issues notice to karti chidambaram for forex violations,https://economictimes.indiatimes.comhttps://economictimes.indiatimes.com/news/politics-and-nation/ed-issues-notice-to-karti-chidambaram-for-forex-violations/articleshow/58219904.cms
2017-04-17,trump ties china currency decision to help with north korea,https://economictimes.indiatimes.comhttps://economictimes.indiatimes.com/markets/stocks/news/trump-ties-china-currency-decision-to-help-with-north-korea/articleshow/58215161.cms
2017-04-19,asias top currency forecaster sees not so good times ahead for rupee,https://economictimes.indiatimes.comhttps://economictimes.indiatimes.com/markets/forex/asias-top-currency-forecaster-sees-not-so-good-times-ahead-for-rupee/articleshow/58257381.cms
2017-04-20,currency fluctuation has become normal nirmala,https://economictimes.indiatimes.comhttps://economictimes.indiatimes.com/markets/forex/currency-fluctuation-has-become-normal-nirmala/articleshow/58281862.cms
2017-04-21,forex reserves increase by 889 4 mn to 369 887 bn,https://economictimes.indiatimes.comhttps://economictimes.indiatimes.com/news/economy/finance/forex-reserves-increase-by-889-4-mn-to-369-887-bn/articleshow/58299845.cms
2017-04-28,indias forex reserves rise 1 2 billion to hit 371 billion,https://economictimes.indiatimes.comhttps://economictimes.indiatimes.com/news/economy/finance/indias-forex-reserves-rise-1-2-billion-to-hit-371-billion/articleshow/58420493.cms
2017-04-29,innovations for cashless economy can india have a digital sovereign currency,https://economictimes.indiatimes.comhttps://economictimes.indiatimes.com/small-biz/security-tech/technology/innovations-for-cashless-economy-can-india-have-a-digital-sovereign-currency/articleshow/58431139.cms
2017-04-29,stronger currency is not identical to strength in economy,https://economictimes.indiatimes.comhttps://economictimes.indiatimes.com/markets/stocks/news/stronger-currency-is-not-identical-to-strength-in-economy/articleshow/58428115.cms
2017-05-01,enforcement directorate asks top actor to share details of foreign currency remittances,https://economictimes.indiatimes.comhttps://economictimes.indiatimes.com/news/politics-and-nation/enforcement-directorate-asks-top-actor-to-share-details-of-foreign-currency-remittances/articleshow/58450624.cms
2017-05-03,masala bonds help companies diverse fund source without forex risk says icra,https://economictimes.indiatimes.comhttps://economictimes.indiatimes.com/markets/stocks/news/masala-bonds-help-companies-diverse-fund-source-without-forex-risk-says-icra/articleshow/58496877.cms
2017-05-06,indias forex reserves hit record high at 372 7 billion,https://economictimes.indiatimes.comhttps://economictimes.indiatimes.com/markets/forex/indias-forex-reserves-hit-record-high-at-372-7-billion/articleshow/58536914.cms
2017-05-07,chinas forex reserves rise for third month in a row,https://economictimes.indiatimes.comhttps://economictimes.indiatimes.com/news/international/business/chinas-forex-reserves-rise-for-third-month-in-a-row/articleshow/58561168.cms
2017-05-08,currency in use still 19 less than november 8 level,https://economictimes.indiatimes.comhttps://economictimes.indiatimes.com/markets/forex/currency-in-use-still-19-less-than-november-8-level/articleshow/58572372.cms
2017-05-09,airtel shows profit in africa as data consumption grows currency fluctuation stabalises,https://economictimes.indiatimes.comhttps://economictimes.indiatimes.com/news/company/corporate-trends/airtel-shows-profit-in-africa-as-data-consumption-grows-currency-fluctuation-stabalises/articleshow/58600089.cms
2017-05-09,cash still in currency atm demand up,https://economictimes.indiatimes.comhttps://economictimes.indiatimes.com/markets/stocks/news/cash-still-in-currency-atm-demand-up/articleshow/58510914.cms
2017-05-11,hcl technologies q4 profit rises 12 3 qoq constant currency revenue guidance at 10 5 12 5,https://economictimes.indiatimes.comhttps://economictimes.indiatimes.com/markets/stocks/news/hcl-technologies-q4-profit-rises-12-3-qoq-constant-currency-revenue-guidance-at-10-5-12-5/articleshow/58620957.cms
2017-05-12,forex reserves reach record high at 377 7 billion,https://economictimes.indiatimes.comhttps://economictimes.indiatimes.com/news/economy/finance/forex-reserves-reach-record-high-at-377-7-billion/articleshow/58646246.cms
2017-05-12,forex reserves at life time peak of 375 71 billion,https://economictimes.indiatimes.comhttps://economictimes.indiatimes.com/markets/forex/forex-reserves-at-life-time-peak-of-375-71-billion/articleshow/58645565.cms
2017-05-15,up 63 billion forex reserves record faster growth under modi govt,https://economictimes.indiatimes.comhttps://economictimes.indiatimes.com/industry/banking/finance/up-63-billion-forex-reserves-record-faster-growth-under-modi-govt/articleshow/58678744.cms
2017-05-17,sebi sets position limit for cross currency fo contract,https://economictimes.indiatimes.comhttps://economictimes.indiatimes.com/markets/stocks/news/sebi-sets-position-limit-for-cross-currency-fo-contract/articleshow/58719566.cms
2017-05-20,forex reserves down 444 million to 375 billion,https://economictimes.indiatimes.comhttps://economictimes.indiatimes.com/markets/forex/forex-reserves-down-444-million-to-375-billion/articleshow/58760878.cms
2017-05-23,pressure piles on asias best currency ahead of pakistans general elections,https://economictimes.indiatimes.comhttps://economictimes.indiatimes.com/markets/forex/pressure-piles-on-asias-best-currency-ahead-of-pakistans-general-elections/articleshow/58802913.cms
2017-05-24,higher jlr margins lower forex loss may reignite interest in tata motors,https://economictimes.indiatimes.comhttps://economictimes.indiatimes.com/markets/stocks/news/higher-jlr-margins-lower-forex-loss-may-reignite-interest-in-tata-motors/articleshow/58818130.cms
2017-05-26,indias forex reserves go up 4 billion to touch new high of 379 3 billion,https://economictimes.indiatimes.comhttps://economictimes.indiatimes.com/news/economy/indicators/indias-forex-reserves-go-up-4-billion-to-touch-new-high-of-379-3-billion/articleshow/58859112.cms
2017-05-27,digital payments indias new currency debit card transactions surge to over 1 billion,https://economictimes.indiatimes.comhttps://economictimes.indiatimes.com/industry/banking/finance/banking/digital-payments-indias-new-currency-debit-card-transactions-surge-to-over-1-billion/articleshow/58863652.cms
2017-05-29,growth of currency in use plunges since december,https://economictimes.indiatimes.comhttps://economictimes.indiatimes.com/markets/forex/growth-of-currency-in-use-plunges-since-december/articleshow/58888646.cms
2017-06-07,83 per cent currency remonetised so far rbi,https://economictimes.indiatimes.comhttps://economictimes.indiatimes.com/industry/banking/finance/83-per-cent-currency-remonetised-so-far-rbi/articleshow/59039176.cms
2017-06-07,what rbi said about stock currency markets in its policy review,https://economictimes.indiatimes.comhttps://economictimes.indiatimes.com/markets/stocks/news/what-rbi-said-about-stock-currency-markets-in-its-policy-review/articleshow/59034956.cms
2017-06-08,long term bond funds gain currency after rbi policy,https://economictimes.indiatimes.comhttps://economictimes.indiatimes.com/mf/analysis/long-term-bond-funds-gain-currency-after-rbi-policy/articleshow/59052792.cms
2017-06-08,less currency in system will impact fiscal health report,https://economictimes.indiatimes.comhttps://economictimes.indiatimes.com/markets/stocks/news/less-currency-in-system-will-impact-fiscal-health-report/articleshow/59046731.cms
2017-06-09,forex reserves at life time high of 381 167 bn,https://economictimes.indiatimes.comhttps://economictimes.indiatimes.com/news/economy/finance/forex-reserves-at-life-time-high-of-381-167-bn/articleshow/59073551.cms
2017-06-11,lower charges help bse overtake nse in currency derivative trading,https://economictimes.indiatimes.comhttps://economictimes.indiatimes.com/markets/stocks/news/lower-charges-help-bse-overtake-nse-in-currency-derivative-trading/articleshow/59099303.cms
2017-06-13,rbi introduces new rs 500 currency heres whats different in new notes,https://economictimes.indiatimes.comhttps://economictimes.indiatimes.com/news/economy/policy/rbi-introduces-new-rs-500-currency-heres-whats-different-in-new-notes/articleshow/59123774.cms
2017-06-14,fake currency detection in banks swell to max in 8 years report,https://economictimes.indiatimes.comhttps://economictimes.indiatimes.com/news/politics-and-nation/fake-currency-detection-in-banks-swell-to-max-in-8-years-report/articleshow/59140472.cms
2017-06-18,forex reserves dip to 381b rupee at 64 43,https://economictimes.indiatimes.comhttps://economictimes.indiatimes.com/markets/forex/forex-reserves-dip-to-381b-rupee-at-64-43/articleshow/59189010.cms
2017-06-18,forex reserves dip by 11 5 million to 381 15 billion,https://economictimes.indiatimes.comhttps://economictimes.indiatimes.com/news/economy/finance/forex-reserves-dip-by-11-5-million-to-381-15-billion/articleshow/59179750.cms
2017-06-21,demonetisation is concerning more the currency area of the bank ss mundra rbi deputy governor,https://economictimes.indiatimes.comhttps://economictimes.indiatimes.com/markets/expert-view/demonetisation-is-concerning-more-the-currency-area-of-the-bank-ss-mundra-rbi-deputy-governor/articleshow/59254718.cms
2017-06-23,forex kitty at record high of usd 381 955 billion,https://economictimes.indiatimes.comhttps://economictimes.indiatimes.com/news/economy/forex-kitty-at-record-high-of-usd-381-955-billion/articleshow/59287784.cms
2017-06-27,cruise tourism will be game changer in forex jobs mahesh sharma,https://economictimes.indiatimes.comhttps://economictimes.indiatimes.com/magazines/travel/cruise-tourism-will-be-game-changer-in-forex-jobs-mahesh-sharma/articleshow/59335894.cms
2017-06-28,printing of rs 200 currency notes begins,https://economictimes.indiatimes.comhttps://economictimes.indiatimes.com/news/economy/policy/printing-of-rs-200-currency-notes-begins/articleshow/59357755.cms
2017-06-28,sebi allows nris to hedge currency risk,https://economictimes.indiatimes.comhttps://economictimes.indiatimes.com/markets/stocks/news/sebi-allows-nris-to-hedge-currency-risk/articleshow/59355611.cms
2017-06-29,finally rbi begins printing rs 200 currency notes,https://economictimes.indiatimes.comhttps://economictimes.indiatimes.com/markets/stocks/news/finally-rbi-begins-printing-rs-200-currency-notes/articleshow/59364851.cms
2017-06-30,forex reserves at fresh life time high of 382 53 bn,https://economictimes.indiatimes.comhttps://economictimes.indiatimes.com/news/economy/policy/forex-reserves-at-fresh-life-time-high-of-382-53-bn/articleshow/59387581.cms
2017-07-05,rupee devaluation in pakistan currency drops most in 9 years,https://economictimes.indiatimes.comhttps://economictimes.indiatimes.com/markets/stocks/news/rupee-devaluation-in-pakistan-currency-drops-most-in-9-years/articleshow/59457080.cms
2017-07-08,forex reserves hit record high at 386 5 billion,https://economictimes.indiatimes.comhttps://economictimes.indiatimes.com/markets/forex/forex-reserves-hit-record-high-at-386-5-billion/articleshow/59500159.cms
2017-07-08,gst indians travelling overseas may need to pay more for foreign currency notes,https://economictimes.indiatimes.comhttps://economictimes.indiatimes.com/news/economy/policy/gst-indians-travelling-overseas-may-need-to-pay-more-for-foreign-currency-notes/articleshow/59496556.cms
2017-07-10,how to get a forex card,https://economictimes.indiatimes.comhttps://economictimes.indiatimes.com/wealth/spend/how-to-get-a-forex-card/articleshow/59499841.cms
2017-07-11,bitcoin civil war currency headed for its most turbulent stretch yet,https://economictimes.indiatimes.comhttps://economictimes.indiatimes.com/markets/stocks/news/bitcoin-civil-war-currency-headed-for-its-most-turbulent-stretch-yet/articleshow/59539115.cms
2017-07-11,currency traders continue to pull their bullish us dollar bets,https://economictimes.indiatimes.comhttps://economictimes.indiatimes.com/markets/forex/currency-traders-continue-to-pull-their-bullish-us-dollar-bets/articleshow/59539104.cms
2017-07-13,8 months on rbi still counting demonetised currency urjit patel cuts staff holidays to complete counting,https://economictimes.indiatimes.comhttps://economictimes.indiatimes.com/markets/stocks/news/8-months-on-rbi-still-counting-demonetised-currency-urjit-patel-cuts-staff-holidays-to-complete-counting/articleshow/59573822.cms
2017-07-14,forex kitty dips 161 9 million to 386 377 billion,https://economictimes.indiatimes.comhttps://economictimes.indiatimes.com/markets/forex/forex-kitty-dips-161-9-million-to-386-377-billion/articleshow/59596998.cms
2017-07-17,rbi pushes make in india for currency security features,https://economictimes.indiatimes.comhttps://economictimes.indiatimes.com/news/economy/policy/rbi-pushes-make-in-india-for-currency-security-features/articleshow/59633860.cms
2017-07-18,fake currency of rs 11 23 crore face value detected post note ban,https://economictimes.indiatimes.comhttps://economictimes.indiatimes.com/news/economy/finance/fake-currency-of-rs-11-23-crore-face-value-detected-post-note-ban/articleshow/59648077.cms
2017-07-21,forex reserves at record high of 389 059 billion,https://economictimes.indiatimes.comhttps://economictimes.indiatimes.com/news/economy/finance/forex-reserves-at-record-high-of-389-059-billion/articleshow/59703496.cms
2017-07-22,baadshah singham shahenshah come under ed spotlight for forex remittances,https://economictimes.indiatimes.comhttps://economictimes.indiatimes.com/news/politics-and-nation/baadshah-singham-shahenshah-come-under-ed-spotlight-for-forex-remittances/articleshow/59706968.cms
2017-07-23,rbi to lease currency verification systems to weed out fakes,https://economictimes.indiatimes.comhttps://economictimes.indiatimes.com/news/economy/finance/rbi-to-lease-currency-verification-systems-to-weed-out-fakes/articleshow/59722122.cms
2017-07-24,standard chartered bank launches multicurrency forex card,https://economictimes.indiatimes.comhttps://economictimes.indiatimes.com/industry/banking/finance/standard-chartered-bank-launches-multicurrency-forex-card/articleshow/59741948.cms
2017-07-24,standard chartered introduces new multi currency forex card,https://economictimes.indiatimes.comhttps://economictimes.indiatimes.com/wealth/personal-finance-news/standard-chartered-introduces-new-multi-currency-forex-card/articleshow/59738461.cms
2017-07-25,travelling indians bring forex firms on investor radar,https://economictimes.indiatimes.comhttps://economictimes.indiatimes.com/markets/stocks/news/-travelling-indians-bring-forex-firms-on-investor-radar/articleshow/59748876.cms
2017-07-26,demonetisation again there are signs of another currency ban coming,https://economictimes.indiatimes.comhttps://economictimes.indiatimes.com/news/economy/policy/demonetisation-again-there-are-signs-of-another-currency-ban-coming/articleshow/59772306.cms
2017-07-28,forex chest swells to life high of usd 391 33 billion,https://economictimes.indiatimes.comhttps://economictimes.indiatimes.com/news/economy/finance/forex-chest-swells-to-life-high-of-usd-391-33-billion/articleshow/59809840.cms
2017-07-30,fake currency reports double leads to seizure of rs 562cr in 2015 16,https://economictimes.indiatimes.comhttps://economictimes.indiatimes.com/news/politics-and-nation/fake-currency-reports-double-leads-to-seizure-of-rs-562cr-in-2015-16/articleshow/59832077.cms
2017-07-31,in the age of virtual currency rare old coins come alive,https://economictimes.indiatimes.comhttps://economictimes.indiatimes.com/news/politics-and-nation/in-the-age-of-virtual-currency-rare-old-coins-come-alive/articleshow/59841444.cms
2017-08-03,rbi says its comfortable with currency in circulation,https://economictimes.indiatimes.comhttps://economictimes.indiatimes.com/news/economy/finance/rbi-says-its-comfortable-with-currency-in-circulation/articleshow/59889000.cms
2017-08-07,large forex kitty may not be good enough cushion,https://economictimes.indiatimes.comhttps://economictimes.indiatimes.com/markets/forex/large-forex-kitty-may-not-be-good-enough-cushion/articleshow/59949109.cms
2017-08-08,foreign exchange products and services provider myforexeye raises rs 1 4 crore,https://economictimes.indiatimes.comhttps://economictimes.indiatimes.com/small-biz/money/foreign-exchange-products-and-services-provider-myforexeye-raises-rs-1-4-crore/articleshow/59969652.cms
2017-08-09,nse cuts charges on currency futures to deepen market,https://economictimes.indiatimes.comhttps://economictimes.indiatimes.com/markets/stocks/news/nse-cuts-charges-on-currency-futures-to-deepen-market/articleshow/59985520.cms
2017-08-10,bitbay to launch cryptocurrency trading platform in india,https://economictimes.indiatimes.comhttps://economictimes.indiatimes.com/markets/stocks/news/bitbay-to-launch-cryptocurrency-trading-platform-in-india/articleshow/60004776.cms
2017-08-12,what i read this week aadhar mans new definition for growth and a chip based currency note that will expire,https://economictimes.indiatimes.comhttps://economictimes.indiatimes.com/markets/stocks/news/what-i-read-this-week-aadhar-mans-new-definition-for-growth-and-a-chip-based-currency-note-that-will-expire/articleshow/60029878.cms
2017-08-16,expect export demand to revive in h2fy18 dont see currency to impact us drastically mayank singhal pi industries,https://economictimes.indiatimes.comhttps://economictimes.indiatimes.com/opinion/interviews/expect-export-demand-to-revive-in-h2fy18-dont-see-currency-to-impact-us-drastically-mayank-singhal-pi-industries/articleshow/60082260.cms
2017-08-17,forex reserve may cross 400 billion mark by first week of september,https://economictimes.indiatimes.comhttps://economictimes.indiatimes.com/markets/forex/forex-reserve-may-cross-400-billion-mark-by-first-week-of-september/articleshow/60103045.cms
2017-08-17,new currency in race to remake one of worlds oldest markets,https://economictimes.indiatimes.comhttps://economictimes.indiatimes.com/markets/stocks/news/new-currency-in-race-to-remake-one-of-worlds-oldest-markets/articleshow/60099008.cms
2017-08-18,forex reserves hit record high of 393 612 billion,https://economictimes.indiatimes.comhttps://economictimes.indiatimes.com/markets/forex/forex-reserves-hit-record-high-of-393-612-billion/articleshow/60121470.cms
2017-08-19,rbi to issue new rs 50 currency note,https://economictimes.indiatimes.comhttps://economictimes.indiatimes.com/news/economy/policy/rbi-to-issue-new-rs-50-currency-note/articleshow/60121122.cms
2017-08-20,forex reserves may hit 400 bn by sep morgan stanley,https://economictimes.indiatimes.comhttps://economictimes.indiatimes.com/industry/banking/finance/forex-reserves-may-hit-400-bn-by-sep-morgan-stanley/articleshow/60142025.cms
2017-08-22,forex policy does not impact our margins adhish patil cfo aarti drugs,https://economictimes.indiatimes.comhttps://economictimes.indiatimes.com/markets/expert-view/forex-policy-does-not-impact-our-margins-adhish-patil-cfo-aarti-drugs/articleshow/60173314.cms
2017-08-25,forex kitty slips marginally to 393 40 billion,https://economictimes.indiatimes.comhttps://economictimes.indiatimes.com/news/economy/finance/forex-kitty-slips-marginally-to-393-40-billion/articleshow/60223273.cms
2017-08-27,is rising forex kitty fuelling inflation,https://economictimes.indiatimes.comhttps://economictimes.indiatimes.com/news/economy/indicators/is-rising-forex-kitty-fuelling-inflation/articleshow/60242985.cms
2017-08-29,when real currency is not valid legal tender find out to avoid money loss,https://economictimes.indiatimes.comhttps://economictimes.indiatimes.com/wealth/personal-finance-news/when-real-currency-is-not-valid-legal-tender-find-out-to-avoid-money-loss/articleshow/60253403.cms
2017-08-31,best way to discourage use of cash is to limit currency notes p chidambaram,https://economictimes.indiatimes.comhttps://economictimes.indiatimes.com/opinion/interviews/best-way-to-discourage-use-of-cash-is-to-limit-currency-notes-p-chidambaram/articleshow/60309499.cms
2017-08-31,judging demonetisation on currency returned incorrect government officials,https://economictimes.indiatimes.comhttps://economictimes.indiatimes.com/news/economy/policy/judging-demonetisation-on-currency-returned-incorrect-government-officials/articleshow/60299319.cms
2017-09-01,forex kitty rises to record usd 394 55 billion,https://economictimes.indiatimes.comhttps://economictimes.indiatimes.com/news/economy/finance/forex-kitty-rises-to-record-usd-394-55-billion/articleshow/60327201.cms
2017-09-01,how to spot fake currency and what happens if banks impound it,https://economictimes.indiatimes.comhttps://economictimes.indiatimes.com/wealth/save/how-to-spot-fake-currency-and-what-happens-if-banks-impound-it/articleshow/60278571.cms
2017-09-01,sebi nod for more cross currency pairs,https://economictimes.indiatimes.comhttps://economictimes.indiatimes.com/markets/stocks/news/sebi-nod-for-more-cross-currency-pairs/articleshow/60318190.cms
2017-09-04,mark mobius foresees cryptocurrency crackdown sparking rush to gold,https://economictimes.indiatimes.comhttps://economictimes.indiatimes.com/markets/stocks/news/mark-mobius-foresees-cryptocurrency-crackdown-sparking-rush-to-gold/articleshow/60363851.cms
2017-09-07,rbi to recoup forex reserves to combat global contagion bofaml,https://economictimes.indiatimes.comhttps://economictimes.indiatimes.com/markets/forex/rbi-to-recoup-forex-reserves-to-combat-global-contagion-bofaml/articleshow/60406449.cms
2017-09-08,currency data seized from dera sacha sauda premises,https://economictimes.indiatimes.comhttps://economictimes.indiatimes.com/news/politics-and-nation/currency-data-seized-from-dera-sacha-sauda-premises/articleshow/60424257.cms
2017-09-08,forex reserves jump 3 5 billion to close in on 400 billion mark,https://economictimes.indiatimes.comhttps://economictimes.indiatimes.com/markets/stocks/news/forex-reserves-jump-3-5-billion-to-close-in-on-400-billion-mark/articleshow/60427624.cms
2017-09-13,currency derivatives sebi tweaks exposure limits for brokers,https://economictimes.indiatimes.comhttps://economictimes.indiatimes.com/markets/stocks/news/currency-derivatives-sebi-tweaks-exposure-limits-for-brokers/articleshow/60500148.cms
2017-09-14,thank you ms yellen our forex reserves have never neen stronger,https://economictimes.indiatimes.comhttps://economictimes.indiatimes.com/markets/forex/thank-you-ms-yellen-our-forex-reserves-have-never-neen-stronger/articleshow/60509402.cms
2017-09-14,hike in coal output saved rs 25900 cr forex in 3 years cil,https://economictimes.indiatimes.comhttps://economictimes.indiatimes.com/news/economy/finance/hike-in-coal-output-saved-rs-25900-cr-forex-in-3-years-cil/articleshow/60512141.cms
2017-09-16,another experiment with currency rbi is looking at its own bitcoin,https://economictimes.indiatimes.comhttps://economictimes.indiatimes.com/news/economy/policy/another-experiment-with-currency-rbi-is-looking-at-its-own-bitcoin/articleshow/60710700.cms
2017-09-16,indias forex reserves top 400 billion for first time ever,https://economictimes.indiatimes.comhttps://economictimes.indiatimes.com/markets/forex/indias-forex-reserves-top-400-billion-for-first-time-ever/articleshow/60531270.cms
2017-09-20,currency with public to rise to rs 16 lakh cr by march icra,https://economictimes.indiatimes.comhttps://economictimes.indiatimes.com/news/economy/finance/currency-with-public-to-rise-to-rs-16-lakh-cr-by-march-icra/articleshow/60770578.cms
2017-09-20,security features of a genuine rs 500 currency note,https://economictimes.indiatimes.comhttps://economictimes.indiatimes.com/wealth/save/security-features-of-a-genuine-rs-500-currency-note/articleshow/60763529.cms
2017-09-20,unhedged importers at risk despite high forex reserves,https://economictimes.indiatimes.comhttps://economictimes.indiatimes.com/markets/forex/unhedged-importers-at-risk-despite-high-forex-reserves/articleshow/60760271.cms
2017-09-21,part of forex reserves can be used to boost growth deutsch bank,https://economictimes.indiatimes.comhttps://economictimes.indiatimes.com/news/economy/policy/part-of-forex-reserves-can-be-used-to-boost-growth-deutsch-bank/articleshow/60778188.cms
2017-09-21,how corporates brace up for currency volatility,https://economictimes.indiatimes.comhttps://economictimes.indiatimes.com/markets/stocks/news/how-corporates-brace-up-for-currency-volatility/articleshow/60776571.cms
2017-09-23,no harm if we let the currency depreciate at this point bimal jalan,https://economictimes.indiatimes.comhttps://economictimes.indiatimes.com/markets/expert-view/no-harm-if-we-let-the-currency-depreciate-at-this-point-bimal-jalan/articleshow/60805591.cms
2017-09-26,currency fluctuation in semi regulated markets to hit indian pharma fitch,https://economictimes.indiatimes.comhttps://economictimes.indiatimes.com/industry/healthcare/biotech/pharmaceuticals/currency-fluctuation-in-semi-regulated-markets-to-hit-indian-pharma-fitch/articleshow/60842358.cms
2017-09-27,forex reserves enough to handle one off deterioration in risk sentiments radhika rao dbs,https://economictimes.indiatimes.comhttps://economictimes.indiatimes.com/markets/expert-view/forex-reserves-enough-to-handle-one-off-deterioration-in-risk-sentiments-radhika-rao-dbs/articleshow/60855721.cms
2017-09-27,tata capital forex and tc travel and services good strategic fit thomas cook,https://economictimes.indiatimes.comhttps://economictimes.indiatimes.com/industry/services/travel/tata-capital-forex-and-tc-travel-and-services-good-strategic-fit-thomas-cook/articleshow/60854123.cms
2017-09-27,cryptocurrency derivatives some small town investors gaining big by betting on them,https://economictimes.indiatimes.comhttps://economictimes.indiatimes.com/markets/stocks/news/cryptocurrency-derivatives-some-small-town-investors-gaining-big-by-betting-on-them/articleshow/60853472.cms
2017-09-29,forex reserves drop by 262 3 million to 402 246 billion,https://economictimes.indiatimes.comhttps://economictimes.indiatimes.com/markets/stocks/news/forex-reserves-drop-by-262-3-million-to-402-246-billion/articleshow/60885556.cms
2017-09-30,us fines hsbc 175 million for lax forex oversight,https://economictimes.indiatimes.comhttps://economictimes.indiatimes.com/news/international/business/us-fines-hsbc-175-million-for-lax-forex-oversight/articleshow/60892209.cms
2017-10-01,international fake currency racket busted by up police five held,https://economictimes.indiatimes.comhttps://economictimes.indiatimes.com/news/politics-and-nation/international-fake-currency-racket-busted-by-up-police-five-held/articleshow/60899168.cms
2017-10-02,digital drive gaining steam currency circulation declines during festive season says rbi data,https://economictimes.indiatimes.comhttps://economictimes.indiatimes.com/news/economy/finance/digital-drive-gaining-steam-currency-circulation-declines-during-festive-season-says-rbi-data/articleshow/60905717.cms
2017-10-03,cryptocurrency up 695 on deal with visa that didnt happen,https://economictimes.indiatimes.comhttps://economictimes.indiatimes.com/markets/stocks/news/cryptocurrency-up-695-on-deal-with-visa-that-didnt-happen/articleshow/60919710.cms
2017-10-04,rbi bats for retail users of forex trading,https://economictimes.indiatimes.comhttps://economictimes.indiatimes.com/markets/forex/rbi-bats-for-retail-users-of-forex-trading/articleshow/60938594.cms
2017-10-04,world bank sees more currency risk in southeast asia,https://economictimes.indiatimes.comhttps://economictimes.indiatimes.com/markets/forex/world-bank-sees-more-currency-risk-in-southeast-asia/articleshow/60937368.cms
2017-10-06,forex reserves dip by usd 2 59 billion to usd 399 66 billion,https://economictimes.indiatimes.comhttps://economictimes.indiatimes.com/markets/stocks/news/forex-reserves-dip-by-usd-2-59-billion-to-usd-399-66-billion/articleshow/60975341.cms
2017-10-09,chinas forex reserves climbs to usd 3 1 trillion,https://economictimes.indiatimes.comhttps://economictimes.indiatimes.com/news/international/business/chinas-forex-reserves-climbs-to-usd-3-1-trillion/articleshow/61010044.cms
2017-10-09,how startup myforexeye is catering to the foreign exchange needs of smes individuals,https://economictimes.indiatimes.comhttps://economictimes.indiatimes.com/wealth/earn/how-startup-myforexeye-is-catering-to-the-foreign-exchange-needs-of-smes-individuals/articleshow/60980250.cms
2017-10-09,smart things you should know about rbis forex reserves,https://economictimes.indiatimes.comhttps://economictimes.indiatimes.com/wealth/spend/smart-things-you-should-know-about-rbis-forex-reserves/articleshow/60982536.cms
2017-10-10,fake currency notes act as oxygen to terrorism rajnath singh,https://economictimes.indiatimes.comhttps://economictimes.indiatimes.com/news/politics-and-nation/fake-currency-notes-act-as-oxygen-to-terrorism-rajnath-singh/articleshow/61017797.cms
2017-10-11,top rupee forecaster sees further downfall in currency,https://economictimes.indiatimes.comhttps://economictimes.indiatimes.com/markets/forex/top-rupee-forecaster-sees-further-downfall-in-currency/articleshow/61035729.cms
2017-10-13,forex reserves fall nearly 4 billion in three weeks,https://economictimes.indiatimes.comhttps://economictimes.indiatimes.com/markets/forex/forex-reserves-fall-nearly-4-billion-in-three-weeks/articleshow/61070087.cms
2017-10-13,rbi working on cryptocurrency policy,https://economictimes.indiatimes.comhttps://economictimes.indiatimes.com/markets/stocks/news/rbi-working-on-cryptocurrency-policy/articleshow/61067211.cms
2017-10-15,rbi refuses to share details on clean india mission logo on new currency notes,https://economictimes.indiatimes.comhttps://economictimes.indiatimes.com/news/politics-and-nation/rbi-refuses-to-share-details-on-clean-india-mission-logo-on-new-currency-notes/articleshow/61088366.cms
2017-10-17,pace of accretion in forex kitty to slow down dbs,https://economictimes.indiatimes.comhttps://economictimes.indiatimes.com/news/economy/finance/pace-of-accretion-in-forex-kitty-to-slow-down-dbs/articleshow/61119904.cms
2017-10-18,chinas stocks bonds currency drop in unison before congress,https://economictimes.indiatimes.comhttps://economictimes.indiatimes.com/markets/stocks/news/chinas-stocks-bonds-currency-drop-in-unison-before-congress/articleshow/61127011.cms
2017-10-25,5 reasons why you should go for cryptocurrency,https://economictimes.indiatimes.comhttps://economictimes.indiatimes.com/industry/banking/finance/5-reasons-why-you-should-go-for-cryptocurrency/articleshow/61184608.cms
2017-10-26,ask the travel expert is it a good idea to buy foreign currency at the airport,https://economictimes.indiatimes.comhttps://economictimes.indiatimes.com/magazines/travel/ask-the-travel-expert-is-it-a-good-idea-to-buy-foreign-currency-at-the-airport/articleshow/61221476.cms
2017-10-29,india cannot lag behind in digital currency era pm narendra modi,https://economictimes.indiatimes.comhttps://economictimes.indiatimes.com/news/politics-and-nation/india-cannot-lag-behind-in-digital-currency-era-pm-narendra-modi/articleshow/61320702.cms
2017-11-01,travel marketplace ixigo launches travel currency,https://economictimes.indiatimes.comhttps://economictimes.indiatimes.com/small-biz/startups/travel-marketplace-ixigo-launches-travel-currency/articleshow/61406318.cms
2017-11-02,us shouldnt label india currency manipulator raghuram rajan,https://economictimes.indiatimes.comhttps://economictimes.indiatimes.com/news/economy/finance/us-shouldnt-label-india-currency-manipulator-raghuram-rajan/articleshow/61469358.cms
2017-11-02,war on bitcoin govt panel seeks crackdown on crypto currency dealers in india,https://economictimes.indiatimes.comhttps://economictimes.indiatimes.com/markets/stocks/news/war-on-bitcoin-govt-panel-seeks-crackdown-on-crypto-currency-dealers-in-india/articleshow/61450361.cms
2017-11-03,indias forex reserves fall to 398 8 billion,https://economictimes.indiatimes.comhttps://economictimes.indiatimes.com/markets/forex/indias-forex-reserves-fall-to-398-8-billion/articleshow/61492512.cms
2017-11-07,demonetisation effect technology drives currency management,https://economictimes.indiatimes.comhttps://economictimes.indiatimes.com/news/economy/policy/demonetisation-effect-technology-drives-currency-management/articleshow/61552816.cms
2017-11-08,how indias new currency was born amid drama dread and discontent,https://economictimes.indiatimes.comhttps://economictimes.indiatimes.com/news/economy/policy/how-indias-new-currency-was-born-amid-drama-dread-and-discontent/articleshow/61557865.cms
2017-11-09,ethereum creator wonders whether his currency should be scarcer,https://economictimes.indiatimes.comhttps://economictimes.indiatimes.com/small-biz/security-tech/technology/ethereum-creator-wonders-whether-his-currency-should-be-scarcer/articleshow/61571652.cms
2017-11-10,forex reserves fall 22 2 million to 398 739 billion,https://economictimes.indiatimes.comhttps://economictimes.indiatimes.com/markets/forex/forex-reserves-fall-22-2-million-to-398-739-billion/articleshow/61596942.cms
2017-11-13,bitcoin tumble erases 38 billion as rival cryptocurrency gains,https://economictimes.indiatimes.comhttps://economictimes.indiatimes.com/markets/stocks/news/bitcoin-tumble-erases-38-billion-as-rival-cryptocurrency-gains/articleshow/61623701.cms
2017-11-14,currency fo cues point to rupee trading at 65 or above for now,https://economictimes.indiatimes.comhttps://economictimes.indiatimes.com/markets/stocks/news/currency-fo-cues-point-to-rupee-trading-at-65-or-above-for-now/articleshow/61637378.cms
2017-11-15,us treasury to monitor india for possible currency manipulation,https://economictimes.indiatimes.comhttps://economictimes.indiatimes.com/markets/forex/us-treasury-to-monitor-india-for-possible-currency-manipulation/articleshow/61650021.cms
2017-11-21,bitcoin falls on 31 million hack of cryptocurrency peer tether,https://economictimes.indiatimes.comhttps://economictimes.indiatimes.com/markets/stocks/news/bitcoin-falls-on-31-million-hack-of-cryptocurrency-peer-tether/articleshow/61737183.cms
2017-11-26,bse changes limit for risk reduction mode in currency futures,https://economictimes.indiatimes.comhttps://economictimes.indiatimes.com/markets/stocks/news/bse-changes-limit-for-risk-reduction-mode-in-currency-futures/articleshow/61804249.cms
2017-11-27,bitcoin guns for 10000 as cryptocurrency mania intensifies,https://economictimes.indiatimes.comhttps://economictimes.indiatimes.com/markets/stocks/news/bitcoin-guns-for-10000-as-cryptocurrency-mania-intensifies/articleshow/61815008.cms
2017-11-29,bitcoin is a consensus currency not tested for failure yet raunak onkar ppfas mutual fund,https://economictimes.indiatimes.comhttps://economictimes.indiatimes.com/markets/expert-view/bitcoin-is-a-consensus-currency-not-tested-for-failure-yet-raunak-onkar-ppfas-mutual-fund/articleshow/61847737.cms
2017-12-01,forex reserves back above 400 billion after 5 weeks,https://economictimes.indiatimes.comhttps://economictimes.indiatimes.com/markets/stocks/news/forex-reserves-back-above-400-billion-after-5-weeks/articleshow/61881590.cms
2017-12-02,with negligible costs we are going to get additional revenues b kartikeyan weizmann forex,https://economictimes.indiatimes.comhttps://economictimes.indiatimes.com/markets/expert-view/with-negligible-costs-we-are-going-to-get-additional-revenues-b-kartikeyan-weizmann-forex/articleshow/61890578.cms
2017-12-04,what is cryptocurrency,https://economictimes.indiatimes.comhttps://economictimes.indiatimes.com/wealth/invest/what-is-cryptocurrency/articleshow/61890776.cms
2017-12-06,startups test a brand new crypto currency ico,https://economictimes.indiatimes.comhttps://economictimes.indiatimes.com/small-biz/startups/newsbuzz/startups-test-a-brand-new-crypto-currency-ico/articleshow/61938744.cms
2017-12-07,indian bank revises interest rates on foreign currency non resident deposits,https://economictimes.indiatimes.comhttps://economictimes.indiatimes.com/industry/banking/finance/banking/indian-bank-revises-interest-rates-on-foreign-currency-non-resident-deposits/articleshow/61962567.cms
2017-12-08,thomas cook india targets odisha as growth market for forex business,https://economictimes.indiatimes.comhttps://economictimes.indiatimes.com/industry/services/travel/thomas-cook-india-targets-odisha-as-growth-market-for-forex-business/articleshow/61986519.cms
2017-12-08,indias forex reserves rise to 401 9 billion,https://economictimes.indiatimes.comhttps://economictimes.indiatimes.com/markets/stocks/news/indias-forex-reserves-rise-to-401-9-billion/articleshow/61985424.cms
2017-12-08,forex reserves jump by 1 2 billion to 401 94 billion,https://economictimes.indiatimes.comhttps://economictimes.indiatimes.com/news/economy/finance/forex-reserves-jump-by-1-2-billion-to-401-94-billion/articleshow/61985156.cms
2017-12-09,this cryptocurrency is up 1000 in a month and its not bitcoin or ethereum,https://economictimes.indiatimes.comhttps://economictimes.indiatimes.com/markets/stocks/news/this-cryptocurrency-is-up-1000-in-a-month-and-its-not-bitcoin-or-ethereum/articleshow/61976303.cms
2017-12-10,bitcoin craze google gives bitcoin currency status converter,https://economictimes.indiatimes.comhttps://economictimes.indiatimes.com/wealth/personal-finance-news/bitcoin-craze-google-gives-bitcoin-currency-status-converter/articleshow/61978821.cms
2017-12-12,this cryptocurrency with 5700 return in 2017 is giving serious competition to bitcoin,https://economictimes.indiatimes.comhttps://economictimes.indiatimes.com/markets/stocks/news/this-cryptocurrency-with-5700-return-in-2017-is-giving-serious-competition-to-bitcoin/articleshow/62034177.cms
2017-12-14,in line with rally in litecoin bitcoin this cryptocurrency soars 140 in 3 days,https://economictimes.indiatimes.comhttps://economictimes.indiatimes.com/markets/stocks/news/in-line-with-rally-in-litecoin-bitcoin-this-cryptocurrency-soars-140-in-3-days/articleshow/62065889.cms
2017-12-14,multicap mutual fund schemes gain currency in 2017,https://economictimes.indiatimes.comhttps://economictimes.indiatimes.com/mf/analysis/multicap-mutual-fund-schemes-gain-currency-in-2017/articleshow/62066875.cms
2017-12-15,forex reserves down by over 1 billion to 401 billion,https://economictimes.indiatimes.comhttps://economictimes.indiatimes.com/markets/forex/forex-reserves-down-by-over-1-billion-to-401-billion/articleshow/62086268.cms
2017-12-18,why buy a cryptocurrency when you can issue it heres how,https://economictimes.indiatimes.comhttps://economictimes.indiatimes.com/wealth/invest/why-buy-a-cryptocurrency-when-you-can-issue-it-heres-how/articleshow/62094457.cms
2017-12-22,forex reserves up by 488 2 million to 401 385 billion,https://economictimes.indiatimes.comhttps://economictimes.indiatimes.com/markets/forex/forex-reserves-up-by-488-2-million-to-401-385-billion/articleshow/62211898.cms
2017-12-22,goldman is said to be building a cryptocurrency trading desk,https://economictimes.indiatimes.comhttps://economictimes.indiatimes.com/markets/stocks/news/goldman-is-said-to-be-building-a-cryptocurrency-trading-desk/articleshow/62203535.cms
2017-12-22,a cryptocurrency founder sold all his coins after 7500 rally,https://economictimes.indiatimes.comhttps://economictimes.indiatimes.com/markets/stocks/news/a-cryptocurrency-founder-sold-all-his-coins-after-7500-rally/articleshow/62203400.cms
2017-12-23,europes last dictator wants to be its cryptocurrency king,https://economictimes.indiatimes.comhttps://economictimes.indiatimes.com/news/international/world-news/europes-last-dictator-wants-to-be-its-cryptocurrency-king/articleshow/62215318.cms
2017-12-23,bitcoin volatility will scare you as its cryptic but not a currency nick parsons simply macro strategy,https://economictimes.indiatimes.comhttps://economictimes.indiatimes.com/markets/expert-view/bitcoin-volatility-will-scare-you-as-its-cryptic-but-not-a-currency-nick-parsons-simply-macro-strategy/articleshow/62218824.cms
2017-12-24,world economies need single currency anil bokil,https://economictimes.indiatimes.comhttps://economictimes.indiatimes.com/news/politics-and-nation/world-economies-need-single-currency-anil-bokil/articleshow/62233228.cms
2017-12-25,sgx pips nse in currency futures for first time,https://economictimes.indiatimes.comhttps://economictimes.indiatimes.com/markets/stocks/news/sgx-pips-nse-in-currency-futures-for-first-time/articleshow/62237042.cms
2017-12-25,stock and forex markets shut on account of christmas,https://economictimes.indiatimes.comhttps://economictimes.indiatimes.com/markets/stocks/news/stock-and-forex-markets-shut-on-account-of-christmas/articleshow/62237120.cms
2017-12-26,is bitcoin back cryptocurrency passes 15000 as rebound begins,https://economictimes.indiatimes.comhttps://economictimes.indiatimes.com/markets/stocks/news/is-bitcoin-back-cryptocurrency-passes-15000-as-rebound-begins/articleshow/62253824.cms
2017-12-29,forex reserves hit record 404 92 billion,https://economictimes.indiatimes.comhttps://economictimes.indiatimes.com/markets/forex/forex-reserves-hit-record-404-92-billion/articleshow/62297460.cms
2017-12-29,in case youve not had enough of cryptocurrency take a look at other digital currencies,https://economictimes.indiatimes.comhttps://economictimes.indiatimes.com/magazines/panache/in-case-youve-not-had-enough-of-cryptocurrency-take-a-look-at-other-digital-currencies/articleshow/62263475.cms
2018-01-04,india thailand risk being added to us currency watchlist,https://economictimes.indiatimes.comhttps://economictimes.indiatimes.com/markets/forex/india-thailand-risk-being-added-to-us-currency-watchlist/articleshow/62360333.cms
2018-01-05,forex reserves surge to new high of 409 4 billion,https://economictimes.indiatimes.comhttps://economictimes.indiatimes.com/markets/forex/forex-reserves-surge-to-new-high-of-409-4-billion/articleshow/62382209.cms
2018-01-05,mark zuckerberg just gave cryptocurrency enthusiasts a little optimism,https://economictimes.indiatimes.comhttps://economictimes.indiatimes.com/magazines/panache/mark-zuckerberg-just-gave-cryptocurrency-enthusiasts-a-little-optimism/articleshow/62381737.cms
2018-01-08,top 6 hacks to manage forex for your next international vacation,https://economictimes.indiatimes.comhttps://economictimes.indiatimes.com/magazines/panache/top-6-hacks-to-manage-forex-for-your-next-international-vacation/articleshow/62413736.cms
2018-01-10,forex smuggling jet airways to take action against crew,https://economictimes.indiatimes.comhttps://economictimes.indiatimes.com/industry/transportation/airlines-/-aviation/forex-smuggling-jet-airways-to-take-action-against-crew/articleshow/62445241.cms
2018-01-11,securitisation of loans is in currency again with no gst on it crisil study,https://economictimes.indiatimes.comhttps://economictimes.indiatimes.com/news/economy/finance/securitisation-of-loans-is-in-currency-again-with-no-gst-on-it-crisil-study/articleshow/62460048.cms
2018-01-11,rbi net buys 864 million of us currency in november,https://economictimes.indiatimes.comhttps://economictimes.indiatimes.com/markets/forex/rbi-net-buys-864-million-of-us-currency-in-november/articleshow/62458545.cms
2018-01-11,for tcs expecting 1 5 constant currency growth this qtr urmil shah idbi capital,https://economictimes.indiatimes.comhttps://economictimes.indiatimes.com/markets/expert-view/for-tcs-expecting-1-5-constant-currency-growth-this-qtr-urmil-shah-idbi-capital/articleshow/62455922.cms
2018-01-12,forex reserves scale new high of 411 124 billion,https://economictimes.indiatimes.comhttps://economictimes.indiatimes.com/markets/forex/forex-reserves-scale-new-high-of-411-124-billion/articleshow/62476479.cms
2018-01-12,is cryptocurrency next on mukesh ambanis to do list,https://economictimes.indiatimes.comhttps://economictimes.indiatimes.com/news/company/corporate-trends/is-cryptocurrency-next-on-mukesh-ambanis-to-do-list/articleshow/62468001.cms
2018-01-14,indonesia warns against dealing in cryptocurrency,https://economictimes.indiatimes.comhttps://economictimes.indiatimes.com/markets/stocks/news/indonesia-warns-against-dealing-in-cryptocurrency/articleshow/62495329.cms
2018-01-14,more jet airways staff under dri lens for forex smuggling,https://economictimes.indiatimes.comhttps://economictimes.indiatimes.com/industry/transportation/airlines-/-aviation/more-jet-airways-staff-under-dri-lens-for-forex-smuggling/articleshow/62495077.cms
2018-01-16,demonetised currency worth rs 80 crore seized from uttar pradesh,https://economictimes.indiatimes.comhttps://economictimes.indiatimes.com/news/politics-and-nation/demonetised-currency-worth-rs-80-crore-seized-from-uttar-pradesh/articleshow/62530917.cms
2018-01-17,head of currency printing company anurag agarwal shown the door,https://economictimes.indiatimes.comhttps://economictimes.indiatimes.com/news/company/corporate-trends/head-of-currency-printing-company-anurag-agarwal-shown-the-door/articleshow/62533175.cms
2018-01-19,tax notices slapped on cryptocurrency investors as trading hits 3 5 billion,https://economictimes.indiatimes.comhttps://economictimes.indiatimes.com/news/economy/policy/tax-notices-slapped-on-cryptocurrency-investors-as-trading-hits-3-5-billion/articleshow/62570494.cms
2018-01-26,forex kitty continues to scale new peaks touches 414 78 billion,https://economictimes.indiatimes.comhttps://economictimes.indiatimes.com/news/economy/finance/forex-kitty-continues-to-scale-new-peaks-touches-414-78-billion/articleshow/62664598.cms
2018-01-29,forex revenue from tourism touches 27 7 bn in 2017 eco survey,https://economictimes.indiatimes.comhttps://economictimes.indiatimes.com/industry/services/travel/forex-revenue-from-tourism-touches-27-7-bn-in-2017-eco-survey/articleshow/62695608.cms
2018-02-01,govt to explore use of blockchain tech dubs cryptocurrency as illegal,https://economictimes.indiatimes.comhttps://economictimes.indiatimes.com/markets/stocks/news/govt-to-explore-use-of-blockchain-tech-dubs-cryptocurrency-as-illegal/articleshow/62738232.cms
2018-02-01,ask the travel expert is it advisable to buy foreign currency at the airport,https://economictimes.indiatimes.comhttps://economictimes.indiatimes.com/magazines/travel/ask-the-travel-expert-is-it-advisable-to-buy-foreign-currency-at-the-airport/articleshow/62724093.cms
2018-02-02,forex reserves surge 3 billion to 417 89 billion,https://economictimes.indiatimes.comhttps://economictimes.indiatimes.com/markets/forex/forex-reserves-surge-3-billion-to-417-89-billion/articleshow/62758844.cms
2018-02-02,fm dashes hopes of cryptocurrency regulation in budget 2018,https://economictimes.indiatimes.comhttps://economictimes.indiatimes.com/markets/stocks/news/fm-dashes-hopes-of-cryptocurrency-regulation-in-budget-2018/articleshow/62758330.cms
2018-02-03,bitcoins losing currency on budget warning,https://economictimes.indiatimes.comhttps://economictimes.indiatimes.com/markets/stocks/news/bitcoins-losing-currency-on-budget-warning/articleshow/62761940.cms
2018-02-05,sips mfs or cryptocurrency ceos top bosses reveal their saving and investment plans,https://economictimes.indiatimes.comhttps://economictimes.indiatimes.com/magazines/panache/sips-mfs-or-cryptocurrency-ceos-top-bosses-reveal-their-saving-and-investment-plans/articleshow/62784170.cms
2018-02-06,income tax dept issues notices to crypto currency investors chandra,https://economictimes.indiatimes.comhttps://economictimes.indiatimes.com/news/economy/policy/income-tax-dept-issues-notices-to-crypto-currency-investors-chandra/articleshow/62806801.cms
2018-02-06,bitcoin breaches 6000 as cryptocurrency exodus accelerates,https://economictimes.indiatimes.comhttps://economictimes.indiatimes.com/markets/stocks/news/bitcoin-breaches-6000-as-cryptocurrency-exodus-accelerates/articleshow/62802677.cms
2018-02-07,rbi eases limit in exchange traded currency futures market,https://economictimes.indiatimes.comhttps://economictimes.indiatimes.com/markets/forex/rbi-eases-limit-in-exchange-traded-currency-futures-market/articleshow/62820152.cms
2018-02-08,forex futures trading limit raised to 100 million,https://economictimes.indiatimes.comhttps://economictimes.indiatimes.com/markets/stocks/news/forex-futures-trading-limit-raised-to-100-million/articleshow/62832626.cms
2018-02-16,hackers are using your phones computers to mine a cryptocurrency,https://economictimes.indiatimes.comhttps://economictimes.indiatimes.com/tech/internet/hackers-are-using-your-phones-computers-to-mine-a-cryptocurrency/articleshow/62938024.cms
2018-02-17,chkfake review this app lets you check for signs to help identify a fake currency note,https://economictimes.indiatimes.comhttps://economictimes.indiatimes.com/magazines/panache/chkfake-review-this-app-lets-you-check-for-signs-to-help-identify-a-fake-currency-note/articleshow/62959915.cms
2018-02-20,nse gets sebis go ahead to launch cross currency derivatives,https://economictimes.indiatimes.comhttps://economictimes.indiatimes.com/markets/stocks/news/nse-gets-sebis-go-ahead-to-launch-cross-currency-derivatives/articleshow/63003193.cms
2018-02-21,bse to launch cross currency derivatives cross rupee options on feb 27,https://economictimes.indiatimes.comhttps://economictimes.indiatimes.com/markets/stocks/news/bse-to-launch-cross-currency-derivatives-cross-rupee-options-on-feb-27/articleshow/63014447.cms
2018-02-21,how pnb scam moved the currency market,https://economictimes.indiatimes.comhttps://economictimes.indiatimes.com/markets/forex/how-pnb-scam-moved-the-currency-market/articleshow/63004724.cms
2018-02-22,does serenity aim to become a regulatory body for forex market,https://economictimes.indiatimes.comhttps://economictimes.indiatimes.com/industry/banking/finance/does-serenity-aim-to-become-a-regulatory-body-for-forex-market/articleshow/63028772.cms
2018-02-22,some call it a scam some consider it an asset what billionaires have to say about cryptocurrency,https://economictimes.indiatimes.comhttps://economictimes.indiatimes.com/magazines/panache/some-call-it-a-scam-some-consider-it-an-asset-what-billionaires-have-to-say-about-cryptocurrency/articleshow/63023860.cms
2018-02-23,forex reserves up by 1 96 billion to 421 720 billion,https://economictimes.indiatimes.comhttps://economictimes.indiatimes.com/markets/forex/forex-reserves-up-by-1-96-billion-to-421-720-billion/articleshow/63046309.cms
2018-02-26,how currency will help companies to earn better,https://economictimes.indiatimes.comhttps://economictimes.indiatimes.com/markets/stocks/news/how-currency-will-help-companies-to-earn-better/articleshow/63085879.cms
2018-02-26,forex expert who advocated unlimited fpi access to bond market is no more,https://economictimes.indiatimes.comhttps://economictimes.indiatimes.com/markets/stocks/news/forex-expert-who-advocated-unlimited-fpi-access-to-bond-market-is-no-more/articleshow/63076923.cms
2018-02-27,no transaction fee on cross currency derivatives trade nse,https://economictimes.indiatimes.comhttps://economictimes.indiatimes.com/markets/stocks/news/no-transaction-fee-on-cross-currency-derivatives-trade-nse/articleshow/63094024.cms
2018-02-27,self proclaimed bitcoin inventor accused of swindling 5 billion of cryptocurrency,https://economictimes.indiatimes.comhttps://economictimes.indiatimes.com/markets/stocks/news/self-proclaimed-bitcoin-inventor-accused-of-swindling-5-billion-of-cryptocurrency/articleshow/63090820.cms
2018-02-28,btcxindia ethexindia to halt cryptocurrency trading from march 5,https://economictimes.indiatimes.comhttps://economictimes.indiatimes.com/wealth/personal-finance-news/btcxindia-ethexindia-to-halt-cryptocurrency-trading-from-march-5/articleshow/63110237.cms
2018-03-01,currency in circulation almost at pre demonetisation levels,https://economictimes.indiatimes.comhttps://economictimes.indiatimes.com/news/economy/finance/currency-in-circulation-almost-at-pre-demonetisation-levels/articleshow/63114589.cms
2018-03-01,cryptocurrency hedge funds sprout in india unfazed by regulatory cloud,https://economictimes.indiatimes.comhttps://economictimes.indiatimes.com/markets/stocks/news/cryptocurrency-hedge-funds-sprout-in-india-unfazed-by-regulatory-cloud/articleshow/63120919.cms
2018-03-02,stock bonds forex markets shut today for holi,https://economictimes.indiatimes.comhttps://economictimes.indiatimes.com/markets/stocks/news/stock-bonds-forex-markets-shut-today-for-holi/articleshow/63133588.cms
2018-03-03,yen emerging as currency market winner as trade tensions mount,https://economictimes.indiatimes.comhttps://economictimes.indiatimes.com/markets/forex/yen-emerging-as-currency-market-winner-as-trade-tensions-mount/articleshow/63145095.cms
2018-03-06,cryptocurrency exchanges are raking in billions of dollars,https://economictimes.indiatimes.comhttps://economictimes.indiatimes.com/markets/stocks/news/cryptocurrency-exchanges-are-raking-in-billions-of-dollars/articleshow/63182900.cms
2018-03-06,asias biggest currency gain in 20 years may be about to end,https://economictimes.indiatimes.comhttps://economictimes.indiatimes.com/markets/forex/asias-biggest-currency-gain-in-20-years-may-be-about-to-end/articleshow/63181182.cms
2018-03-07,how currency investors are bracing for a full blown trade war,https://economictimes.indiatimes.comhttps://economictimes.indiatimes.com/markets/forex/how-currency-investors-are-bracing-for-a-full-blown-trade-war/articleshow/63198408.cms
2018-03-07,cryptocurrency scams bloom on twitter amid very little policing,https://economictimes.indiatimes.comhttps://economictimes.indiatimes.com/markets/stocks/news/cryptocurrency-scams-bloom-on-twitter-amid-very-little-policing/articleshow/63197659.cms
2018-03-09,forex reserves jump by 168 million to 421 billion,https://economictimes.indiatimes.comhttps://economictimes.indiatimes.com/markets/forex/forex-reserves-jump-by-168-million-to-421-billion/articleshow/63236278.cms
2018-03-10,bitcoin blues should the government block cryptocurrency or regulate it,https://economictimes.indiatimes.comhttps://economictimes.indiatimes.com/news/economy/policy/bitcoin-blues-should-the-government-block-cryptocurrency-or-regulate-it/articleshow/63248546.cms
2018-03-13,india china exports most at risk from currency strength in asia,https://economictimes.indiatimes.comhttps://economictimes.indiatimes.com/news/economy/foreign-trade/india-china-exports-most-at-risk-from-currency-strength-in-asia/articleshow/63279701.cms
2018-03-14,after 16 months currency in circulation back to pre demonetisation levels,https://economictimes.indiatimes.comhttps://economictimes.indiatimes.com/news/economy/finance/after-16-months-currency-in-circulation-back-to-pre-demonetisation-levels/articleshow/63304790.cms
2018-03-14,google to ban cryptocurrency initial coin offering ads,https://economictimes.indiatimes.comhttps://economictimes.indiatimes.com/markets/stocks/news/google-to-ban-cryptocurrency-initial-coin-offering-ads/articleshow/63296912.cms
2018-03-15,currency in use hits pre note ban levels,https://economictimes.indiatimes.comhttps://economictimes.indiatimes.com/markets/forex/currency-in-use-hits-pre-note-ban-levels/articleshow/63309745.cms
2018-03-20,forex reserves set to fall as capital inflows plunge,https://economictimes.indiatimes.comhttps://economictimes.indiatimes.com/markets/stocks/news/forex-reserves-set-to-fall-as-capital-inflows-plunge/articleshow/63379650.cms
2018-03-22,what next for pakistan after second currency devaluation,https://economictimes.indiatimes.comhttps://economictimes.indiatimes.com/news/international/business/what-next-for-pakistan-after-second-currency-devaluation/articleshow/63409481.cms
2018-03-23,forex reserves fall 152 4 million to 421 334 billion,https://economictimes.indiatimes.comhttps://economictimes.indiatimes.com/markets/forex/forex-reserves-fall-152-4-million-to-421-334-billion/articleshow/63432690.cms
2018-03-23,how msmes can get the most out of exports and imports through forex,https://economictimes.indiatimes.comhttps://economictimes.indiatimes.com/small-biz/money/how-msmes-can-get-the-most-out-of-exports-and-imports-through-forex/articleshow/63426750.cms
2018-03-24,etmarkets special weekend podcast how trade fight impacts stocks currency,https://economictimes.indiatimes.comhttps://economictimes.indiatimes.com/markets/stocks/news/etmarkets-special-weekend-podcast-how-trade-fight-impacts-stocks-currency/articleshow/63442310.cms
2018-03-29,stocks currency and commodity markets shut today for mahavir jayanti,https://economictimes.indiatimes.comhttps://economictimes.indiatimes.com/markets/stocks/news/stocks-currency-and-commodity-markets-shut-today-for-mahavir-jayanti/articleshow/63527018.cms
2018-03-29,single currency or are travellers cheques a good option,https://economictimes.indiatimes.comhttps://economictimes.indiatimes.com/magazines/travel/ask-the-travel-expert-should-one-carry-foreign-exchange-cards-multi/single-currency-or-are-travellers-cheques-a-good-option/articleshow/63514285.cms
2018-03-30,forex reserves rise by 1 19 billion to 422 53 billion,https://economictimes.indiatimes.comhttps://economictimes.indiatimes.com/markets/stocks/news/forex-reserves-rise-by-1-19-billion-to-422-53-billion/articleshow/63546895.cms
2018-04-02,ebix to buy centrums forex business,https://economictimes.indiatimes.comhttps://economictimes.indiatimes.com/markets/stocks/news/ebix-to-buy-centrums-forex-business/articleshow/63575005.cms
2018-04-06,forex reserves rise by 1 82 billion to 424 36 billion,https://economictimes.indiatimes.comhttps://economictimes.indiatimes.com/markets/stocks/news/forex-reserves-rise-by-1-82-billion-to-424-36-billion/articleshow/63645934.cms
2018-04-09,rupee drops 5 paise to 65 02 on forex outflows,https://economictimes.indiatimes.comhttps://economictimes.indiatimes.com/markets/forex/rupee-drops-5-paise-to-65-02-on-forex-outflows/articleshow/63685250.cms
2018-04-09,cryptocurrency exchanges look to shift base abroad,https://economictimes.indiatimes.comhttps://economictimes.indiatimes.com/markets/stocks/news/cryptocurrency-exchanges-look-to-shift-base-abroad/articleshow/63674087.cms
2018-04-10,kg bhavans rinsed recalled currency while selling khadi,https://economictimes.indiatimes.comhttps://economictimes.indiatimes.com/news/politics-and-nation/kg-bhavans-rinsed-recalled-currency-while-selling-khadi/articleshow/63690946.cms
2018-04-13,forex reserve hits record high of 424 86 billion,https://economictimes.indiatimes.comhttps://economictimes.indiatimes.com/markets/stocks/news/forex-reserve-hits-record-high-of-424-86-billion/articleshow/63751191.cms
2018-04-14,us adds india to currency watch list with china,https://economictimes.indiatimes.comhttps://economictimes.indiatimes.com/news/economy/foreign-trade/us-adds-india-to-currency-watch-list-with-china/articleshow/63757620.cms
2018-04-16,why chances of india being named a currency manipulator are slim,https://economictimes.indiatimes.comhttps://economictimes.indiatimes.com/news/economy/finance/why-chances-of-india-being-named-a-currency-manipulator-are-slim/articleshow/63783383.cms
2018-04-16,paytm logs in to forex to start offering foreign exchange services soon,https://economictimes.indiatimes.comhttps://economictimes.indiatimes.com/small-biz/startups/newsbuzz/paytm-logs-in-to-forex-to-start-offering-foreign-exchange-services-soon/articleshow/63777684.cms
2018-04-16,rbi may not give a damn to us branding india currency manipulator,https://economictimes.indiatimes.comhttps://economictimes.indiatimes.com/markets/forex/rbi-may-not-give-a-damn-to-us-branding-india-currency-manipulator/articleshow/63781819.cms
2018-04-17,people suffering due to cash crunch while bjp flushed with currency sitaram yechury,https://economictimes.indiatimes.comhttps://economictimes.indiatimes.com/news/politics-and-nation/people-suffering-due-to-cash-crunch-while-bjp-flushed-with-currency-sitaram-yechury/articleshow/63802904.cms
2018-04-17,pound is the darling of the currency world right now,https://economictimes.indiatimes.comhttps://economictimes.indiatimes.com/markets/forex/pound-is-the-darling-of-the-currency-world-right-now/articleshow/63794533.cms
2018-04-18,reserve bank of india ramps up printing of currency notes,https://economictimes.indiatimes.comhttps://economictimes.indiatimes.com/industry/banking/finance/banking/reserve-bank-of-india-ramps-up-printing-of-currency-notes/articleshow/63803317.cms
2018-04-19,rbi to recoup forex reserves despite being put on us watch list report,https://economictimes.indiatimes.comhttps://economictimes.indiatimes.com/markets/forex/rbi-to-recoup-forex-reserves-despite-being-put-on-us-watch-list-report/articleshow/63829448.cms
2018-04-19,relaxed currency derivatives norms to bring more arbitrage opportunities,https://economictimes.indiatimes.comhttps://economictimes.indiatimes.com/markets/forex/relaxed-currency-derivatives-norms-to-bring-more-arbitrage-opportunities/articleshow/63826982.cms
2018-04-19,government assures availability of currency notes at atms,https://economictimes.indiatimes.comhttps://economictimes.indiatimes.com/industry/banking/finance/banking/government-assures-availability-of-currency-notes-at-atms/articleshow/63823835.cms
2018-04-20,demonetisation led to highest fake currency suspicious transactions report,https://economictimes.indiatimes.comhttps://economictimes.indiatimes.com/news/economy/policy/demonetisation-led-to-highest-fake-currency-suspicious-transactions-report/articleshow/63844339.cms
2018-04-26,rare rupee bull says currency to gain as rbi will raise rates,https://economictimes.indiatimes.comhttps://economictimes.indiatimes.com/markets/forex/rare-rupee-bull-says-currency-to-gain-as-rbi-will-raise-rates/articleshow/63923459.cms
2018-05-01,stock forex commodity markets shut on account of maharashtra day,https://economictimes.indiatimes.comhttps://economictimes.indiatimes.com/markets/stocks/news/stock-forex-commodity-markets-shut-on-account-of-maharashtra-day/articleshow/63980692.cms
2018-05-04,forex reserve drops 3 2 billion on dollar outflows,https://economictimes.indiatimes.comhttps://economictimes.indiatimes.com/markets/forex/forex-reserve-drops-3-2-billion-on-dollar-outflows/articleshow/64031531.cms
2018-05-09,view the us by far has been a bigger currency manipulator than india,https://economictimes.indiatimes.comhttps://economictimes.indiatimes.com/news/economy/finance/view-the-us-by-far-has-been-a-bigger-currency-manipulator-than-india/articleshow/64084856.cms
2018-05-11,forex reserve falls by 1 4 billion to 418 9 billion,https://economictimes.indiatimes.comhttps://economictimes.indiatimes.com/markets/forex/forex-reserve-falls-by-1-4-billion-to-418-9-billion/articleshow/64126455.cms
2018-05-11,things to know before buying prepaid forex card for your international holiday,https://economictimes.indiatimes.comhttps://economictimes.indiatimes.com/wealth/spend/things-to-know-before-buying-prepaid-forex-card-for-your-international-holiday/articleshow/64092484.cms
2018-05-15,indian origin man indicted in multi million dollar cryptocurrency scam,https://economictimes.indiatimes.comhttps://economictimes.indiatimes.com/news/international/world-news/indian-origin-man-indicted-in-multi-million-dollar-cryptocurrency-scam/articleshow/64170366.cms
2018-05-15,currency crisis wont rock asia,https://economictimes.indiatimes.comhttps://economictimes.indiatimes.com/markets/forex/currency-crisis-wont-rock-asia/articleshow/64170113.cms
2018-05-18,currency situation normal atms functioning well dea secretary,https://economictimes.indiatimes.comhttps://economictimes.indiatimes.com/news/economy/finance/currency-situation-normal-atms-functioning-well-dea-secretary/articleshow/64225844.cms
2018-05-18,forex reserve down for fourth week falls by 1 24 billion to 417 7 billion,https://economictimes.indiatimes.comhttps://economictimes.indiatimes.com/markets/forex/forex-reserve-down-for-fourth-week-falls-by-1-24-billion-to-417-7-billion/articleshow/64225010.cms
2018-05-23,fear is the new currency,https://economictimes.indiatimes.comhttps://economictimes.indiatimes.com/markets/forex/fear-is-the-new-currency/articleshow/64284670.cms
2018-05-24,china extends currency swap deal with pakistan,https://economictimes.indiatimes.comhttps://economictimes.indiatimes.com/news/international/business/china-extends-currency-swap-deal-with-pakistan/articleshow/64305181.cms
2018-05-26,rupee gains forex reserves down for 5th week,https://economictimes.indiatimes.comhttps://economictimes.indiatimes.com/markets/forex/rupee-gains-forex-reserves-down-for-5th-week/articleshow/64328244.cms
2018-05-28,no transaction fee on cross currency derivatives trade till aug 31 nse,https://economictimes.indiatimes.comhttps://economictimes.indiatimes.com/markets/stocks/news/no-transaction-fee-on-cross-currency-derivatives-trade-till-aug-31-nse/articleshow/64358842.cms
2018-05-30,weather currency storm by hiding in it jagannadham thunuguntla centrum broking,https://economictimes.indiatimes.comhttps://economictimes.indiatimes.com/markets/expert-view/weather-currency-storm-by-hiding-in-it-jagannadham-thunuguntla-centrum-broking/articleshow/64382269.cms
2018-05-30,stock market update weizmann forex dilip buildcon among top losers of the day,https://economictimes.indiatimes.comhttps://economictimes.indiatimes.com/markets/stocks/news/stock-market-update-weizmann-forex-dilip-buildcon-among-top-losers-of-the-day/articleshow/64385726.cms
2018-06-01,forex reserves decline by 2 23 bn to 412 83 bn,https://economictimes.indiatimes.comhttps://economictimes.indiatimes.com/markets/forex/forex-reserves-decline-by-2-23-bn-to-412-83-bn/articleshow/64419546.cms
2018-06-06,how will rbi weather out currency swings,https://economictimes.indiatimes.comhttps://economictimes.indiatimes.com/markets/stocks/news/how-will-rbi-weather-out-currency-swings/articleshow/64484298.cms
2018-06-07,standalone dealers to get forex licences,https://economictimes.indiatimes.comhttps://economictimes.indiatimes.com/markets/stocks/news/standalone-dealers-to-get-forex-licences/articleshow/64489447.cms
2018-06-08,forex reserve falls by 0 59 billion to 412 23 billion,https://economictimes.indiatimes.comhttps://economictimes.indiatimes.com/markets/forex/forex-reserve-falls-by-0-59-billion-to-412-23-billion/articleshow/64511610.cms
2018-06-10,this week in em brazil boosts currency defense while india and turkey hike rates,https://economictimes.indiatimes.comhttps://economictimes.indiatimes.com/markets/stocks/news/this-week-in-em-brazil-boosts-currency-defense-while-india-and-turkey-hike-rates/articleshow/64530369.cms
2018-06-10,india saved rs 5000 cr forex post new steel policy secy,https://economictimes.indiatimes.comhttps://economictimes.indiatimes.com/news/economy/finance/india-saved-rs-5000-cr-forex-post-new-steel-policy-secy/articleshow/64528086.cms
2018-06-10,currency with public doubles from demonetisation low hits record at over rs 18 lakh crore,https://economictimes.indiatimes.comhttps://economictimes.indiatimes.com/news/economy/finance/currency-with-public-doubles-from-demonetisation-low-hits-record-at-over-rs-18-lakh-crore/articleshow/64526932.cms
2018-06-11,rbis currency market intervention hits 18 month high in april,https://economictimes.indiatimes.comhttps://economictimes.indiatimes.com/markets/forex/rbis-currency-market-intervention-hits-18-month-high-in-april/articleshow/64546414.cms
2018-06-15,forex reserve up by 0 88 billion at 413 billion,https://economictimes.indiatimes.comhttps://economictimes.indiatimes.com/markets/forex/forex-reserve-up-by-0-88-billion-at-413-billion/articleshow/64606071.cms
2018-06-22,fifa world cups currency connect shows rupee should rise now,https://economictimes.indiatimes.comhttps://economictimes.indiatimes.com/markets/forex/fifa-world-cups-currency-connect-shows-rupee-should-rise-now/articleshow/64693150.cms
2018-06-29,forex reserve dips by 2 25 billion to 407 81 billion,https://economictimes.indiatimes.comhttps://economictimes.indiatimes.com/markets/stocks/news/forex-reserve-dips-by-2-25-billion-to-407-81-billion/articleshow/64796848.cms
2018-08-01,world probably at the start of a currency war rbi governor,https://economictimes.indiatimes.comhttps://economictimes.indiatimes.com/markets/stocks/news/world-probably-at-the-start-of-a-currency-war-rbi-governor/articleshow/65227883.cms
2018-08-03,forex reserves dip by 950 9 million to 404 2 billion,https://economictimes.indiatimes.comhttps://economictimes.indiatimes.com/markets/forex/forex-reserves-dip-by-950-9-million-to-404-2-billion/articleshow/65260876.cms
2018-08-10,rupee falls 15 paise against dollar amid global currency turmoil,https://economictimes.indiatimes.comhttps://economictimes.indiatimes.com/markets/forex/rupee-falls-15-paise-against-dollar-amid-global-currency-turmoil/articleshow/65357894.cms
2018-08-13,forex reserve in comfortable range says dbs,https://economictimes.indiatimes.comhttps://economictimes.indiatimes.com/markets/forex/forex-reserve-in-comfortable-range-says-dbs/articleshow/65385798.cms
2018-08-13,rupee second best performing em currency in past one month,https://economictimes.indiatimes.comhttps://economictimes.indiatimes.com/markets/forex/rupee-second-best-performing-em-currency-in-past-one-month/articleshow/65382985.cms
2018-08-15,comfortable forex reserves to deal with rupee volatility jaitley,https://economictimes.indiatimes.comhttps://economictimes.indiatimes.com/markets/forex/comfortable-forex-reserves-to-deal-with-rupee-volatility-jaitley/articleshow/65412851.cms
2018-08-15,rupee70 is indian currency still overvalued,https://economictimes.indiatimes.comhttps://economictimes.indiatimes.com/markets/forex/rupee70-is-indian-currency-still-overvalued/articleshow/65411397.cms
2018-08-16,investors worry about macros not currency shashank joshi mufg bank,https://economictimes.indiatimes.comhttps://economictimes.indiatimes.com/markets/expert-view/investors-worry-about-macros-not-currency-shashank-joshi-mufg-bank/articleshow/65418936.cms
2018-08-17,indias forex reserves may fall below 400 billion mark,https://economictimes.indiatimes.comhttps://economictimes.indiatimes.com/markets/forex/indias-forex-reserves-may-fall-below-400-billion-mark/articleshow/65442055.cms
2018-08-18,forex kitty hits a low on rbi dollar sales,https://economictimes.indiatimes.comhttps://economictimes.indiatimes.com/markets/forex/forex-kitty-hits-a-low-on-rbi-dollar-sales/articleshow/65448000.cms
2018-08-20,venezuela launches historys greatest forex devaluation,https://economictimes.indiatimes.comhttps://economictimes.indiatimes.com/markets/forex/venezuela-launches-historys-greatest-forex-devaluation/articleshow/65477441.cms
2018-08-21,leisure travellers turning to nations facing currency fall,https://economictimes.indiatimes.comhttps://economictimes.indiatimes.com/industry/services/travel/leisure-travellers-turning-to-nations-facing-currency-fall/articleshow/65481499.cms
2018-08-22,trump a currency manipulator wall street isnt ruling it out,https://economictimes.indiatimes.comhttps://economictimes.indiatimes.com/markets/stocks/news/trump-a-currency-manipulator-wall-street-isnt-ruling-it-out/articleshow/65500933.cms
2018-08-24,forex reserve drops by 33 2 million to 400 84 billion,https://economictimes.indiatimes.comhttps://economictimes.indiatimes.com/markets/forex/forex-reserve-drops-by-33-2-million-to-400-84-billion/articleshow/65534021.cms
2018-08-24,currency that matters most is still the us dollar,https://economictimes.indiatimes.comhttps://economictimes.indiatimes.com/markets/forex/currency-that-matters-most-is-still-the-us-dollar/articleshow/65525783.cms
2018-08-25,four things other than cryptocurrency that blockchain can do for you,https://economictimes.indiatimes.comhttps://economictimes.indiatimes.com/small-biz/security-tech/technology/four-things-other-than-cryptocurrency-that-blockchain-can-do-for-you/articleshow/65539901.cms
2018-08-28,cryptocurrency tycoons will soon find out how rich they really are,https://economictimes.indiatimes.comhttps://economictimes.indiatimes.com/small-biz/startups/newsbuzz/cryptocurrency-tycoons-will-soon-find-out-how-rich-they-really-are/articleshow/65570633.cms
2018-08-28,fresh scheme via merchants to help bhim gain currency again,https://economictimes.indiatimes.comhttps://economictimes.indiatimes.com/small-biz/sme-sector/fresh-scheme-via-merchants-to-help-bhim-gain-currency-again/articleshow/65570417.cms
2018-08-30,bloodbath continues in forex market rupee plunges to fresh record low against dollar,https://economictimes.indiatimes.comhttps://economictimes.indiatimes.com/markets/forex/bloodbath-continues-in-forex-market-rupee-plunges-to-fresh-record-low-against-dollar/articleshow/65602385.cms
2018-08-30,rbi panel to study feasibility of digital currency,https://economictimes.indiatimes.comhttps://economictimes.indiatimes.com/news/economy/policy/rbi-panel-to-study-feasibility-of-digital-currency/articleshow/65601646.cms
2018-08-30,rbi squeezing circulation of rs 2000 currency notes,https://economictimes.indiatimes.comhttps://economictimes.indiatimes.com/news/economy/policy/rbi-squeezing-circulation-of-rs-2000-currency-notes/articleshow/65594053.cms
2018-08-31,forex reserve rises 445 million to 401 293 billion,https://economictimes.indiatimes.comhttps://economictimes.indiatimes.com/markets/forex/forex-reserve-rises-445-million-to-401-293-billion/articleshow/65626930.cms
2018-08-31,august turns ugly for emerging markets as currency crises spread,https://economictimes.indiatimes.comhttps://economictimes.indiatimes.com/markets/stocks/news/august-turns-ugly-for-emerging-markets-as-currency-crises-spread/articleshow/65622507.cms
2018-09-03,currency volatility to have limited impact on indias credit profile fitch,https://economictimes.indiatimes.comhttps://economictimes.indiatimes.com/news/economy/indicators/currency-volatility-to-have-limited-impact-on-indias-credit-profile-fitch/articleshow/65662681.cms
2018-09-04,no transaction fee on cross currency derivatives trade till august 2019 bse,https://economictimes.indiatimes.comhttps://economictimes.indiatimes.com/markets/stocks/news/no-transaction-fee-on-cross-currency-derivatives-trade-till-august-2019-bse/articleshow/65674195.cms
2018-09-04,no love for rupee as technicals point to oversold currency,https://economictimes.indiatimes.comhttps://economictimes.indiatimes.com/markets/forex/no-love-for-rupee-as-technicals-point-to-oversold-currency/articleshow/65668638.cms
2018-09-06,we need to clean up our dirty currency,https://economictimes.indiatimes.comhttps://economictimes.indiatimes.com/magazines/panache/we-need-to-clean-up-our-dirty-currency/articleshow/65711476.cms
2018-09-07,rbi tweak norms for exchange of defective currency,https://economictimes.indiatimes.comhttps://economictimes.indiatimes.com/news/economy/policy/rbi-tweak-norms-for-exchange-of-defective-currency/articleshow/65722222.cms
2018-09-07,us dollar to keep currency crown this year but not next reuters poll,https://economictimes.indiatimes.comhttps://economictimes.indiatimes.com/markets/forex/us-dollar-to-keep-currency-crown-this-year-but-not-next-reuters-poll/articleshow/65715416.cms
2018-09-11,double trouble weaker currency and high cad bode ill for stocks,https://economictimes.indiatimes.comhttps://economictimes.indiatimes.com/markets/stocks/news/double-trouble-weaker-currency-and-high-cad-bode-ill-for-stocks/articleshow/65762624.cms
2018-09-12,rupee plunge calls for action as currency overvaluation easing,https://economictimes.indiatimes.comhttps://economictimes.indiatimes.com/markets/forex/rupee-plunge-calls-for-action-as-currency-overvaluation-easing/articleshow/65781788.cms
2018-09-13,sensex nifty currency commodity markets closed on account of ganesh chaturthi,https://economictimes.indiatimes.comhttps://economictimes.indiatimes.com/markets/stocks/news/sensex-nifty-currency-commodity-markets-closed-on-account-of-ganesh-chaturthi/articleshow/65792382.cms
2018-09-13,ask the travel expert tourists can carry indian currency in bhutan except rs 2000 note,https://economictimes.indiatimes.comhttps://economictimes.indiatimes.com/magazines/travel/ask-the-travel-expert-tourists-can-carry-indian-currency-in-bhutan-except-rs-2000-note/articleshow/65783637.cms
2018-09-15,forex reserve falls below 400 billion mark,https://economictimes.indiatimes.comhttps://economictimes.indiatimes.com/markets/forex/forex-reserve-falls-below-400-billion-mark/articleshow/65810921.cms
2018-09-20,usd 60 million in virtual currency hacked in japan,https://economictimes.indiatimes.comhttps://economictimes.indiatimes.com/markets/stocks/news/usd-60-million-in-virtual-currency-hacked-in-japan/articleshow/65881954.cms
2018-09-21,forex reserve rises 1 2 billion to 400 5 billion,https://economictimes.indiatimes.comhttps://economictimes.indiatimes.com/markets/forex/forex-reserve-rises-1-2-billion-to-400-5-billion/articleshow/65904698.cms
2018-09-22,no one knows what to call the hottest cryptocurrency,https://economictimes.indiatimes.comhttps://economictimes.indiatimes.com/markets/stocks/news/no-one-knows-what-to-call-the-hottest-cryptocurrency/articleshow/65910413.cms
2018-09-24,currency in circulation slows down since may on spike in crude rbi selling dlrs report,https://economictimes.indiatimes.comhttps://economictimes.indiatimes.com/news/economy/finance/currency-in-circulation-slows-down-since-may-on-spike-in-crude-rbi-selling-dlrs-report/articleshow/65933413.cms
2018-09-26,currency hedging banks fee income rises,https://economictimes.indiatimes.comhttps://economictimes.indiatimes.com/markets/forex/currency-hedging-banks-fee-income-rises/articleshow/65959329.cms
2018-09-29,forex reserves up by 1 3 billion on rise in foreign currency assets,https://economictimes.indiatimes.comhttps://economictimes.indiatimes.com/markets/forex/forex-reserves-up-by-1-3-billion-on-rise-in-foreign-currency-assets/articleshow/66003183.cms
2018-10-03,italy yields hit post 2014 high on own currency demand,https://economictimes.indiatimes.comhttps://economictimes.indiatimes.com/markets/stocks/news/italy-yields-hit-post-2014-high-on-own-currency-demand/articleshow/66049738.cms
2018-10-04,worst emerging market currency nears bottom for this treasurer,https://economictimes.indiatimes.comhttps://economictimes.indiatimes.com/markets/forex/worst-emerging-market-currency-nears-bottom-for-this-treasurer/articleshow/66067840.cms
2018-10-06,in 2018 ems hiked rates to arrest currency slide,https://economictimes.indiatimes.comhttps://economictimes.indiatimes.com/markets/stocks/news/in-2018-ems-hiked-rates-to-arrest-currency-slide/articleshow/66095774.cms
2018-10-06,post policy currency bonds head in opposite directions,https://economictimes.indiatimes.comhttps://economictimes.indiatimes.com/markets/stocks/news/post-policy-currency-bonds-head-in-opposite-directions/articleshow/66094773.cms
2018-10-09,rupee owes its survival amid em currency rout to rbis support,https://economictimes.indiatimes.comhttps://economictimes.indiatimes.com/markets/forex/rupee-owes-its-survival-amid-em-currency-rout-to-rbis-support/articleshow/66128916.cms
2018-10-10,are the govt and rbi playing different tunes on currency crisis,https://economictimes.indiatimes.comhttps://economictimes.indiatimes.com/news/economy/policy/are-the-govt-and-rbi-playing-different-tunes-on-currency-crisis/articleshow/66142325.cms
2018-10-11,imfs lagarde warns against trade currency wars urges fix to global rules,https://economictimes.indiatimes.comhttps://economictimes.indiatimes.com/markets/stocks/news/imfs-lagarde-warns-against-trade-currency-wars-urges-fix-to-global-rules/articleshow/66161318.cms
2018-10-13,forex reserves dip below 400 billion again,https://economictimes.indiatimes.comhttps://economictimes.indiatimes.com/markets/forex/forex-reserves-dip-below-400-billion-again/articleshow/66191213.cms
2018-10-14,the yuan is asias weakest currency,https://economictimes.indiatimes.comhttps://economictimes.indiatimes.com/markets/forex/the-yuan-is-asias-weakest-currency/articleshow/66201726.cms
2018-10-16,cryptocurrency platform moonx hope to woo indian traders,https://economictimes.indiatimes.comhttps://economictimes.indiatimes.com/markets/stocks/news/cryptocurrency-platform-moonx-hope-to-woo-indian-traders/articleshow/66248427.cms
2018-10-16,trump urged to declare china a currency manipulator,https://economictimes.indiatimes.comhttps://economictimes.indiatimes.com/news/international/world-news/trump-urged-to-declare-china-a-currency-manipulator/articleshow/66231506.cms
2018-10-19,us says it could remove india from currency monitoring list,https://economictimes.indiatimes.comhttps://economictimes.indiatimes.com/news/economy/policy/us-says-it-could-remove-india-from-currency-monitoring-list/articleshow/66271770.cms
2018-10-20,the real currency manipulators get off the hook,https://economictimes.indiatimes.comhttps://economictimes.indiatimes.com/markets/stocks/news/the-real-currency-manipulators-get-off-the-hook/articleshow/66290949.cms
2018-10-20,indias forex reserves see biggest single week fall in 7 years to 394 5 billion,https://economictimes.indiatimes.comhttps://economictimes.indiatimes.com/markets/forex/indias-forex-reserves-see-biggest-single-week-fall-in-7-years-to-394-5-billion/articleshow/66289604.cms
2018-10-22,rupee forecaster ing gets more bearish just as currency rebounds,https://economictimes.indiatimes.comhttps://economictimes.indiatimes.com/markets/forex/rupee-forecaster-ing-gets-more-bearish-just-as-currency-rebounds/articleshow/66313992.cms
2018-10-24,saudi arabia aid eases pressure on forex reserves pakistan pm imran khan,https://economictimes.indiatimes.comhttps://economictimes.indiatimes.com/news/international/world-news/saudi-arabia-aid-eases-pressure-on-forex-reserves-pakistan-pm-imran-khan/articleshow/66353164.cms
2018-10-24,ccb police arrests crypto currency kiosk owner,https://economictimes.indiatimes.comhttps://economictimes.indiatimes.com/news/politics-and-nation/ccb-police-arrests-crypto-currency-kiosk-owner/articleshow/66342407.cms
2018-10-25,forex burn by rbi has silver lining for bond market,https://economictimes.indiatimes.comhttps://economictimes.indiatimes.com/markets/bonds/forex-burn-by-rbi-has-silver-lining-for-bond-market/articleshow/66361926.cms
2018-10-26,forex reserve down by 942 million to 393 523 billion,https://economictimes.indiatimes.comhttps://economictimes.indiatimes.com/markets/forex/forex-reserve-down-by-942-million-to-393-523-billion/articleshow/66381964.cms
2018-10-26,supreme court seeks centres view on cryptocurrency within 2 weeks,https://economictimes.indiatimes.comhttps://economictimes.indiatimes.com/news/politics-and-nation/supreme-court-seeks-centres-view-on-cryptocurrency-within-2-weeks/articleshow/66372014.cms
2018-10-29,rbi allows banks for fire audit of currency chests by approved agencies,https://economictimes.indiatimes.comhttps://economictimes.indiatimes.com/industry/banking/finance/banking/rbi-allows-banks-for-fire-audit-of-currency-chests-by-approved-agencies/articleshow/66415350.cms
2018-10-31,whats in it for india in 75 billion currency swap pact in japan,https://economictimes.indiatimes.comhttps://economictimes.indiatimes.com/markets/forex/whats-in-it-for-india-in-75-billion-currency-swap-pact-in-japan/articleshow/66443182.cms
2018-11-08,more yellow metal makes its way into rbis forex reserves,https://economictimes.indiatimes.comhttps://economictimes.indiatimes.com/markets/forex/more-yellow-metal-makes-its-way-into-rbis-forex-reserves/articleshow/66540337.cms
2018-11-15,ask the travel expert which currency to choose on a trip to thailand usd or baht,https://economictimes.indiatimes.comhttps://economictimes.indiatimes.com/magazines/travel/ask-the-travel-expert-which-currency-to-choose-on-a-trip-to-thailand-usd-or-baht/articleshow/66619075.cms
2018-11-16,forex reserve drops by 121 2 million to 393 01 billion,https://economictimes.indiatimes.comhttps://economictimes.indiatimes.com/markets/forex/forex-reserve-drops-by-121-2-million-to-393-01-billion/articleshow/66655316.cms
2018-11-19,how rbi government rift moved currency traders,https://economictimes.indiatimes.comhttps://economictimes.indiatimes.com/markets/stocks/news/how-rbi-government-rift-moved-currency-traders/articleshow/66699768.cms
2018-11-21,indias return is partly a story of currency recovery adrian mowat,https://economictimes.indiatimes.comhttps://economictimes.indiatimes.com/markets/expert-view/indias-return-is-partly-a-story-of-currency-recovery-adrian-mowat/articleshow/66689568.cms
2018-11-21,debt forex markets closed on wednesday,https://economictimes.indiatimes.comhttps://economictimes.indiatimes.com/markets/forex/debt-forex-markets-closed-on-wednesday/articleshow/66728827.cms
2018-11-23,forex reserve jumps by 568 9 million to 393 58 billion,https://economictimes.indiatimes.comhttps://economictimes.indiatimes.com/markets/forex/forex-reserve-jumps-by-568-9-million-to-393-58-billion/articleshow/66773977.cms
2018-11-23,how msmes can benefit through the forex market,https://economictimes.indiatimes.comhttps://economictimes.indiatimes.com/small-biz/trade/exports/process/how-msmes-can-benefit-through-the-forex-market/articleshow/66760412.cms
2018-11-28,little known to many investors cryptocurrency reviews are for sale,https://economictimes.indiatimes.comhttps://economictimes.indiatimes.com/markets/stocks/news/little-known-to-many-investors-cryptocurrency-reviews-are-for-sale/articleshow/66837463.cms
2018-11-30,forex reserves drop by 24 02 billion to 400 52 billion in april september,https://economictimes.indiatimes.comhttps://economictimes.indiatimes.com/markets/forex/forex-reserves-drop-by-24-02-billion-to-400-52-billion-in-april-september/articleshow/66887640.cms
2018-11-30,panic hits pakistan rupee currency falls to all time low of rs 144,https://economictimes.indiatimes.comhttps://economictimes.indiatimes.com/news/international/world-news/panic-hits-pakistan-rupee-currency-falls-to-all-time-low-of-rs-144/articleshow/66882033.cms
2018-12-02,trump complains again of currency manipulation before xi dinner,https://economictimes.indiatimes.comhttps://economictimes.indiatimes.com/markets/stocks/news/trump-complains-again-of-currency-manipulation-before-xi-dinner/articleshow/66893614.cms
2018-12-03,currency hedging on the wane as rupee stabilizes,https://economictimes.indiatimes.comhttps://economictimes.indiatimes.com/markets/forex/currency-hedging-on-the-wane-as-rupee-stabilizes/articleshow/66917042.cms
2018-12-04,mse gets sebi nod for weekly options on currency products,https://economictimes.indiatimes.comhttps://economictimes.indiatimes.com/markets/stocks/news/mse-gets-sebi-nod-for-weekly-options-on-currency-products/articleshow/66930708.cms
2018-12-04,pakistan plans to curb central banks power to manage currency,https://economictimes.indiatimes.comhttps://economictimes.indiatimes.com/markets/forex/pakistan-plans-to-curb-central-banks-power-to-manage-currency/articleshow/66933612.cms
2018-12-06,mse gets sebi approval for weekly options on currency products,https://economictimes.indiatimes.comhttps://economictimes.indiatimes.com/markets/stocks/news/mse-gets-sebi-approval-for-weekly-options-on-currency-products/articleshow/66969016.cms
2018-12-07,forex reserve rises by 932 8 million to 393 72 billion,https://economictimes.indiatimes.comhttps://economictimes.indiatimes.com/markets/forex/forex-reserve-rises-by-932-8-million-to-393-72-billion/articleshow/66991224.cms
2018-12-07,india uae currency swap pact to reduce delhis dependency on us dollars,https://economictimes.indiatimes.comhttps://economictimes.indiatimes.com/news/economy/foreign-trade/india-uae-currency-swap-pact-to-reduce-delhis-dependency-on-us-dollars/articleshow/66984751.cms
2018-12-12,double blow to rupee quells revival hope for worst asia currency,https://economictimes.indiatimes.comhttps://economictimes.indiatimes.com/markets/forex/double-blow-to-rupee-quells-revival-hope-for-worst-asia-currency/articleshow/67055647.cms
2018-12-12,new boss on mint street should soothe bond and currency markets lakshmi iyer kotak mutual fund,https://economictimes.indiatimes.comhttps://economictimes.indiatimes.com/markets/expert-view/new-boss-on-mint-street-should-soothe-bond-and-currency-markets-lakshmi-iyer-kotak-mutual-fund/articleshow/67055036.cms
2018-12-14,nepal bans higher denomination indian currency notes,https://economictimes.indiatimes.comhttps://economictimes.indiatimes.com/news/politics-and-nation/nepal-bans-higher-denomination-indian-currency-notes/articleshow/67087887.cms
2018-12-21,forex reserves decline by usd 613 9 million to usd 393 12 billion,https://economictimes.indiatimes.comhttps://economictimes.indiatimes.com/markets/forex/forex-reserves-decline-by-usd-613-9-million-to-usd-393-12-billion/articleshow/67197882.cms
2018-12-26,japans top currency official says govt ready to act to curb yen volatility,https://economictimes.indiatimes.comhttps://economictimes.indiatimes.com/markets/forex/japans-top-currency-official-says-govt-ready-to-act-to-curb-yen-volatility/articleshow/67251867.cms
2018-12-28,forex reserves up by 167 2 mn to 393 28 billion,https://economictimes.indiatimes.comhttps://economictimes.indiatimes.com/markets/forex/forex-reserves-up-by-167-2-mn-to-393-28-billion/articleshow/67289917.cms
2018-12-31,how a returning nri can open resident foreign currency account,https://economictimes.indiatimes.comhttps://economictimes.indiatimes.com/wealth/save/how-a-returning-nri-can-open-resident-foreign-currency-account/articleshow/67296327.cms
2019-01-01,taking positions on currency movements through futures,https://economictimes.indiatimes.comhttps://economictimes.indiatimes.com/markets/forex/taking-positions-on-currency-movements-through-futures/articleshow/67332602.cms
2019-01-03,while cryptocurrency ventures struggle for funding its advantage lending,https://economictimes.indiatimes.comhttps://economictimes.indiatimes.com/small-biz/startups/newsbuzz/while-cryptocurrency-ventures-struggle-for-funding-its-advantage-lending/articleshow/67364299.cms
2019-01-03,yen surge algos set off flash crash moves in currency market,https://economictimes.indiatimes.comhttps://economictimes.indiatimes.com/markets/forex/yen-surge-algos-set-off-flash-crash-moves-in-currency-market/articleshow/67363161.cms
2019-01-03,oil prices drop amid currency and stock market turmoil,https://economictimes.indiatimes.comhttps://economictimes.indiatimes.com/markets/commodities/news/oil-prices-drop-amid-currency-and-stock-market-turmoil/articleshow/67358591.cms
2019-01-04,forex reserve rises by 116 4 million to 393 404 billion,https://economictimes.indiatimes.comhttps://economictimes.indiatimes.com/markets/stocks/news/forex-reserve-rises-by-116-4-million-to-393-404-billion/articleshow/67384980.cms
2019-01-04,flash crash moves hit currency markets,https://economictimes.indiatimes.comhttps://economictimes.indiatimes.com/markets/stocks/news/flash-crash-moves-hit-currency-markets/articleshow/67376580.cms
2019-01-05,top companies bank on cryptocurrency for internal use,https://economictimes.indiatimes.comhttps://economictimes.indiatimes.com/news/company/corporate-trends/top-companies-bank-on-cryptocurrency-for-internal-use/articleshow/67391093.cms
2019-01-06,nepal writes to rbi to declare banned new indian currency notes legal,https://economictimes.indiatimes.comhttps://economictimes.indiatimes.com/news/economy/policy/nepal-writes-to-rbi-to-declare-banned-new-indian-currency-notes-legal/articleshow/67406624.cms
2019-01-08,q3 earnings of tcs infosys wipro hcl tech techm and wipro currency headwinds buybacks guidance key monitorables,https://economictimes.indiatimes.comhttps://economictimes.indiatimes.com/markets/stocks/earnings/q3-earnings-of-tcs-infosys-wipro-hcl-tech-techm-and-wipro-currency-headwinds-buybacks-guidance-key-monitorables/articleshow/67434677.cms
2019-01-10,tcs q3 earnings no surprise likely currency math to dent dollar revenue,https://economictimes.indiatimes.comhttps://economictimes.indiatimes.com/markets/stocks/earnings/tcs-q3-earnings-no-surprise-likely-currency-math-to-dent-dollar-revenue/articleshow/67432991.cms
2019-01-11,forex reserve swells by 2 68 billion to 396 billion,https://economictimes.indiatimes.comhttps://economictimes.indiatimes.com/markets/forex/forex-reserve-swells-by-2-68-billion-to-396-billion/articleshow/67491790.cms
2019-01-11,rupee misses fed inspired rally to again become worst asian currency,https://economictimes.indiatimes.comhttps://economictimes.indiatimes.com/markets/forex/rupee-misses-fed-inspired-rally-to-again-become-worst-asian-currency/articleshow/67485389.cms
2019-01-11,cabinet nod to india japan usd 75 bn swap arrangement to curb currency volatility,https://economictimes.indiatimes.comhttps://economictimes.indiatimes.com/news/economy/policy/cabinet-nod-to-india-japan-usd-75-bn-swap-arrangement-to-curb-currency-volatility/articleshow/67480829.cms
2019-01-17,may need more currency as gdp size increasing rbi official,https://economictimes.indiatimes.comhttps://economictimes.indiatimes.com/news/economy/finance/may-need-more-currency-as-gdp-size-increasing-rbi-official/articleshow/67571801.cms
2019-01-18,forex reserve swells by 1 26 billion to 397 35 billion,https://economictimes.indiatimes.comhttps://economictimes.indiatimes.com/markets/forex/forex-reserve-swells-by-1-26-billion-to-397-35-billion/articleshow/67592076.cms
2019-01-18,this 28 year old behind the hottest cryptocurrency tron also owns bittorrent,https://economictimes.indiatimes.comhttps://economictimes.indiatimes.com/small-biz/startups/features/this-28-year-old-behind-the-hottest-cryptocurrency-tron-also-owns-bittorrent/articleshow/67582427.cms
2019-01-25,indias amended currency swap fund for saarc can assist countries facing chinese debt,https://economictimes.indiatimes.comhttps://economictimes.indiatimes.com/news/politics-and-nation/indias-amended-currency-swap-fund-for-saarc-can-assist-countries-facing-chinese-debt/articleshow/67682466.cms
2019-02-01,forex kitty swells by 1 5 billion to 398 18 billion,https://economictimes.indiatimes.comhttps://economictimes.indiatimes.com/markets/forex/forex-kitty-swells-by-1-5-billion-to-398-18-billion/articleshow/67798109.cms
2019-02-01,interim budget 2019 d street may not see big impact bond forex marts will,https://economictimes.indiatimes.comhttps://economictimes.indiatimes.com/markets/stocks/news/interim-budget-2019-d-street-may-not-see-big-impact-bond-forex-marts-will/articleshow/67785295.cms
2019-02-08,forex reserve again tops 400 billion level,https://economictimes.indiatimes.comhttps://economictimes.indiatimes.com/markets/forex/forex-reserve-again-tops-400-billion-level/articleshow/67904308.cms
2019-02-20,view the us not china is the real currency manipulator,https://economictimes.indiatimes.comhttps://economictimes.indiatimes.com/markets/forex/view-the-us-not-china-is-the-real-currency-manipulator/articleshow/68077320.cms
2019-02-22,forex reserve rises by 150 million to 398 3 billion,https://economictimes.indiatimes.comhttps://economictimes.indiatimes.com/markets/forex/forex-reserve-rises-by-150-million-to-398-3-billion/articleshow/68118266.cms
2019-02-22,cryptocurrency companies use backdoor listings to ease into mainstream,https://economictimes.indiatimes.comhttps://economictimes.indiatimes.com/markets/stocks/news/cryptocurrency-companies-use-backdoor-listings-to-ease-into-mainstream/articleshow/68108127.cms
2019-02-22,if investors see more stability in currency youll see more funds jonathan gray president blackstone group,https://economictimes.indiatimes.comhttps://economictimes.indiatimes.com/news/company/corporate-trends/if-investors-see-more-stability-in-currency-youll-see-more-funds-jonathan-gray-president-blackstone-group/articleshow/68105900.cms
2019-02-24,us china said to be haggling over how to enforce currency pact,https://economictimes.indiatimes.comhttps://economictimes.indiatimes.com/markets/stocks/news/us-china-said-to-be-haggling-over-how-to-enforce-currency-pact/articleshow/68134325.cms
2019-02-26,forget forex reserves when it comes to national honour swaminathan aiyar,https://economictimes.indiatimes.comhttps://economictimes.indiatimes.com/markets/expert-view/forget-forex-reserves-when-it-comes-to-national-honour-swaminathan-aiyar/articleshow/68168657.cms
2019-03-01,forex reserve up by 944 million at 399 21 billion,https://economictimes.indiatimes.comhttps://economictimes.indiatimes.com/markets/forex/forex-reserve-up-by-944-million-at-399-21-billion/articleshow/68222412.cms
2019-03-01,terror funding circulation of fake indian currency notes have declined rajnath singh,https://economictimes.indiatimes.comhttps://economictimes.indiatimes.com/news/politics-and-nation/terror-funding-circulation-of-fake-indian-currency-notes-have-declined-rajnath-singh/articleshow/68217135.cms
2019-03-01,boj rbi sign pact for currency swap,https://economictimes.indiatimes.comhttps://economictimes.indiatimes.com/markets/stocks/news/boj-rbi-sign-pact-for-currency-swap/articleshow/68211972.cms
2019-03-08,forex reserve soars past 400 billion again,https://economictimes.indiatimes.comhttps://economictimes.indiatimes.com/markets/stocks/news/forex-reserve-soars-past-400-billion-again/articleshow/68323352.cms
2019-03-10,china us reached consensus on many key currency exchange rate issues official,https://economictimes.indiatimes.comhttps://economictimes.indiatimes.com/news/international/business/china-us-reached-consensus-on-many-key-currency-exchange-rate-issues-official/articleshow/68346270.cms
2019-03-22,forex reserve swells by over 3 6 billion to 405 6 billion,https://economictimes.indiatimes.comhttps://economictimes.indiatimes.com/markets/forex/forex-reserve-swells-by-over-3-6-billion-to-405-6-billion/articleshow/68526249.cms
2019-03-24,elections 2019 taxmen told to step up vigilance to curb illegal flow of currency liquor,https://economictimes.indiatimes.comhttps://economictimes.indiatimes.com/news/elections/lok-sabha/india/elections-2019-taxmen-told-to-step-up-vigilance-to-curb-illegal-flow-of-currency-liquor/articleshow/68545293.cms
2019-03-25,china pumps in usd 2 2 billion in pakistans dwindling forex reserves,https://economictimes.indiatimes.comhttps://economictimes.indiatimes.com/news/international/world-news/china-pumps-in-usd-2-2-billion-in-pakistans-dwindling-forex-reserves/articleshow/68567547.cms
2019-03-26,more liquidity tools rbis 5 bn forex swap is a test case,https://economictimes.indiatimes.comhttps://economictimes.indiatimes.com/markets/forex/more-liquidity-tools-rbis-5-bn-forex-swap-is-a-test-case/articleshow/68574687.cms
2019-03-27,currency in circulation as percentage of gdp declines since demo finmin official,https://economictimes.indiatimes.comhttps://economictimes.indiatimes.com/news/economy/finance/currency-in-circulation-as-percentage-of-gdp-declines-since-demo-finmin-official/articleshow/68598744.cms
2019-03-28,das led rbi set to bring back exotic currency bets,https://economictimes.indiatimes.comhttps://economictimes.indiatimes.com/markets/forex/das-led-rbi-set-to-bring-back-exotic-currency-bets/articleshow/68607216.cms
2019-03-29,forex reserve continues to swell hits 406 7 billion,https://economictimes.indiatimes.comhttps://economictimes.indiatimes.com/markets/forex/forex-reserve-continues-to-swell-hits-406-7-billion/articleshow/68634475.cms
2019-03-30,flood of dollars leaves currency market in a flap,https://economictimes.indiatimes.comhttps://economictimes.indiatimes.com/markets/forex/flood-of-dollars-leaves-currency-market-in-a-flap/articleshow/68641147.cms
2019-04-01,forex bond markets closed on monday,https://economictimes.indiatimes.comhttps://economictimes.indiatimes.com/markets/forex/forex-bond-markets-closed-on-monday/articleshow/68665904.cms
2019-04-05,forex reserves swell to 411 9 billion,https://economictimes.indiatimes.comhttps://economictimes.indiatimes.com/markets/stocks/news/forex-reserves-swell-to-411-9-billion/articleshow/68740723.cms
2019-04-08,reserve bank of india issues norms for banks to set up currency chests,https://economictimes.indiatimes.comhttps://economictimes.indiatimes.com/news/economy/finance/reserve-bank-of-india-issues-norms-for-banks-to-set-up-currency-chests/articleshow/68782656.cms
2019-04-11,reinsurance brokers permitted to open foreign currency accounts rbi,https://economictimes.indiatimes.comhttps://economictimes.indiatimes.com/industry/banking/finance/insure/reinsurance-brokers-permitted-to-open-foreign-currency-accounts-rbi/articleshow/68838295.cms
2019-04-11,a new forex record coming thank rbis brand new dollar swap,https://economictimes.indiatimes.comhttps://economictimes.indiatimes.com/markets/forex/a-new-forex-record-coming-thank-rbis-brand-new-dollar-swap/articleshow/68827380.cms
2019-04-12,forex reserve swells by 1 87 billion to 413 8 billion,https://economictimes.indiatimes.comhttps://economictimes.indiatimes.com/markets/forex/forex-reserve-swells-by-1-87-billion-to-413-8-billion/articleshow/68854187.cms
2019-04-17,stock bond and forex markets closed today for mahavir jayanti,https://economictimes.indiatimes.comhttps://economictimes.indiatimes.com/markets/stocks/news/stock-bond-and-forex-markets-closed-today-for-mahavir-jayanti/articleshow/68915026.cms
2019-04-18,big corporates back crypto plumbing despite currency caution,https://economictimes.indiatimes.comhttps://economictimes.indiatimes.com/markets/stocks/news/big-corporates-back-crypto-plumbing-despite-currency-caution/articleshow/68937756.cms
2019-04-18,currency traders should get ready for a big move in the dollar,https://economictimes.indiatimes.comhttps://economictimes.indiatimes.com/markets/forex/currency-traders-should-get-ready-for-a-big-move-in-the-dollar/articleshow/68931141.cms
2019-04-19,stocks forex commodities markets closed on account of good friday,https://economictimes.indiatimes.comhttps://economictimes.indiatimes.com/markets/stocks/news/stocks-forex-commodities-markets-closed-on-account-of-good-friday/articleshow/68948705.cms
2019-04-22,currency in circulation jumps rs 37830 crore since march 31,https://economictimes.indiatimes.comhttps://economictimes.indiatimes.com/markets/forex/currency-in-circulation-jumps-rs-37830-crore-since-march-31/articleshow/68983899.cms
2019-04-26,forex reserve falls by 739 million to 414 14 billion,https://economictimes.indiatimes.comhttps://economictimes.indiatimes.com/markets/forex/forex-reserve-falls-by-739-million-to-414-14-billion/articleshow/69062898.cms
2019-04-26,crypto currency is ponzi scheme should be banned in india govt official,https://economictimes.indiatimes.comhttps://economictimes.indiatimes.com/news/economy/policy/crypto-currency-is-ponzi-scheme-should-be-banned-in-india-govt-official/articleshow/69059763.cms
2019-04-29,nia arrests man wanted in fake currency case,https://economictimes.indiatimes.comhttps://economictimes.indiatimes.com/news/politics-and-nation/nia-arrests-man-wanted-in-fake-currency-case/articleshow/69101015.cms
2019-05-01,stocks commodities forex bond markets shut,https://economictimes.indiatimes.comhttps://economictimes.indiatimes.com/markets/stocks/news/stocks-commodities-forex-bond-markets-shut/articleshow/69123511.cms
2019-05-03,forex kitty inching to all time high,https://economictimes.indiatimes.comhttps://economictimes.indiatimes.com/markets/ipos/fpos/forex-kitty-inching-to-all-time-high/articleshow/69166367.cms
2019-05-03,blanket ban on cryptocurrency may prove to be futile claim experts,https://economictimes.indiatimes.comhttps://economictimes.indiatimes.com/markets/stocks/news/blanket-ban-on-cryptocurrency-may-prove-to-be-futile-claim-experts/articleshow/69156540.cms
2019-05-07,wipro r3 build blockchain based solution prototype for digital currency in thailand,https://economictimes.indiatimes.comhttps://economictimes.indiatimes.com/tech/ites/wipro-r3-build-blockchain-based-solution-prototype-for-digital-currency-in-thailand/articleshow/69215922.cms
2019-05-07,chinese stocks and currency markets take it on the chin,https://economictimes.indiatimes.comhttps://economictimes.indiatimes.com/markets/stocks/news/chinese-stocks-and-currency-markets-take-it-on-the-chin/articleshow/69210381.cms
2019-05-08,hackers steal 41 million worth of bitcoin from binance cryptocurrency exchange,https://economictimes.indiatimes.comhttps://economictimes.indiatimes.com/markets/stocks/news/hackers-steal-41-million-worth-of-bitcoin-from-binance-cryptocurrency-exchange/articleshow/69229405.cms
2019-05-09,facebook readies secretive blockchain currency for india with ex paypal recruits,https://economictimes.indiatimes.comhttps://economictimes.indiatimes.com/small-biz/startups/newsbuzz/facebook-readies-secretive-blockchain-currency-for-india-with-ex-paypal-recruits/articleshow/69244997.cms
2019-05-10,forex reserve up by 171 9 million at 418 7 billion,https://economictimes.indiatimes.comhttps://economictimes.indiatimes.com/markets/forex/forex-reserve-up-by-171-9-million-at-418-7-billion/articleshow/69272929.cms
2019-05-12,rbi proposes mobile app to help visually impaired to identify currency notes,https://economictimes.indiatimes.comhttps://economictimes.indiatimes.com/tech/software/rbi-proposes-mobile-app-to-help-visually-impaired-to-identify-currency-notes/articleshow/69291306.cms
2019-05-16,citigroup jpmorgan among banks fined 1 2 billion in forex probe,https://economictimes.indiatimes.comhttps://economictimes.indiatimes.com/markets/forex/forex-news/citigroup-jpmorgan-among-banks-fined-1-2-billion-in-forex-probe/articleshow/69357552.cms
2019-05-17,forex reserve up by 1 36 billion at 420 05 billion,https://economictimes.indiatimes.comhttps://economictimes.indiatimes.com/markets/forex/forex-reserve-up-by-1-36-billion-at-420-05-billion/articleshow/69377897.cms
2019-05-21,forex reserve inched up by 3 in h2fy19 rbi report,https://economictimes.indiatimes.comhttps://economictimes.indiatimes.com/markets/forex/forex-reserve-inched-up-by-3-in-h2fy19-rbi-report/articleshow/69431654.cms
2019-05-22,currency strategists brace for trade war worst case scenarios,https://economictimes.indiatimes.comhttps://economictimes.indiatimes.com/markets/forex/currency-strategists-brace-for-trade-war-worst-case-scenarios/articleshow/69442954.cms
2019-05-25,china regulator downplays trade war impact warns on forex,https://economictimes.indiatimes.comhttps://economictimes.indiatimes.com/news/international/business/china-regulator-downplays-trade-war-impact-warns-on-forex/articleshow/69499615.cms
2019-05-25,india on us watch list for currency practices,https://economictimes.indiatimes.comhttps://economictimes.indiatimes.com/news/economy/foreign-trade/india-on-us-watch-list-for-currency-practices/articleshow/69491169.cms
2019-05-25,forex reserve falls by 2 05 billion to 417 99 billion,https://economictimes.indiatimes.comhttps://economictimes.indiatimes.com/markets/forex/forex-reserve-falls-by-2-05-billion-to-417-99-billion/articleshow/69486078.cms
2019-05-25,nepal arrests yunus ansari kingpin of fake indian currency notes,https://economictimes.indiatimes.comhttps://economictimes.indiatimes.com/news/politics-and-nation/nepal-arrests-yunus-ansari-kingpin-of-fake-indian-currency-notes/articleshow/69491594.cms
2019-05-30,us removes india from currency monitoring list,https://economictimes.indiatimes.comhttps://economictimes.indiatimes.com/news/economy/finance/us-removes-india-from-currency-monitoring-list/articleshow/69552760.cms
2019-05-31,forex reserve rises by 1 99 billion to 419 99 billion,https://economictimes.indiatimes.comhttps://economictimes.indiatimes.com/markets/forex/forex-reserve-rises-by-1-99-billion-to-419-99-billion/articleshow/69601986.cms
2019-06-01,forex reserves up 2 billion to 419 9 billion,https://economictimes.indiatimes.comhttps://economictimes.indiatimes.com/markets/stocks/news/forex-reserves-up-2-billion-to-419-9-billion/articleshow/69606667.cms
2019-06-03,currency market turning boring,https://economictimes.indiatimes.comhttps://economictimes.indiatimes.com/markets/forex/currency-market-turning-boring/articleshow/69627093.cms
2019-06-05,view which currency will gain from trade war,https://economictimes.indiatimes.comhttps://economictimes.indiatimes.com/markets/forex/view-which-currency-will-gain-from-trade-war/articleshow/69665272.cms
2019-06-06,rbi to set up forex trading platform for smes get more players to setup small finance banks,https://economictimes.indiatimes.comhttps://economictimes.indiatimes.com/small-biz/policy-trends/rbi-to-set-up-forex-trading-platform-for-smes-get-more-players-to-setup-small-finance-banks/articleshow/69673168.cms
2019-06-07,forex reserve swells by 1 8 billion to 421 8 billion,https://economictimes.indiatimes.comhttps://economictimes.indiatimes.com/markets/forex/forex-reserve-swells-by-1-8-billion-to-421-8-billion/articleshow/69694795.cms
2019-06-12,move to ban cryptocurrency has indian blockchain firms worried,https://economictimes.indiatimes.comhttps://economictimes.indiatimes.com/small-biz/startups/newsbuzz/move-to-ban-cryptocurrency-has-indian-blockchain-firms-worried/articleshow/69749629.cms
2019-06-14,currency markets reveal crucial fault in trumps trade tariffs,https://economictimes.indiatimes.comhttps://economictimes.indiatimes.com/markets/forex/currency-markets-reveal-crucial-fault-in-trumps-trade-tariffs/articleshow/69793042.cms
2019-06-14,forex reserve nears lifetime high rises 1 7 billion to 423 5 billion,https://economictimes.indiatimes.comhttps://economictimes.indiatimes.com/markets/forex/forex-reserve-nears-lifetime-high-rises-1-7-billion-to-423-5-billion/articleshow/69792692.cms
2019-06-15,currency markets expose a crucial flaw in trumps china tariffs,https://economictimes.indiatimes.comhttps://economictimes.indiatimes.com/markets/forex/currency-markets-expose-a-crucial-flaw-in-trumps-china-tariffs/articleshow/69800404.cms
2019-06-15,facebook gets big backers for its cryptocurrency,https://economictimes.indiatimes.comhttps://economictimes.indiatimes.com/news/international/business/facebook-gets-big-backers-for-its-cryptocurrency/articleshow/69796694.cms
2019-06-19,facebook triggers fresh washington fury over cryptocurrency project,https://economictimes.indiatimes.comhttps://economictimes.indiatimes.com/news/international/business/facebook-triggers-fresh-washington-fury-over-cryptocurrency-project/articleshow/69864935.cms
2019-06-19,move over trade war trump is gearing up for a currency war,https://economictimes.indiatimes.comhttps://economictimes.indiatimes.com/markets/forex/move-over-trade-war-trump-is-gearing-up-for-a-currency-war/articleshow/69858882.cms
2019-06-20,rbi says forex retail trading platform ready for rollout on aug 5,https://economictimes.indiatimes.comhttps://economictimes.indiatimes.com/markets/forex/forex-news/rbi-says-forex-retail-trading-platform-ready-for-rollout-on-aug-5/articleshow/69878696.cms
2019-06-21,discussing with banks to provide foreign currency loans to exporters piyush goyal,https://economictimes.indiatimes.comhttps://economictimes.indiatimes.com/news/economy/policy/discussing-with-banks-to-provide-foreign-currency-loans-to-exporters-piyush-goyal/articleshow/69894645.cms
2019-06-24,bitcoins resurgence drives rally in asian cryptocurrency stocks,https://economictimes.indiatimes.comhttps://economictimes.indiatimes.com/markets/stocks/news/bitcoins-resurgence-drives-rally-in-asian-cryptocurrency-stocks/articleshow/69925548.cms
2019-06-26,currency in circulation rises 22 in may over pre demonetisation level,https://economictimes.indiatimes.comhttps://economictimes.indiatimes.com/news/economy/finance/currency-in-circulation-rises-22-in-may-over-pre-demonetisation-level/articleshow/69945821.cms
2019-06-28,view rbi needs to overcome its fear of legitimate cryptocurrency usage,https://economictimes.indiatimes.comhttps://economictimes.indiatimes.com/news/economy/policy/view-rbi-needs-to-overcome-its-fear-of-legitimate-cryptocurrency-usage/articleshow/69980111.cms
2019-07-01,bitcoin tumbles as cryptocurrencys 2019 surge starts to waver,https://economictimes.indiatimes.comhttps://economictimes.indiatimes.com/markets/stocks/news/bitcoin-tumbles-as-cryptocurrencys-2019-surge-starts-to-waver/articleshow/70019801.cms
2019-07-02,crypto currency firms bet on global markets,https://economictimes.indiatimes.comhttps://economictimes.indiatimes.com/small-biz/startups/newsbuzz/crypto-currency-firms-bet-on-global-markets/articleshow/70035079.cms
2019-07-05,forex reserve hits new high of 427 67 billion,https://economictimes.indiatimes.comhttps://economictimes.indiatimes.com/markets/forex/forex-reserve-hits-new-high-of-427-67-billion/articleshow/70097125.cms
2019-07-07,facebooks cryptocurrency plan draws ecbs ire on regulation,https://economictimes.indiatimes.comhttps://economictimes.indiatimes.com/news/international/business/facebooks-cryptocurrency-plan-draws-ecbs-ire-on-regulation/articleshow/70119263.cms
2019-07-10,rbi panel proposes extension of forex market timing,https://economictimes.indiatimes.comhttps://economictimes.indiatimes.com/markets/forex/rbi-panel-proposes-extension-of-forex-market-timing/articleshow/70162921.cms
2019-07-12,aiib to launch local currency financing in india russia,https://economictimes.indiatimes.comhttps://economictimes.indiatimes.com/industry/banking/finance/banking/aiib-to-launch-local-currency-financing-in-india-russia/articleshow/70193667.cms
2019-07-13,how good or bad is the budget decision to issue foreign currency debt,https://economictimes.indiatimes.comhttps://economictimes.indiatimes.com/news/economy/indicators/how-good-or-bad-is-the-budget-decision-to-issue-foreign-currency-debt/articleshow/70202352.cms
2019-07-14,thomas cook refutes allegations of a forex enquiry,https://economictimes.indiatimes.comhttps://economictimes.indiatimes.com/industry/services/travel/thomas-cook-refutes-allegations-of-a-forex-enquiry/articleshow/70215200.cms
2019-07-14,rbi to come out with mobile app for currency notes identification,https://economictimes.indiatimes.comhttps://economictimes.indiatimes.com/news/economy/policy/rbi-to-come-out-with-mobile-app-for-currency-notes-identification/articleshow/70214187.cms
2019-07-15,full blown currency war can no longer be ruled out says pimco,https://economictimes.indiatimes.comhttps://economictimes.indiatimes.com/markets/forex/full-blown-currency-war-can-no-longer-be-ruled-out-says-pimco/articleshow/70232791.cms
2019-07-15,take note fm nirmala sitharamans saris match currency colour,https://economictimes.indiatimes.comhttps://economictimes.indiatimes.com/magazines/panache/take-note-fm-nirmala-sitharamans-saris-match-currency-colour/articleshow/70229086.cms
2019-07-16,india to be first recipient of aiib local currency funding,https://economictimes.indiatimes.comhttps://economictimes.indiatimes.com/industry/banking/finance/india-to-be-first-recipient-of-aiib-local-currency-funding/articleshow/70251145.cms
2019-07-19,no separate law yet to ban cryptocurrency in india anurag singh thakur,https://economictimes.indiatimes.comhttps://economictimes.indiatimes.com/news/economy/policy/no-separate-law-yet-to-ban-cryptocurrency-in-india-anurag-singh-thakur/articleshow/70299380.cms
2019-07-23,india mulling an official crypto currency looks like govt veering towards the idea,https://economictimes.indiatimes.comhttps://economictimes.indiatimes.com/markets/stocks/news/india-mulling-an-official-crypto-currency-looks-like-govt-veering-towards-the-idea/articleshow/70343343.cms
2019-07-23,indian panel recommends ban on cryptocurrency,https://economictimes.indiatimes.comhttps://economictimes.indiatimes.com/news/economy/policy/indian-panel-recommends-ban-on-cryptocurrency/articleshow/70331293.cms
2019-07-26,rbi governor das wary of trade wars backs high forex reserves,https://economictimes.indiatimes.comhttps://economictimes.indiatimes.com/markets/forex/rbi-governor-das-wary-of-trade-wars-backs-high-forex-reserves/articleshow/70397155.cms
2019-07-28,trump dollar declarations show us currency move still in play,https://economictimes.indiatimes.comhttps://economictimes.indiatimes.com/markets/stocks/news/trump-dollar-declarations-show-us-currency-move-still-in-play/articleshow/70417701.cms
2019-08-02,forex reserve falls by 727 million to 429 6 billion,https://economictimes.indiatimes.comhttps://economictimes.indiatimes.com/markets/forex/forex-reserve-falls-by-727-million-to-429-6-billion/articleshow/70502696.cms
2019-08-05,women only getaways is gaining currency across urban india,https://economictimes.indiatimes.comhttps://economictimes.indiatimes.com/magazines/panache/women-only-getaways-is-gaining-currency-across-urban-india/articleshow/70515742.cms
2019-08-05,retail forex trading set to go live today,https://economictimes.indiatimes.comhttps://economictimes.indiatimes.com/markets/forex/retail-forex-trading-set-to-go-live-today/articleshow/70529167.cms
2019-08-06,us labels china a currency manipulator escalating trade war,https://economictimes.indiatimes.comhttps://economictimes.indiatimes.com/markets/stocks/news/us-labels-china-a-currency-manipulator-escalating-trade-war/articleshow/70545877.cms
2019-08-06,trump denouncing china as a currency manipulator just a loud political statement seth r freeman,https://economictimes.indiatimes.comhttps://economictimes.indiatimes.com/markets/expert-view/trump-denouncing-china-as-a-currency-manipulator-just-a-loud-political-statement-seth-r-freeman/articleshow/70547391.cms
2019-08-06,rbi building its forex kitty with gold bricks,https://economictimes.indiatimes.comhttps://economictimes.indiatimes.com/markets/commodities/news/rbi-building-its-forex-kitty-with-gold-bricks/articleshow/70546630.cms
2019-08-08,usha thorat panel suggests liberal currency market for offshore users,https://economictimes.indiatimes.comhttps://economictimes.indiatimes.com/markets/forex/usha-thorat-panel-suggests-liberal-currency-market-for-offshore-users/articleshow/70592274.cms
2019-08-08,sc commence hearing on pleas against rbi circular banning cryptocurrency,https://economictimes.indiatimes.comhttps://economictimes.indiatimes.com/news/politics-and-nation/sc-commence-hearing-on-pleas-against-rbi-circular-banning-cryptocurrency/articleshow/70591414.cms
2019-08-08,ask the travel expert should one carry foreign exchange cards or are currency notes enough,https://economictimes.indiatimes.comhttps://economictimes.indiatimes.com/magazines/travel/ask-the-travel-expert-should-one-carry-foreign-exchange-cards-or-are-currency-notes-enough/articleshow/70568297.cms
2019-08-09,forex reserve falls by 697 million to 428 95 billion,https://economictimes.indiatimes.comhttps://economictimes.indiatimes.com/markets/forex/forex-reserve-falls-by-697-million-to-428-95-billion/articleshow/70609109.cms
2019-08-11,china ex central bankers warn of long currency war with us,https://economictimes.indiatimes.comhttps://economictimes.indiatimes.com/markets/forex/china-ex-central-bankers-warn-of-long-currency-war-with-us/articleshow/70627914.cms
2019-08-12,chinas pboc close to launching cryptocurrency,https://economictimes.indiatimes.comhttps://economictimes.indiatimes.com/news/international/business/chinas-pboc-close-to-launching-cryptocurrency/articleshow/70650164.cms
2019-08-13,hedge funds go all in on gold as currency wars lift haven buys,https://economictimes.indiatimes.comhttps://economictimes.indiatimes.com/markets/commodities/news/hedge-funds-go-all-in-on-gold-as-currency-wars-lift-haven-buys/articleshow/70652251.cms
2019-08-14,nse clearing to operationalise interoperability in currency derivatives from aug 19,https://economictimes.indiatimes.comhttps://economictimes.indiatimes.com/markets/stocks/news/nse-clearing-to-operationalise-interoperability-in-currency-derivatives-from-aug-19/articleshow/70680457.cms
2019-08-16,forex reserve hits fresh lifetime high of 430 57 billion,https://economictimes.indiatimes.comhttps://economictimes.indiatimes.com/markets/forex/forex-reserve-hits-fresh-lifetime-high-of-430-57-billion/articleshow/70704303.cms
2019-08-21,bookmyforex ties up with yes bank visa to launch forex card,https://economictimes.indiatimes.comhttps://economictimes.indiatimes.com/small-biz/startups/newsbuzz/bookmyforex-ties-up-with-yes-bank-visa-to-launch-forex-card/articleshow/70770315.cms
2019-08-22,changing features of currency notes coins often not proper says bombay hc,https://economictimes.indiatimes.comhttps://economictimes.indiatimes.com/news/politics-and-nation/changing-features-of-currency-notes-coins-often-not-proper-says-bombay-hc/articleshow/70787863.cms
2019-08-23,forex reserve falls by 70 8 million to 430 5 billion,https://economictimes.indiatimes.comhttps://economictimes.indiatimes.com/markets/forex/forex-reserve-falls-by-70-8-million-to-430-5-billion/articleshow/70809166.cms
2019-08-26,forex volatilities require market intervention rbi,https://economictimes.indiatimes.comhttps://economictimes.indiatimes.com/markets/forex/forex-volatilities-require-market-intervention-rbi/articleshow/70840479.cms
2019-08-28,rupee loses mojo in another ugly august for the currency,https://economictimes.indiatimes.comhttps://economictimes.indiatimes.com/markets/forex/rupee-loses-mojo-in-another-ugly-august-for-the-currency/articleshow/70869284.cms
2019-08-29,digital economy rbi says currency in circulation soars 17 per cent to rs 21 1 lakh crore in fy19,https://economictimes.indiatimes.comhttps://economictimes.indiatimes.com/news/economy/finance/digital-economy-rbi-says-currency-in-circulation-soars-17-per-cent-to-rs-21-1-lakh-crore-in-fy19/articleshow/70896210.cms
2019-08-29,chinas currency calm wont hold off the impending storm,https://economictimes.indiatimes.comhttps://economictimes.indiatimes.com/markets/stocks/news/chinas-currency-calm-wont-hold-off-the-impending-storm/articleshow/70885954.cms
2019-08-30,forex reserve falls below 430 billion down 1 45 billion,https://economictimes.indiatimes.comhttps://economictimes.indiatimes.com/markets/forex/forex-reserve-falls-below-430-billion-down-1-45-billion/articleshow/70914254.cms
2019-09-06,forex reserves fall by 446 million to 428 6 billion,https://economictimes.indiatimes.comhttps://economictimes.indiatimes.com/markets/forex/forex-reserves-fall-by-446-million-to-428-6-billion/articleshow/71013941.cms
2019-09-11,brexit hit pound looks like an em currency,https://economictimes.indiatimes.comhttps://economictimes.indiatimes.com/markets/forex/brexit-hit-pound-looks-like-an-em-currency/articleshow/71074043.cms
2019-09-12,government to soon release norms for offering forex credit to exporters at affordable rates,https://economictimes.indiatimes.comhttps://economictimes.indiatimes.com/news/economy/policy/government-to-soon-release-norms-for-offering-forex-credit-to-exporters-at-affordable-rates/articleshow/71097187.cms
2019-09-12,currency forwards premium up 6 10 paise on trade war worries,https://economictimes.indiatimes.comhttps://economictimes.indiatimes.com/markets/forex/currency-forwards-premium-up-6-10-paise-on-trade-war-worries/articleshow/71091156.cms
2019-09-13,forex reserves soar usd 1 bn to usd 429 60 bn,https://economictimes.indiatimes.comhttps://economictimes.indiatimes.com/markets/forex/forex-reserves-soar-usd-1-bn-to-usd-429-60-bn/articleshow/71118315.cms
2019-09-13,sub 4 forex credit to exporters easier loans soon goyal,https://economictimes.indiatimes.comhttps://economictimes.indiatimes.com/news/economy/foreign-trade/sub-4-forex-credit-to-exporters-easier-loans-soon-goyal/articleshow/71104842.cms
2019-09-20,forex reserve falls by 649 million to 428 96 billion,https://economictimes.indiatimes.comhttps://economictimes.indiatimes.com/markets/forex/forex-reserve-falls-by-649-million-to-428-96-billion/articleshow/71224149.cms
2019-09-24,finding bacteria on currency notes a diaper changing machine unique research that won ig nobel awards,https://economictimes.indiatimes.comhttps://economictimes.indiatimes.com/magazines/panache/finding-bacteria-on-currency-notes-a-diaper-changing-machine-unique-research-that-won-ig-nobel-awards/articleshow/71270100.cms
2019-09-27,forex reserves decline by usd 388 million to usd 428 57 billion,https://economictimes.indiatimes.comhttps://economictimes.indiatimes.com/markets/forex/forex-reserves-decline-by-usd-388-million-to-usd-428-57-billion/articleshow/71340987.cms
2019-10-02,the worlds most used cryptocurrency isnt bitcoin,https://economictimes.indiatimes.comhttps://economictimes.indiatimes.com/markets/stocks/news/the-worlds-most-used-cryptocurrency-isnt-bitcoin/articleshow/71403821.cms
2019-10-04,forex reserves scale record high of 434 6 billion,https://economictimes.indiatimes.comhttps://economictimes.indiatimes.com/news/economy/finance/forex-reserves-scale-record-high-of-434-6-billion/articleshow/71446430.cms
2019-10-11,forex reserve hits lifetime high of 437 83 billion,https://economictimes.indiatimes.comhttps://economictimes.indiatimes.com/markets/forex/forex-reserve-hits-lifetime-high-of-437-83-billion/articleshow/71543799.cms
2019-10-16,dri seizes over 10kg gold myanmar currency worth rs 4 2 crore,https://economictimes.indiatimes.comhttps://economictimes.indiatimes.com/news/politics-and-nation/dri-seizes-over-10kg-gold-myanmar-currency-worth-rs-4-2-crore/articleshow/71615688.cms
2019-10-18,forex kitty nears usd 440 bn touches fresh life high,https://economictimes.indiatimes.comhttps://economictimes.indiatimes.com/markets/stocks/news/forex-kitty-nears-usd-440-bn-touches-fresh-life-high/articleshow/71655100.cms
2019-10-18,why you should carry forex prepaid card instead of credit card while travelling abroad,https://economictimes.indiatimes.comhttps://economictimes.indiatimes.com/wealth/spend/why-you-should-carry-forex-prepaid-card-instead-of-credit-card-while-travelling-abroad/articleshow/71375610.cms
2019-10-21,brexit uncertainties make currency market a speculators haven pound yuan hit rupee,https://economictimes.indiatimes.comhttps://economictimes.indiatimes.com/markets/forex/brexit-uncertainties-make-currency-market-a-speculators-haven-pound-yuan-hit-rupee/articleshow/71680025.cms
2019-10-21,em currency rally hinges on turkey and argentina,https://economictimes.indiatimes.comhttps://economictimes.indiatimes.com/markets/forex/em-currency-rally-hinges-on-turkey-and-argentina/articleshow/71680491.cms
2019-10-25,forex reserve rises by 1 04 billion to 440 billion,https://economictimes.indiatimes.comhttps://economictimes.indiatimes.com/markets/forex/forex-reserve-rises-by-1-04-billion-to-440-billion/articleshow/71764139.cms
2019-10-28,equity forex market closed on account of diwali balipratipada,https://economictimes.indiatimes.comhttps://economictimes.indiatimes.com/markets/stocks/news/equity-forex-market-closed-on-account-of-diwali-balipratipada/articleshow/71789543.cms
2019-10-29,euro naysayers see gloom for currency as draghi bows out,https://economictimes.indiatimes.comhttps://economictimes.indiatimes.com/markets/forex/euro-naysayers-see-gloom-for-currency-as-draghi-bows-out/articleshow/71799128.cms
2019-11-04,big boys may get to play exotic currency derivatives hints rbi,https://economictimes.indiatimes.comhttps://economictimes.indiatimes.com/markets/stocks/news/big-boys-may-get-to-play-exotic-currency-derivatives-hints-rbi/articleshow/71885173.cms
2019-11-05,rupee rises 8 paise against dollar on forex inflows,https://economictimes.indiatimes.comhttps://economictimes.indiatimes.com/markets/stocks/news/rupee-rises-8-paise-against-dollar-on-forex-inflows/articleshow/71926201.cms
2019-11-07,how do currency options work,https://economictimes.indiatimes.comhttps://economictimes.indiatimes.com/markets/forex/how-do-currency-options-work/articleshow/70835582.cms
2019-11-08,forex reserve soars by 3 5 billion to new lifetime high of 446 09 billion,https://economictimes.indiatimes.comhttps://economictimes.indiatimes.com/markets/forex/forex-reserve-soars-by-3-5-billion-to-new-lifetime-high-of-446-09-billion/articleshow/71974792.cms
2019-11-11,4 companies with rising net forex earnings that are good stock bets,https://economictimes.indiatimes.comhttps://economictimes.indiatimes.com/wealth/invest/4-companies-with-rising-net-forex-earnings-that-are-good-stock-bets/articleshow/71982131.cms
2019-11-12,stocks currency debt market shut for gurunanak jayanti,https://economictimes.indiatimes.comhttps://economictimes.indiatimes.com/markets/stocks/news/stocks-currency-debt-market-shut-for-gurunanak-jayanti/articleshow/72016086.cms
2019-11-14,china digital currency central bank wants controllable anonymity,https://economictimes.indiatimes.comhttps://economictimes.indiatimes.com/markets/stocks/news/china-digital-currency-central-bank-wants-controllable-anonymity/articleshow/72049528.cms
2019-11-15,forex kitty continues to swell touches a new high of 448 bn,https://economictimes.indiatimes.comhttps://economictimes.indiatimes.com/news/economy/indicators/forex-kitty-continues-to-swell-touches-a-new-high-of-448-bn/articleshow/72077368.cms
2019-11-15,forex reserve hits fresh high of 448 billion,https://economictimes.indiatimes.comhttps://economictimes.indiatimes.com/markets/forex/forex-reserve-hits-fresh-high-of-448-billion/articleshow/72075763.cms
2019-11-20,govt considering forex loan at cheaper rate to exporters higher insurance cover to banks goyal,https://economictimes.indiatimes.comhttps://economictimes.indiatimes.com/news/economy/policy/govt-considering-forex-loan-at-cheaper-rate-to-exporters-higher-insurance-cover-to-banks-goyal/articleshow/72145888.cms
2019-11-22,forex reserve rises by 441 million to lifetime high of 448 2 billion,https://economictimes.indiatimes.comhttps://economictimes.indiatimes.com/markets/forex/forex-reserve-rises-by-441-million-to-lifetime-high-of-448-2-billion/articleshow/72189094.cms
2019-11-25,for asias only losing em currency the future looks even bleaker,https://economictimes.indiatimes.comhttps://economictimes.indiatimes.com/markets/forex/for-asias-only-losing-em-currency-the-future-looks-even-bleaker/articleshow/72220041.cms
2019-11-26,rbi revises framework on currency swap arrangement for saarc nations,https://economictimes.indiatimes.comhttps://economictimes.indiatimes.com/markets/forex/rbi-revises-framework-on-currency-swap-arrangement-for-saarc-nations/articleshow/72242619.cms
2019-11-27,rupee gains 15 paise to end at over 2 week high on forex inflows,https://economictimes.indiatimes.comhttps://economictimes.indiatimes.com/markets/forex/rupee-gains-15-paise-to-end-at-over-2-week-high-on-forex-inflows/articleshow/72263329.cms
2019-11-28,high fuel costs forex rate variation led to rs 4685 crore loss for air india in fy19 government,https://economictimes.indiatimes.comhttps://economictimes.indiatimes.com/industry/transportation/airlines-/-aviation/high-fuel-costs-forex-rate-variation-led-to-rs-4685-crore-loss-for-air-india-in-fy19-government/articleshow/72281237.cms
2019-11-29,forex reserve hits fresh record high of 449 billion,https://economictimes.indiatimes.comhttps://economictimes.indiatimes.com/markets/forex/forex-reserve-hits-fresh-record-high-of-449-billion/articleshow/72297442.cms
2019-12-05,rbi guv maintains anti cryptocurrency stance,https://economictimes.indiatimes.comhttps://economictimes.indiatimes.com/markets/stocks/news/rbi-guv-maintains-anti-cryptocurrency-stance/articleshow/72387437.cms
2019-12-05,brave new world currency rout in latam 9 million homes to hit us markets in next decade,https://economictimes.indiatimes.comhttps://economictimes.indiatimes.com/markets/stocks/news/brave-new-world-currency-rout-in-latam-9-million-homes-to-hit-us-markets-in-next-decade/articleshow/72381455.cms
2019-12-05,forex kitty hits a new high sniffs at 452 billion,https://economictimes.indiatimes.comhttps://economictimes.indiatimes.com/markets/forex/forex-kitty-hits-a-new-high-sniffs-at-452-billion/articleshow/72380824.cms
2019-12-06,forex kitty continues to swells scales past 451 bn mark,https://economictimes.indiatimes.comhttps://economictimes.indiatimes.com/news/economy/finance/forex-kitty-continues-to-swells-scales-past-451-bn-mark/articleshow/72405006.cms
2019-12-10,china plans to launch its own digital currency,https://economictimes.indiatimes.comhttps://economictimes.indiatimes.com/markets/stocks/news/china-plans-to-launch-its-own-digital-currency/articleshow/72460400.cms
2019-12-11,view why is rupee asias worst emerging market currency,https://economictimes.indiatimes.comhttps://economictimes.indiatimes.com/markets/forex/view-why-is-rupee-asias-worst-emerging-market-currency/articleshow/72480555.cms
2019-12-13,forex reserve soars by 2 3 billion hits fresh all time high of 453 billion,https://economictimes.indiatimes.comhttps://economictimes.indiatimes.com/markets/forex/forex-reserve-soars-by-2-3-billion-hits-fresh-all-time-high-of-453-billion/articleshow/72541831.cms
2019-12-14,after losing 163 million in cryptocurrency investors call to exhume quadriga ceos body,https://economictimes.indiatimes.comhttps://economictimes.indiatimes.com/small-biz/startups/newsbuzz/after-losing-163-million-in-cryptocurrency-investors-call-to-exhume-quadriga-ceos-body/articleshow/72585412.cms
2019-12-15,chinas forex regulator vows to prevent risks keep market stable,https://economictimes.indiatimes.comhttps://economictimes.indiatimes.com/markets/forex/chinas-forex-regulator-vows-to-prevent-risks-keep-market-stable/articleshow/72673730.cms
2019-12-20,forex reserve scales fresh record high of 454 49 billion,https://economictimes.indiatimes.comhttps://economictimes.indiatimes.com/markets/forex/forex-reserve-scales-fresh-record-high-of-454-49-billion/articleshow/72906347.cms
2019-12-22,headcount expansion loses currency companies to promote up skilling in 2020 experts,https://economictimes.indiatimes.comhttps://economictimes.indiatimes.com/news/company/corporate-trends/headcount-expansion-loses-currency-companies-to-promote-up-skilling-in-2020-experts/articleshow/72922800.cms
2019-12-23,ifsc banking units can open foreign currency current accounts,https://economictimes.indiatimes.comhttps://economictimes.indiatimes.com/industry/banking/finance/banking/ifsc-banking-units-can-open-foreign-currency-current-accounts/articleshow/72944361.cms
2019-12-25,equity commodity forex markets shut on account of christmas,https://economictimes.indiatimes.comhttps://economictimes.indiatimes.com/markets/stocks/news/equity-commodity-forex-markets-shut-on-account-of-christmas/articleshow/72963639.cms
2020-01-01,rbi launches mani app for visually challenged to identify currency notes,https://economictimes.indiatimes.comhttps://economictimes.indiatimes.com/industry/banking/finance/banking/rbi-launches-mani-app-for-visually-challenged-to-identify-currency-notes/articleshow/73060020.cms
2020-01-02,the strongest major currency of 2019 could stall out in 2020,https://economictimes.indiatimes.comhttps://economictimes.indiatimes.com/markets/forex/the-strongest-major-currency-of-2019-could-stall-out-in-2020/articleshow/73064739.cms
2020-01-03,forex reserve hits record high at 457 46 billion,https://economictimes.indiatimes.comhttps://economictimes.indiatimes.com/markets/forex/forex-reserve-hits-record-high-at-457-46-billion/articleshow/73089075.cms
2020-01-06,rbi permits banks to trade forex outside market hours,https://economictimes.indiatimes.comhttps://economictimes.indiatimes.com/markets/forex/rbi-permits-banks-to-trade-forex-outside-market-hours/articleshow/73126031.cms
2020-01-07,sc asks centre to look into pil on rbi branch exchanging currency defaced by kashmiri separatists,https://economictimes.indiatimes.comhttps://economictimes.indiatimes.com/news/politics-and-nation/sc-asks-centre-to-look-into-pil-on-rbi-branch-exchanging-currency-defaced-by-kashmiri-separatists/articleshow/73139656.cms
2020-01-08,india banks on swelling forex kitty amid west asia conflict,https://economictimes.indiatimes.comhttps://economictimes.indiatimes.com/markets/stocks/news/india-banks-on-swelling-forex-kitty-amid-west-asia-conflict/articleshow/73132659.cms
2020-01-09,currency hedge rbi buys 15 tonnes of gold in oct nov,https://economictimes.indiatimes.comhttps://economictimes.indiatimes.com/markets/forex/currency-hedge-rbi-buys-15-tonnes-of-gold-in-oct-nov/articleshow/73165531.cms
2020-01-10,forex reserve hits new record of 461 16 billion,https://economictimes.indiatimes.comhttps://economictimes.indiatimes.com/markets/forex/forex-reserve-hits-new-record-of-461-16-billion/articleshow/73193685.cms
2020-01-10,currency notes burnt in atm fire in ups muzaffarnagar,https://economictimes.indiatimes.comhttps://economictimes.indiatimes.com/news/politics-and-nation/currency-notes-burnt-in-atm-fire-in-ups-muzaffarnagar/articleshow/73184243.cms
2020-01-12,edelweiss rashesh shah asked to join probe into rs 2000 cr forex violations,https://economictimes.indiatimes.comhttps://economictimes.indiatimes.com/news/politics-and-nation/edelweiss-rashesh-shah-asked-to-join-probe-into-rs-2000-cr-forex-violations/articleshow/73197895.cms
2020-01-14,us to lift china currency manipulator tag ahead of trade deal,https://economictimes.indiatimes.comhttps://economictimes.indiatimes.com/markets/stocks/news/us-to-lift-china-currency-manipulator-tag-ahead-of-trade-deal/articleshow/73237762.cms
2020-01-15,sez eligibility may now depend on new jobs rd and not forex,https://economictimes.indiatimes.comhttps://economictimes.indiatimes.com/news/economy/policy/sez-eligibility-may-now-depend-on-new-jobs-rd-and-not-forex/articleshow/73281068.cms
2020-01-17,forex reserve rises 58 million to record high of 461 21 billion,https://economictimes.indiatimes.comhttps://economictimes.indiatimes.com/markets/forex/forex-reserve-rises-58-million-to-record-high-of-461-21-billion/articleshow/73335807.cms
2020-01-23,central banks wake up to digital currency create new framework with wef,https://economictimes.indiatimes.comhttps://economictimes.indiatimes.com/markets/stocks/news/central-banks-wake-up-to-digital-currency-create-new-framework-with-wef/articleshow/73554517.cms
2020-01-23,banned cryptocurrency to uphold integrity of banking system rbi,https://economictimes.indiatimes.comhttps://economictimes.indiatimes.com/industry/banking/finance/banking/banned-cryptocurrency-to-uphold-integrity-of-banking-system-rbi/articleshow/73537100.cms
2020-01-24,forex reserves touch life time high of 462 16 billion,https://economictimes.indiatimes.comhttps://economictimes.indiatimes.com/markets/forex/forex-reserves-touch-life-time-high-of-462-16-billion/articleshow/73585742.cms
2020-01-24,few takers for ccils retail forex website,https://economictimes.indiatimes.comhttps://economictimes.indiatimes.com/markets/forex/few-takers-for-ccils-retail-forex-website/articleshow/73576966.cms
2020-01-27,trend micro creates honeypot to analyse security threats gets subjected to ransomware cryptocurrency mining,https://economictimes.indiatimes.comhttps://economictimes.indiatimes.com/magazines/panache/trend-micro-creates-honeypot-to-analyse-security-threats-gets-subjected-to-ransomware-cryptocurrency-mining/articleshow/73662084.cms
2020-01-30,global currency markets show signs of surviving virus scare,https://economictimes.indiatimes.comhttps://economictimes.indiatimes.com/markets/forex/global-currency-markets-show-signs-of-surviving-virus-scare/articleshow/73755759.cms
2020-01-31,forex reserve hits fresh lifetime high of 466 69 billion,https://economictimes.indiatimes.comhttps://economictimes.indiatimes.com/markets/forex/forex-reserve-hits-fresh-lifetime-high-of-466-69-billion/articleshow/73812905.cms
2020-02-03,rupee drops by 6 paise to end at 71 38 on forex outflows,https://economictimes.indiatimes.comhttps://economictimes.indiatimes.com/markets/forex/rupee-drops-by-6-paise-to-end-at-71-38-on-forex-outflows/articleshow/73905541.cms
2020-02-07,cyber security and smart currency hedging is the need of the hour eepc india,https://economictimes.indiatimes.comhttps://economictimes.indiatimes.com/tech/internet/cyber-security-and-smart-currency-hedging-is-the-need-of-the-hour-eepc-india/articleshow/74004310.cms
2020-02-14,forex reserves soar to record 473 billion,https://economictimes.indiatimes.comhttps://economictimes.indiatimes.com/markets/forex/forex-reserves-soar-to-record-473-billion/articleshow/74137571.cms
2020-02-14,mumbai firm busted in rs 700 crore forex scam with fudged air tickets passports,https://economictimes.indiatimes.comhttps://economictimes.indiatimes.com/news/india/mumbai-firm-busted-in-rs-700-crore-forex-scam-with-fudged-air-tickets-passports/articleshow/74127726.cms
2020-02-14,ed probing if companies used forex operator to route cash after demonetisation,https://economictimes.indiatimes.comhttps://economictimes.indiatimes.com/markets/forex/ed-probing-if-companies-used-forex-operator-to-route-cash-after-demonetisation/articleshow/74130768.cms
2020-02-21,forex reserve surges by 3 09 billion to record 476 09 billion,https://economictimes.indiatimes.comhttps://economictimes.indiatimes.com/markets/forex/forex-reserve-surges-by-3-09-billion-to-record-476-09-billion/articleshow/74245789.cms
2020-02-21,stock bond and forex markets shut today for maha shivratri,https://economictimes.indiatimes.comhttps://economictimes.indiatimes.com/markets/stocks/news/stock-bond-and-forex-markets-shut-today-for-maha-shivratri/articleshow/74230079.cms
2020-02-22,forex kitty rises 3 billion to record 476 billion,https://economictimes.indiatimes.comhttps://economictimes.indiatimes.com/markets/forex/forex-kitty-rises-3-billion-to-record-476-billion/articleshow/74255347.cms
2020-02-28,forex reserve hits fresh record of 476 12 billion,https://economictimes.indiatimes.comhttps://economictimes.indiatimes.com/markets/forex/forex-reserve-hits-fresh-record-of-476-12-billion/articleshow/74403612.cms
2020-03-04,sc allows trade in cryptocurrency quashes rbi curb on use,https://economictimes.indiatimes.comhttps://economictimes.indiatimes.com/markets/stocks/news/sc-allows-trade-in-cryptocurrency-quashes-rbi-curb-on-use/articleshow/74470078.cms
2020-03-05,what does the sc verdict mean for cryptocurrency fictech innovations,https://economictimes.indiatimes.comhttps://economictimes.indiatimes.com/markets/stocks/news/what-does-the-sc-verdict-mean-for-cryptocurrency-fictech-innovations/articleshow/74473181.cms
2020-03-06,forex reserve hits lifetime high of 481 54 billion,https://economictimes.indiatimes.comhttps://economictimes.indiatimes.com/markets/forex/forex-reserve-hits-lifetime-high-of-481-54-billion/articleshow/74517474.cms
2020-03-06,rbi to seek review of supreme court order on cryptocurrency,https://economictimes.indiatimes.comhttps://economictimes.indiatimes.com/news/economy/policy/rbi-to-seek-review-of-supreme-court-order-on-cryptocurrency/articleshow/74503345.cms
2020-03-08,investigate spread of coronavirus through currency notes demands cait,https://economictimes.indiatimes.comhttps://economictimes.indiatimes.com/news/politics-and-nation/investigate-spread-of-coronavirus-through-currency-notes-demands-cait/articleshow/74537382.cms
2020-03-09,we can digitise currency for it to become boundaryless sri shivananda cto paypal,https://economictimes.indiatimes.comhttps://economictimes.indiatimes.com/tech/ites/we-can-digitise-currency-for-it-to-become-boundaryless-sri-shivananda-cto-paypal/articleshow/74544953.cms
2020-03-10,view why its better for rbi to just wait and watch on cryptocurrency,https://economictimes.indiatimes.comhttps://economictimes.indiatimes.com/news/economy/policy/view-why-its-better-for-rbi-to-just-wait-and-watch-on-cryptocurrency/articleshow/74567245.cms
2020-03-10,wait for new cryptocurrency offerings as sc lifts ban,https://economictimes.indiatimes.comhttps://economictimes.indiatimes.com/markets/stocks/news/wait-for-new-cryptocurrency-offerings-as-sc-lifts-ban/articleshow/74561411.cms
2020-03-12,inr swaps to aid forex market,https://economictimes.indiatimes.comhttps://economictimes.indiatimes.com/markets/forex/rbi-announces-2-billion-usd/inr-swaps-to-aid-forex-market/articleshow/74594981.cms
2020-03-13,forex reserve surges by 5 69 billion to hit record 487 23 billion,https://economictimes.indiatimes.comhttps://economictimes.indiatimes.com/markets/forex/forex-reserve-surges-by-5-69-billion-to-hit-record-487-23-billion/articleshow/74615972.cms
2020-03-17,cryptocurrency exchange binance sets up 50 million indian blockchain fund,https://economictimes.indiatimes.comhttps://economictimes.indiatimes.com/small-biz/startups/newsbuzz/cryptocurrency-exchange-binance-sets-up-50-million-indian-blockchain-fund/articleshow/74665232.cms
2020-03-18,rupee pares gains to close marginally down on forex outflows,https://economictimes.indiatimes.comhttps://economictimes.indiatimes.com/markets/forex/rupee-pares-gains-to-close-marginally-down-on-forex-outflows/articleshow/74697092.cms
2020-03-20,covid effect forex reserve falls by 5 3 billion in a week,https://economictimes.indiatimes.comhttps://economictimes.indiatimes.com/markets/forex/covid-effect-forex-reserve-falls-by-5-3-billion-in-a-week/articleshow/74736330.cms
2020-03-21,forex kitty sees first drop in 6 months to 481 89 billion,https://economictimes.indiatimes.comhttps://economictimes.indiatimes.com/markets/forex/forex-news/forex-kitty-sees-first-drop-in-6-months-to-481-89-billion/articleshow/74742499.cms
2020-03-22,coronavirus wash hands after handling currency notes appeals iba,https://economictimes.indiatimes.comhttps://economictimes.indiatimes.com/industry/banking/finance/banking/coronavirus-wash-hands-after-handling-currency-notes-appeals-iba/articleshow/74758658.cms
2020-03-24,rupee crash sends importers rushing for forex cover,https://economictimes.indiatimes.comhttps://economictimes.indiatimes.com/markets/forex/rupee-crash-sends-importers-rushing-for-forex-cover/articleshow/74785005.cms
2020-03-27,covid effect forex reserve posts biggest weekly fall in 12 years,https://economictimes.indiatimes.comhttps://economictimes.indiatimes.com/markets/forex/covid-effect-forex-reserve-posts-biggest-weekly-fall-in-12-years/articleshow/74850984.cms
2020-04-02,once in a decade moves throw up big opportunities in forex market,https://economictimes.indiatimes.comhttps://economictimes.indiatimes.com/markets/stocks/news/once-in-a-decade-moves-throw-up-big-opportunities-in-forex-market/articleshow/74946086.cms
2020-04-02,stock forex commodity and bond markets shut today for ramnavami,https://economictimes.indiatimes.comhttps://economictimes.indiatimes.com/markets/stocks/news/stock-forex-commodity-and-bond-markets-shut-today-for-ramnavami/articleshow/74935764.cms
2020-04-03,forex reserve surges by 5 65 billion to 475 56 billion,https://economictimes.indiatimes.comhttps://economictimes.indiatimes.com/markets/forex/forex-reserve-surges-by-5-65-billion-to-475-56-billion/articleshow/74972517.cms
2020-04-03,rbi reduces trading hours for currency debt markets,https://economictimes.indiatimes.comhttps://economictimes.indiatimes.com/markets/forex/rbi-reduces-trading-hours-for-currency-debt-markets/articleshow/74966178.cms
2020-04-04,rbi cuts trading hours for forex bond and money markets,https://economictimes.indiatimes.comhttps://economictimes.indiatimes.com/markets/stocks/news/rbi-cuts-trading-hours-for-forex-bond-and-money-markets/articleshow/74977666.cms
2020-04-08,rbis forex move could shift overseas trades to india,https://economictimes.indiatimes.comhttps://economictimes.indiatimes.com/markets/forex/rbis-forex-move-could-shift-overseas-trades-to-india/articleshow/75051738.cms
2020-04-10,corona iit develops uv technology fitted trunk for homes to sanitise grocery itemscurrency notes,https://economictimes.indiatimes.comhttps://economictimes.indiatimes.com/news/science/corona-iit-develops-uv-technology-fitted-trunk-for-homes-to-sanitise-grocery-itemscurrency-notes/articleshow/75079578.cms
2020-04-10,stock forex bond commodity markets closed tomorrow for good friday,https://economictimes.indiatimes.comhttps://economictimes.indiatimes.com/markets/stocks/news/stock-forex-bond-commodity-markets-closed-tomorrow-for-good-friday/articleshow/75069524.cms
2020-04-14,stock forex bond commodity markets closed tomorrow for ambedkar jayanti,https://economictimes.indiatimes.comhttps://economictimes.indiatimes.com/markets/stocks/news/stock-forex-bond-commodity-markets-closed-tomorrow-for-ambedkar-jayanti/articleshow/75127481.cms
2020-04-16,shorter timing for debt currency markets till apr 30,https://economictimes.indiatimes.comhttps://economictimes.indiatimes.com/markets/stocks/news/shorter-timing-for-debt-currency-markets-till-apr-30/articleshow/75182022.cms
2020-04-17,forex reserves up nearly 2 billion to 476 5 billion shaktikanta das,https://economictimes.indiatimes.comhttps://economictimes.indiatimes.com/markets/forex/forex-reserves-up-nearly-2-billion-to-476-5-billion-shaktikanta-das/articleshow/75198274.cms
2020-04-17,rbi pumps rs 1 2 lakh crore fresh currency into system,https://economictimes.indiatimes.comhttps://economictimes.indiatimes.com/news/economy/finance/rbi-pumps-rs-1-2-lakh-crore-fresh-currency-into-system/articleshow/75198656.cms
2020-04-18,money changers ask rbi to direct psu banks to buy forex from them,https://economictimes.indiatimes.comhttps://economictimes.indiatimes.com/news/economy/finance/money-changers-ask-rbi-to-direct-psu-banks-to-buy-forex-from-them/articleshow/75210676.cms
2020-04-20,q4 earnings preview airlines set to hit air pocket on travel ban forex losses,https://economictimes.indiatimes.comhttps://economictimes.indiatimes.com/markets/stocks/earnings/q4-earnings-preview-airlines-set-to-hit-air-pocket-on-travel-ban-forex-losses/articleshow/75247311.cms
2020-04-22,ripple sues youtube over cryptocurrency scams,https://economictimes.indiatimes.comhttps://economictimes.indiatimes.com/tech/internet/ripple-sues-youtube-over-cryptocurrency-scams/articleshow/75303591.cms
2020-04-23,mindtree q4 result preview profit growth likely to be flat on currency hit,https://economictimes.indiatimes.comhttps://economictimes.indiatimes.com/markets/stocks/earnings/mindtree-q4-result-preview-profit-growth-likely-to-be-flat-on-currency-hit/articleshow/75322051.cms
2020-04-24,indias forex reserves surge 3 09 billion to 479 57 billion,https://economictimes.indiatimes.comhttps://economictimes.indiatimes.com/markets/forex/indias-forex-reserves-surge-3-09-billion-to-479-57-billion/articleshow/75353220.cms
2020-05-01,volatility in input costs currency to continue for hul,https://economictimes.indiatimes.comhttps://economictimes.indiatimes.com/markets/stocks/earnings/volatility-in-input-costs-currency-to-continue-for-hul/articleshow/75484165.cms
2020-05-02,china flirts with digital currency in four urban centres amid covid,https://economictimes.indiatimes.comhttps://economictimes.indiatimes.com/news/international/business/china-flirts-with-digital-currency-in-four-urban-centres-amid-covid/articleshow/75504372.cms
2020-05-04,cryptocurrency exchanges approach rbi seeking clarity on status taxability,https://economictimes.indiatimes.comhttps://economictimes.indiatimes.com/industry/banking/finance/banking/cryptocurrency-exchanges-approach-rbi-seeking-clarity-on-status-taxability/articleshow/75523505.cms
2020-05-07,hedging currency risks before after and during the corona disruptions,https://economictimes.indiatimes.comhttps://economictimes.indiatimes.com/markets/forex/hedging-currency-risks-before-after-and-during-the-corona-disruptions/articleshow/75597017.cms
2020-05-08,indias forex reserves up 1 62 mn at 481 08 bn,https://economictimes.indiatimes.comhttps://economictimes.indiatimes.com/markets/forex/indias-forex-reserves-up-1-62-mn-at-481-08-bn/articleshow/75629296.cms
2020-05-08,india to take on offshore currency markets amid virus tumult,https://economictimes.indiatimes.comhttps://economictimes.indiatimes.com/markets/forex/india-to-take-on-offshore-currency-markets-amid-virus-tumult/articleshow/75614800.cms
2020-05-15,forex reserves surge by 4 235 billion to 485 31 billion,https://economictimes.indiatimes.comhttps://economictimes.indiatimes.com/markets/forex/forex-reserves-surge-by-4-235-billion-to-485-31-billion/articleshow/75760887.cms
2020-05-15,bond currency markets to be surprised on lack of direct cash outflow from stimulus,https://economictimes.indiatimes.comhttps://economictimes.indiatimes.com/markets/bonds/bond-currency-markets-to-be-surprised-on-lack-of-direct-cash-outflow-from-stimulus/articleshow/75753642.cms
2020-05-19,ifsc bank units to report all otc forex deals to ccil platform from june 1 rbi,https://economictimes.indiatimes.comhttps://economictimes.indiatimes.com/news/economy/policy/ifsc-bank-units-to-report-all-otc-forex-deals-to-ccil-platform-from-june-1-rbi/articleshow/75826236.cms
2020-05-21,dollar nurses losses as currency markets eye recovery prospects,https://economictimes.indiatimes.comhttps://economictimes.indiatimes.com/markets/forex/dollar-nurses-losses-as-currency-markets-eye-recovery-prospects/articleshow/75859189.cms
2020-05-22,forex reserves rise 1 73 billion to 487 04 billion,https://economictimes.indiatimes.comhttps://economictimes.indiatimes.com/markets/forex/forex-reserves-rise-1-73-billion-to-487-04-billion/articleshow/75898404.cms
2020-05-23,jpmorgan sees currency debasement payback risk from stimulus,https://economictimes.indiatimes.comhttps://economictimes.indiatimes.com/markets/forex/jpmorgan-sees-currency-debasement-payback-risk-from-stimulus/articleshow/75915797.cms
2020-05-24,sri lanka seeks usd 1 1 billion currency swap facility from india amidst depleting forex reserves,https://economictimes.indiatimes.comhttps://economictimes.indiatimes.com/news/economy/finance/sri-lanka-seeks-usd-1-1-billion-currency-swap-facility-from-india-amidst-depleting-forex-reserves/articleshow/75938626.cms
2020-05-29,forex reserves soar to record high of 490 04 billion,https://economictimes.indiatimes.comhttps://economictimes.indiatimes.com/markets/forex/forex-reserves-soar-to-record-high-of-490-04-billion/articleshow/76092102.cms
2020-05-29,india may see a trade surplus after 10 12 years to keep currency stable prashant jain,https://economictimes.indiatimes.comhttps://economictimes.indiatimes.com/markets/expert-view/india-may-see-a-trade-surplus-after-10-12-years-to-keep-currency-stable-prashant-jain/articleshow/76086413.cms
2020-06-05,forex reserves surge to all time high of 493 48 billion,https://economictimes.indiatimes.comhttps://economictimes.indiatimes.com/markets/forex/forex-reserves-surge-to-all-time-high-of-493-48-billion/articleshow/76220969.cms
2020-06-11,forex reserves closing in on 500 billion mark,https://economictimes.indiatimes.comhttps://economictimes.indiatimes.com/markets/forex/forex-reserves-closing-in-on-500-billion-mark/articleshow/76312944.cms
2020-06-12,indias forex reserves crosses half trillion dollars for the first time,https://economictimes.indiatimes.comhttps://economictimes.indiatimes.com/news/economy/finance/indias-forex-reserves-crosses-half-trillion-dollars-for-the-first-time/articleshow/76342768.cms
2020-06-12,forex reserves jump 8 22 billion cross half a trillion mark for first time,https://economictimes.indiatimes.comhttps://economictimes.indiatimes.com/markets/forex/forex-reserves-jump-8-22-billion-cross-half-a-trillion-mark-for-first-time/articleshow/76341552.cms
2020-06-17,hpcl q4 results net plunges more than 99 hit by inventory losses forex woes,https://economictimes.indiatimes.comhttps://economictimes.indiatimes.com/markets/stocks/earnings/hpcl-q4-results-net-plunges-more-than-99-hit-by-inventory-losses-forex-woes/articleshow/76408381.cms
2020-06-19,rbi invested 1 billion in us treasury in april amid swelling forex reserves,https://economictimes.indiatimes.comhttps://economictimes.indiatimes.com/markets/stocks/news/rbi-invested-1-billion-in-us-treasury-in-april-amid-swelling-forex-reserves/articleshow/76469430.cms
2020-06-19,forex reserves up by 5 94 billion to hit record 507 64 billion,https://economictimes.indiatimes.comhttps://economictimes.indiatimes.com/markets/forex/forex-reserves-up-by-5-94-billion-to-hit-record-507-64-billion/articleshow/76466613.cms
2020-06-23,gold the new currency,https://economictimes.indiatimes.comhttps://economictimes.indiatimes.com/mf/analysis/gold-the-new-currency/articleshow/76523296.cms
2020-06-26,forex reserves down by 2 078 billion to 505 566 billion,https://economictimes.indiatimes.comhttps://economictimes.indiatimes.com/markets/forex/forex-reserves-down-by-2-078-billion-to-505-566-billion/articleshow/76646639.cms
2020-06-29,zimbabwe halts stock trading transfers to defend currency,https://economictimes.indiatimes.comhttps://economictimes.indiatimes.com/news/international/business/zimbabwe-halts-stock-trading-transfers-to-defend-currency/articleshow/76691265.cms
2020-06-29,the toughest times may be over for asias worst performing currency,https://economictimes.indiatimes.comhttps://economictimes.indiatimes.com/markets/forex/the-toughest-times-may-be-over-for-asias-worst-performing-currency/articleshow/76682985.cms
2020-07-03,forex reserves up by 1 27 billion to 506 84 billion,https://economictimes.indiatimes.comhttps://economictimes.indiatimes.com/markets/forex/forex-reserves-up-by-1-27-billion-to-506-84-billion/articleshow/76772139.cms
2020-07-04,rupees rally leaves traders gauging rbis forex strategy,https://economictimes.indiatimes.comhttps://economictimes.indiatimes.com/markets/forex/rupees-rally-leaves-traders-gauging-rbis-forex-strategy/articleshow/76781111.cms
2020-07-06,forexdollar in narrow range yen falls as stocks rise,https://economictimes.indiatimes.comhttps://economictimes.indiatimes.com/markets/forex/forexdollar-in-narrow-range-yen-falls-as-stocks-rise/articleshow/76806476.cms
2020-07-07,forexdollar wallows as data temper recovery doubts,https://economictimes.indiatimes.comhttps://economictimes.indiatimes.com/markets/forex/forexdollar-wallows-as-data-temper-recovery-doubts/articleshow/76826415.cms
2020-07-10,forex reserves hit fresh all time high touch 513 25 bn,https://economictimes.indiatimes.comhttps://economictimes.indiatimes.com/markets/forex/forex-reserves-hit-fresh-all-time-high-touch-513-25-bn/articleshow/76895906.cms
2020-07-11,view not all the glitter of cryptocurrency is gold,https://economictimes.indiatimes.comhttps://economictimes.indiatimes.com/news/economy/policy/view-not-all-the-glitter-of-cryptocurrency-is-gold/articleshow/76899533.cms
2020-07-11,india to lose rs 50000 crore in forex if solar developers given exemption from customs duty on chinese imports aisia,https://economictimes.indiatimes.comhttps://economictimes.indiatimes.com/news/economy/finance/india-to-lose-rs-50000-crore-in-forex-if-solar-developers-given-exemption-from-customs-duty-on-chinese-imports-aisia/articleshow/76900911.cms
2020-07-13,rbi bars yes banks ifsc business unit from taking foreign currency deposits,https://economictimes.indiatimes.comhttps://economictimes.indiatimes.com/markets/stocks/news/rbi-bars-yes-banks-ifsc-business-unit-from-taking-foreign-currency-deposits/articleshow/76932100.cms
2020-07-16,currency in circulation higher in march and april due to festivities says rbi paper,https://economictimes.indiatimes.comhttps://economictimes.indiatimes.com/news/economy/finance/currency-in-circulation-higher-in-march-and-april-due-to-festivities-says-rbi-paper/articleshow/77004593.cms
2020-07-17,forex reserves climb 3 1 billion to record 516 362 billion,https://economictimes.indiatimes.comhttps://economictimes.indiatimes.com/markets/forex/forex-reserves-climb-3-1-billion-to-record-516-362-billion/articleshow/77020349.cms
2020-07-21,higher forex kitty to lower borrowing cost net more foreign funds report,https://economictimes.indiatimes.comhttps://economictimes.indiatimes.com/markets/forex/higher-forex-kitty-to-lower-borrowing-cost-net-more-foreign-funds-report/articleshow/77085177.cms
2020-07-22,currency markets resume risk on rally shrugging off us china consulate spat,https://economictimes.indiatimes.comhttps://economictimes.indiatimes.com/markets/forex/currency-markets-resume-risk-on-rally-shrugging-off-us-china-consulate-spat/articleshow/77110811.cms
2020-07-24,forex reserves climb 1 27 billion to record peak of 517 637 billion,https://economictimes.indiatimes.comhttps://economictimes.indiatimes.com/markets/forex/forex-reserves-climb-1-27-billion-to-record-peak-of-517-637-billion/articleshow/77150758.cms
2020-07-25,rbi signs documents to extend 400mn currency swap facility to sri lanka indian mission,https://economictimes.indiatimes.comhttps://economictimes.indiatimes.com/news/economy/finance/rbi-signs-documents-to-extend-400mn-currency-swap-facility-to-sri-lanka-indian-mission/articleshow/77166348.cms
2020-07-27,rbi signs 400 million currency swap pact with central bank of sri lanka,https://economictimes.indiatimes.comhttps://economictimes.indiatimes.com/markets/forex/rbi-signs-400-million-currency-swap-pact-with-central-bank-of-sri-lanka/articleshow/77201835.cms
2020-07-27,dollar bears set currency on course for worst july in a decade,https://economictimes.indiatimes.comhttps://economictimes.indiatimes.com/markets/forex/dollar-bears-set-currency-on-course-for-worst-july-in-a-decade/articleshow/77200038.cms
2020-07-31,forex kitty swells nearly 5 bn to fresh high of 522 63 bn,https://economictimes.indiatimes.comhttps://economictimes.indiatimes.com/markets/forex/forex-kitty-swells-nearly-5-bn-to-fresh-high-of-522-63-bn/articleshow/77289024.cms
2020-08-01,washing or microwaving currency over coronavirus fears can result in a considerable loss,https://economictimes.indiatimes.comhttps://economictimes.indiatimes.com/magazines/panache/washing-or-microwaving-currency-over-coronavirus-fears-can-result-in-a-considerable-loss/articleshow/77294249.cms
2020-08-02,focusing on localisation to de risk biz from supply chain challenges forex fluctuations toyota,https://economictimes.indiatimes.comhttps://economictimes.indiatimes.com/industry/auto/auto-news/focusing-on-localisation-to-de-risk-biz-from-supply-chain-challenges-forex-fluctuations-toyota/articleshow/77312648.cms
2020-08-07,forex reserves climb 11 9 bn to all time high of 534 5 bn,https://economictimes.indiatimes.comhttps://economictimes.indiatimes.com/markets/forex/forex-reserves-climb-11-9-bn-to-all-time-high-of-534-5-bn/articleshow/77419421.cms
2020-08-14,forex reserves climb 3 62 bn to record 538 191 bn,https://economictimes.indiatimes.comhttps://economictimes.indiatimes.com/markets/forex/forex-reserves-climb-3-62-bn-to-record-538-191-bn/articleshow/77549084.cms
2020-08-19,mercedes benz mulls price hike to offset the impact of currency volatility,https://economictimes.indiatimes.comhttps://economictimes.indiatimes.com/industry/auto/cars-uvs/mercedes-benz-mulls-price-hike-to-offset-the-impact-of-currency-volatility/articleshow/77634349.cms
2020-08-20,gold to gain on massive currency debasement skybridge says,https://economictimes.indiatimes.comhttps://economictimes.indiatimes.com/markets/commodities/news/gold-to-gain-on-massive-currency-debasement-skybridge-says/articleshow/77659906.cms
2020-08-20,biggest forex buyer in emerging asia builds on record buffer,https://economictimes.indiatimes.comhttps://economictimes.indiatimes.com/markets/forex/biggest-forex-buyer-in-emerging-asia-builds-on-record-buffer/articleshow/77652385.cms
2020-08-21,forex reserves down by 2 94 bn to 535 25 bn,https://economictimes.indiatimes.comhttps://economictimes.indiatimes.com/markets/forex/forex-reserves-down-by-2-94-bn-to-535-25-bn/articleshow/77677569.cms
2020-08-25,dollar hangs on as currency market waits for powell,https://economictimes.indiatimes.comhttps://economictimes.indiatimes.com/markets/forex/dollar-hangs-on-as-currency-market-waits-for-powell/articleshow/77732796.cms
2020-08-26,currency markets in subdued mood ahead of key fed speech,https://economictimes.indiatimes.comhttps://economictimes.indiatimes.com/markets/forex/currency-markets-in-subdued-mood-ahead-of-key-fed-speech/articleshow/77764557.cms
2020-08-26,closure of copper plant sends shock waves to investors leads to forex outgo of rs 40000 crore says official,https://economictimes.indiatimes.comhttps://economictimes.indiatimes.com/industry/indl-goods/svs/metals-mining/closure-of-copper-plant-sends-shock-waves-to-investors-leads-to-forex-outgo-of-rs-40000-crore-says-official/articleshow/77762633.cms
2020-08-26,forex hedging costs soar for india inc,https://economictimes.indiatimes.comhttps://economictimes.indiatimes.com/markets/forex/forex-hedging-costs-soar-for-india-inc/articleshow/77754840.cms
2020-08-26,currency in circulation hits pre demonetisation levels,https://economictimes.indiatimes.comhttps://economictimes.indiatimes.com/news/economy/finance/currency-in-circulation-hits-pre-demonetisation-levels/articleshow/77754194.cms
2020-08-28,forex reserves surge by 2 296 bn to 537 548 bn,https://economictimes.indiatimes.comhttps://economictimes.indiatimes.com/markets/forex/forex-reserves-surge-by-2-296-bn-to-537-548-bn/articleshow/77806825.cms
2020-08-29,6 insurance covers you can get on your forex card while travelling abroad,https://economictimes.indiatimes.comhttps://economictimes.indiatimes.com/wealth/insure/6-insurance-covers-you-can-get-on-your-forex-card-while-travelling-abroad/articleshow/74333414.cms
2020-09-01,ril starts buying local currency bonds as net debt reduces to zero,https://economictimes.indiatimes.comhttps://economictimes.indiatimes.com/markets/bonds/ril-starts-buying-local-currency-bonds-as-net-debt-reduces-to-zero/articleshow/77855964.cms
2020-09-03,cryptos back in currency but are they smart investments,https://economictimes.indiatimes.comhttps://economictimes.indiatimes.com/markets/stocks/news/cryptos-back-in-currency-but-are-they-smart-investments/articleshow/77904850.cms
2020-09-04,forex reserves climb 3 883 bn to record 541 431 bn,https://economictimes.indiatimes.comhttps://economictimes.indiatimes.com/markets/forex/forex-reserves-climb-3-883-bn-to-record-541-431-bn/articleshow/77936690.cms
2020-09-11,forex reserves climb 582 mn to record 542 bn,https://economictimes.indiatimes.comhttps://economictimes.indiatimes.com/markets/forex/forex-reserves-climb-582-mn-to-record-542-bn/articleshow/78065033.cms
2020-09-14,luxury carmakers are considering price hikes on account of currency fluctuation,https://economictimes.indiatimes.comhttps://economictimes.indiatimes.com/industry/auto/auto-news/luxury-carmakers-are-considering-price-hikes-on-account-of-currency-fluctuation/articleshow/78110105.cms
2020-09-14,rbis dollar buys take july forex reserves to record highs,https://economictimes.indiatimes.comhttps://economictimes.indiatimes.com/markets/forex/rbis-dollar-buys-take-july-forex-reserves-to-record-highs/articleshow/78094801.cms
2020-09-16,ray dalio warns of threat to dollar as reserve currency,https://economictimes.indiatimes.comhttps://economictimes.indiatimes.com/markets/forex/ray-dalio-warns-of-threat-to-dollar-as-reserve-currency/articleshow/78138849.cms
2020-09-17,fed decision leaves forex market set for dollar short squeeze,https://economictimes.indiatimes.comhttps://economictimes.indiatimes.com/markets/forex/fed-decision-leaves-forex-market-set-for-dollar-short-squeeze/articleshow/78170101.cms
2020-09-17,government plans to introduce law to ban cryptocurrency trading,https://economictimes.indiatimes.comhttps://economictimes.indiatimes.com/news/economy/policy/government-plans-to-introduce-law-to-ban-cryptocurrency-trading/articleshow/78132596.cms
2020-09-18,forex dollar set for weekly loss kiwi dollar hits 18 month high,https://economictimes.indiatimes.comhttps://economictimes.indiatimes.com/markets/forex/forex-dollar-set-for-weekly-loss-kiwi-dollar-hits-18-month-high/articleshow/78191213.cms
2020-09-18,forex reserves down by usd 353 mn to usd 541 66 bn rbi data,https://economictimes.indiatimes.comhttps://economictimes.indiatimes.com/markets/forex/forex-reserves-down-by-usd-353-mn-to-usd-541-66-bn-rbi-data/articleshow/78189448.cms
2020-09-18,fake currency cattle smuggling on rise along indo bangladesh border bsf,https://economictimes.indiatimes.comhttps://economictimes.indiatimes.com/news/politics-and-nation/fake-currency-cattle-smuggling-on-rise-along-indo-bangladesh-border-bsf/articleshow/78176975.cms
2020-09-21,how to buy forex for foreign travel,https://economictimes.indiatimes.comhttps://economictimes.indiatimes.com/wealth/spend/how-to-buy-forex-for-foreign-travel/articleshow/78200674.cms
2020-09-23,forex dollar clings to two month highs amid covid 19 angst,https://economictimes.indiatimes.comhttps://economictimes.indiatimes.com/markets/forex/forex-dollar-clings-to-two-month-highs-amid-covid-19-angst/articleshow/78276566.cms
2020-09-25,forex reserves up by 3 378 bn to record 545 038 bn,https://economictimes.indiatimes.comhttps://economictimes.indiatimes.com/markets/forex/forex-reserves-up-by-3-378-bn-to-record-545-038-bn/articleshow/78318672.cms
2020-09-25,sp affirms indias long term foreign and local currency sovereign credit rating at bbb,https://economictimes.indiatimes.comhttps://economictimes.indiatimes.com/news/economy/indicators/sp-affirms-indias-long-term-foreign-and-local-currency-sovereign-credit-rating-at-bbb/articleshow/78317496.cms
2020-09-26,sri lanka seeks fresh currency swap facility deferment of debt payments from india,https://economictimes.indiatimes.comhttps://economictimes.indiatimes.com/news/economy/foreign-trade/sri-lanka-seeks-fresh-currency-swap-facility-deferment-of-debt-payments-from-india/articleshow/78333319.cms
2020-09-28,fake currency notes worth rs 1 crore deposited in reserve bank of india,https://economictimes.indiatimes.comhttps://economictimes.indiatimes.com/news/politics-and-nation/fake-currency-notes-worth-rs-1-crore-deposited-in-reserve-bank-of-india/articleshow/78364820.cms
2020-10-02,forex reserves drop 3 017 billion to 542 021 billion,https://economictimes.indiatimes.comhttps://economictimes.indiatimes.com/markets/forex/forex-reserves-drop-3-017-billion-to-542-021-billion/articleshow/78447464.cms
2020-10-07,axis bank vistara launch co branded forex card,https://economictimes.indiatimes.comhttps://economictimes.indiatimes.com/industry/banking/finance/banking/axis-bank-vistara-launch-co-branded-forex-card/articleshow/78514090.cms
2020-10-08,twitter tesla and skype early investor tim draper bets on indian cryptocurrency exchange,https://economictimes.indiatimes.comhttps://economictimes.indiatimes.com/tech/startups/twitter-tesla-and-skype-early-investor-tim-draper-bets-on-indian-cryptocurrency-exchange/articleshow/78547713.cms
2020-10-09,forex reserves up by 3 618 bn to record 545 638 bn,https://economictimes.indiatimes.comhttps://economictimes.indiatimes.com/markets/forex/forex-reserves-up-by-3-618-bn-to-record-545-638-bn/articleshow/78576193.cms
2020-10-11,rbi to move to next generation treasury application for managing forex gold reserves,https://economictimes.indiatimes.comhttps://economictimes.indiatimes.com/news/economy/policy/rbi-to-move-to-next-generation-treasury-application-for-managing-forex-gold-reserves/articleshow/78601807.cms
2020-10-15,analysis who has more in the tank currency markets sharpen focus on debt and deficits,https://economictimes.indiatimes.comhttps://economictimes.indiatimes.com/markets/forex/analysis-who-has-more-in-the-tank-currency-markets-sharpen-focus-on-debt-and-deficits/articleshow/78685362.cms
2020-10-16,exporters urged not to speculate on currency movement due to market volatility,https://economictimes.indiatimes.comhttps://economictimes.indiatimes.com/markets/forex/exporters-urged-not-to-speculate-on-currency-movement-due-to-market-volatility/articleshow/78705816.cms
2020-10-17,mcx invites tech bids to extend trading to equity currency segments,https://economictimes.indiatimes.comhttps://economictimes.indiatimes.com/markets/commodities/news/mcx-invites-tech-bids-to-extend-trading-to-equity-currency-segments/articleshow/78716441.cms
2020-10-23,forex reserves touch life time high of 555 12 bln,https://economictimes.indiatimes.comhttps://economictimes.indiatimes.com/markets/forex/forex-reserves-touch-life-time-high-of-555-12-bln/articleshow/78830163.cms
2020-10-24,novogratz says bitcoin is digital gold not a currency for now,https://economictimes.indiatimes.comhttps://economictimes.indiatimes.com/markets/commodities/news/novogratz-says-bitcoin-is-digital-gold-not-a-currency-for-now/articleshow/78842371.cms
2020-10-30,forex reserves surge 5 4 bn to all time high of 560 532 bn,https://economictimes.indiatimes.comhttps://economictimes.indiatimes.com/markets/forex/forex-reserves-surge-5-4-bn-to-all-time-high-of-560-532-bn/articleshow/78953242.cms
2021-02-01,tax hikes currency printing were never on the table nirmala sitharaman,https://economictimes.indiatimes.comhttps://economictimes.indiatimes.com/markets/expert-view/tax-hikes-currency-printing-were-never-on-the-table-nirmala-sitharaman/articleshow/80635380.cms
2021-02-01,crypto community panics on news of pvt currencys exit,https://economictimes.indiatimes.comhttps://economictimes.indiatimes.com/tech/tech-bytes/crypto-community-panics-on-news-of-pvt-currencys-exit/articleshow/80620693.cms
2021-02-01,legislative agenda on budget day cryptocurrency infrastructure investment,https://economictimes.indiatimes.comhttps://economictimes.indiatimes.com/news/economy/policy/legislative-agenda-on-budget-day-cryptocurrency-infrastructure-investment/articleshow/80618235.cms
2021-02-02,does an rbi cryptocurrency need to set aside the private ecosystem,https://economictimes.indiatimes.comhttps://economictimes.indiatimes.com/markets/stocks/news/does-an-rbi-cryptocurrency-need-to-set-aside-the-private-ecosystem/articleshow/80648757.cms
2021-02-03,cryptocurrency ethereum hits record high ahead of cme futures launch,https://economictimes.indiatimes.comhttps://economictimes.indiatimes.com/markets/stocks/news/cryptocurrency-ethereum-hits-record-high-ahead-of-cme-futures-launch/articleshow/80672892.cms
2021-02-04,hpcl q3 results net profit trebles to rs 2355 cr on inventory and forex gains,https://economictimes.indiatimes.comhttps://economictimes.indiatimes.com/markets/stocks/earnings/hpcl-q3-results-net-profit-trebles-to-rs-2355-cr-on-inventory-and-forex-gains/articleshow/80688348.cms
2021-02-05,forex reserves jump 4 85 bn to record 590 18 bn,https://economictimes.indiatimes.comhttps://economictimes.indiatimes.com/markets/forex/forex-reserves-jump-4-85-bn-to-record-590-18-bn/articleshow/80711374.cms
2021-02-05,rbi internal panel working on model of central banks digital currency decision very soon deputy governor b p kanungo,https://economictimes.indiatimes.comhttps://economictimes.indiatimes.com/news/economy/policy/rbi-internal-panel-working-on-model-of-central-banks-digital-currency-decision-very-soon-deputy-governor-b-p-kanungo/articleshow/80704944.cms
2021-02-06,with 590 billion forex reserves in kitty india now net creditor mos thakur,https://economictimes.indiatimes.comhttps://economictimes.indiatimes.com/news/economy/indicators/with-590-billion-forex-reserves-in-kitty-india-now-net-creditor-mos-thakur/articleshow/80725018.cms
2021-02-08,elon musk tesla invests 1 5 billion in bitcoin cryptocurrency,https://economictimes.indiatimes.comhttps://economictimes.indiatimes.com/markets/stocks/news/elon-musk-tesla-invests-1-5-billion-in-bitcoin-cryptocurrency/articleshow/80753700.cms
2021-02-10,india has a backdoor entry into digital currency will it take it,https://economictimes.indiatimes.comhttps://economictimes.indiatimes.com/markets/stocks/news/india-has-a-backdoor-entry-into-digital-currency-will-it-take-it/articleshow/80778774.cms
2021-02-11,cryptocurrency may be used as a hedge not unlike gold arnab das,https://economictimes.indiatimes.comhttps://economictimes.indiatimes.com/markets/expert-view/cryptocurrency-may-be-used-as-a-hedge-not-unlike-gold-arnab-das/articleshow/80835027.cms
2021-02-12,5 reasons why bitcoin cryptocurrency prices are on the rise,https://economictimes.indiatimes.comhttps://economictimes.indiatimes.com/markets/stocks/news/5-reasons-why-bitcoin-cryptocurrency-prices-are-on-the-rise/articleshow/80764149.cms
2021-02-12,a currency strategy thats drawing more hot money to india,https://economictimes.indiatimes.comhttps://economictimes.indiatimes.com/markets/forex/a-currency-strategy-thats-drawing-more-hot-money-to-india/articleshow/80873323.cms
2021-02-13,india crypto ban contours of india cryptocurrency bill may trigger legal tussle,https://economictimes.indiatimes.comhttps://economictimes.indiatimes.com/tech/tech-bytes/india-crypto-ban-contours-of-india-cryptocurrency-bill-may-trigger-legal-tussle/articleshow/80867778.cms
2021-02-17,bitcoin jumps to all time high as cryptocurrency fever continues,https://economictimes.indiatimes.comhttps://economictimes.indiatimes.com/markets/forex/bitcoin-jumps-to-all-time-high-as-cryptocurrency-fever-continues/articleshow/81046414.cms
2021-02-18,cryptocurrency sleuths point to robinhood as dogecoin whale,https://economictimes.indiatimes.comhttps://economictimes.indiatimes.com/markets/forex/cryptocurrency-sleuths-point-to-robinhood-as-dogecoin-whale/articleshow/81082872.cms
2021-02-19,gift city starts gaining share in currency market and how,https://economictimes.indiatimes.comhttps://economictimes.indiatimes.com/markets/forex/gift-city-starts-gaining-share-in-currency-market-and-how/articleshow/81113249.cms
2021-02-19,forex reserves down by 249 mn to 583 697 bn,https://economictimes.indiatimes.comhttps://economictimes.indiatimes.com/markets/forex/forex-reserves-down-by-249-mn-to-583-697-bn/articleshow/81112358.cms
2021-02-19,is india about to miss the bus in leveraging cryptocurrency,https://economictimes.indiatimes.comhttps://economictimes.indiatimes.com/markets/stocks/news/is-india-about-to-miss-the-bus-in-leveraging-cryptocurrency/articleshow/81107495.cms
2021-02-19,cryptocurrency players form lobby group in a bid to stave off a likely ban in india,https://economictimes.indiatimes.comhttps://economictimes.indiatimes.com/news/economy/policy/cryptocurrency-players-form-lobby-group-in-a-bid-to-stave-off-a-likely-ban-in-india/articleshow/81108603.cms
2021-02-19,after taxman banks ring warning signals for customers investing trading in cryptocurrency,https://economictimes.indiatimes.comhttps://economictimes.indiatimes.com/markets/stocks/news/after-taxman-banks-ring-warning-signals-for-customers-investing-trading-in-cryptocurrency/articleshow/81083303.cms
2021-02-20,what will indian investors lose if govt really bans cryptocurrency,https://economictimes.indiatimes.comhttps://economictimes.indiatimes.com/markets/stocks/news/what-will-indian-investors-lose-if-govt-really-bans-cryptocurrency/articleshow/81123184.cms
2021-02-22,airtel to take final call on foreign currency bonds issuance post meet with investors,https://economictimes.indiatimes.comhttps://economictimes.indiatimes.com/markets/bonds/airtel-to-take-final-call-on-foreign-currency-bonds-issuance-post-meet-with-investors/articleshow/81155628.cms
2021-02-22,judge cryptocurrency by technology and not the other way around,https://economictimes.indiatimes.comhttps://economictimes.indiatimes.com/markets/stocks/news/judge-cryptocurrency-by-technology-and-not-the-other-way-around/articleshow/81151903.cms
2021-02-22,crypto conundrum digital currency future seems vague in india,https://economictimes.indiatimes.comhttps://economictimes.indiatimes.com/markets/stocks/news/crypto-conundrum-digital-currency-future-seems-vague-in-india/articleshow/81146253.cms
2021-02-22,rupee bounces from worst asia currency on flood of stock inflows,https://economictimes.indiatimes.comhttps://economictimes.indiatimes.com/markets/forex/rupee-bounces-from-worst-asia-currency-on-flood-of-stock-inflows/articleshow/81144752.cms
2021-02-23,5 things you dont know about cryptocurrency markets in india,https://economictimes.indiatimes.comhttps://economictimes.indiatimes.com/markets/stocks/news/5-things-you-dont-know-about-cryptocurrency-markets-in-india/articleshow/80926730.cms
2021-02-24,etmarkets conclave to demystify the world of cryptocurrency and blockchain,https://economictimes.indiatimes.comhttps://economictimes.indiatimes.com/markets/stocks/news/etmarkets-conclave-to-demystify-the-world-of-cryptocurrency-and-blockchain/articleshow/81185015.cms
2021-02-25,when most central banks are still iffy about digital currency mas sopnendu mohanty is gung ho about it,https://economictimes.indiatimes.comhttps://economictimes.indiatimes.com/markets/stocks/news/when-most-central-banks-are-still-iffy-about-digital-currency-mas-sopnendu-mohanty-is-gung-ho-about-it/articleshow/81208756.cms
2021-02-25,how can a digital currency from rbi change your world an ex un expert decodes cbdc for you,https://economictimes.indiatimes.comhttps://economictimes.indiatimes.com/markets/stocks/news/how-can-a-digital-currency-from-rbi-change-your-world-an-ex-un-expert-decodes-cbdc-for-you/articleshow/81204657.cms
2021-02-25,rbi governor shaktikanta das voices major concerns about cryptocurrency,https://economictimes.indiatimes.comhttps://economictimes.indiatimes.com/news/economy/policy/rbi-governor-shaktikanta-das-voices-major-concerns-about-cryptocurrency/articleshow/81187214.cms
2021-02-26,forex reserves up by 169 mn to 583 865 bn,https://economictimes.indiatimes.comhttps://economictimes.indiatimes.com/markets/forex/forex-reserves-up-by-169-mn-to-583-865-bn/articleshow/81233131.cms
2021-02-26,stocks forex hammered by rising treasury yields rand rouble gain,https://economictimes.indiatimes.comhttps://economictimes.indiatimes.com/markets/stocks/news/stocks-forex-hammered-by-rising-treasury-yields-rand-rouble-gain/articleshow/81226232.cms
2021-07-01,cryptocurrency brand coindcx becomes title sponsor of the t20i series between india and sri lanka,https://economictimes.indiatimes.comhttps://economictimes.indiatimes.com/magazines/panache/cryptocurrency-brand-coindcx-becomes-title-sponsor-of-the-t20i-series-between-india-and-sri-lanka/articleshow/84014247.cms
2021-07-01,top cryptocurrency prices today bitcoin dogecoin polkadot shed up to 5,https://economictimes.indiatimes.comhttps://economictimes.indiatimes.com/markets/cryptocurrency/top-cryptocurrency-prices-today-bitcoin-dogecoin-polkadot-shed-up-to-5/articleshow/84009865.cms
2021-07-02,five reasons why india needs to add to record forex pile,https://economictimes.indiatimes.comhttps://economictimes.indiatimes.com/news/economy/indicators/five-reasons-why-india-needs-to-add-to-record-forex-pile/articleshow/84054476.cms
2021-07-02,top cryptocurrency prices today ethereum polkadot xrp shed up to 7,https://economictimes.indiatimes.comhttps://economictimes.indiatimes.com/markets/cryptocurrency/top-cryptocurrency-prices-today-ethereum-polkadot-xrp-shed-up-to-7/articleshow/84057025.cms
2021-07-05,top cryptocurrency prices today uniswap ethereum polkadot gain up to 6,https://economictimes.indiatimes.comhttps://economictimes.indiatimes.com/markets/cryptocurrency/top-cryptocurrency-prices-today-uniswap-ethereum-polkadot-gain-up-to-6/articleshow/84133056.cms
2021-07-06,top cryptocurrency prices today bitcoin ethereum fall uniswap gains 7,https://economictimes.indiatimes.comhttps://economictimes.indiatimes.com/markets/cryptocurrency/top-cryptocurrency-prices-today-bitcoin-ethereum-fall-uniswap-gains-7/articleshow/84163348.cms
2021-07-07,cryptocurrency could buy you a 101 carat diamond at sothebys,https://economictimes.indiatimes.comhttps://economictimes.indiatimes.com/markets/cryptocurrency/cryptocurrency-could-buy-you-a-101-carat-diamond-at-sothebys/articleshow/84195740.cms
2021-07-07,top cryptocurrency prices today ethereum binance coin polkadot gain up to 8,https://economictimes.indiatimes.comhttps://economictimes.indiatimes.com/markets/cryptocurrency/top-cryptocurrency-prices-today-ethereum-binance-coin-polkadot-gain-up-to-8/articleshow/84194650.cms
2021-07-07,singapores nium to acquire wirecards forex unit in india,https://economictimes.indiatimes.comhttps://economictimes.indiatimes.com/tech/startups/singapores-nium-to-acquire-wirecards-forex-unit-in-india/articleshow/84194276.cms
2021-07-08,top cryptocurrency prices today bitcoin ethereum cardano gain up to 5,https://economictimes.indiatimes.comhttps://economictimes.indiatimes.com/markets/cryptocurrency/top-cryptocurrency-prices-today-bitcoin-ethereum-cardano-gain-up-to-5/articleshow/83911764.cms
2021-07-08,top cryptocurrency prices today dogecoin xrp uniswap tank up to 7,https://economictimes.indiatimes.comhttps://economictimes.indiatimes.com/markets/cryptocurrency/top-cryptocurrency-prices-today-dogecoin-xrp-uniswap-tank-up-to-7/articleshow/84225466.cms
2021-07-09,forex reserves rise by 1 013 billion to record high of 610 012 billion,https://economictimes.indiatimes.comhttps://economictimes.indiatimes.com/markets/forex/forex-reserves-rise-by-1-013-billion-to-record-high-of-610-012-billion/articleshow/84267597.cms
2021-07-09,top cryptocurrency prices today ethereum dogecoin and polkadot shed upto 7,https://economictimes.indiatimes.comhttps://economictimes.indiatimes.com/markets/cryptocurrency/top-cryptocurrency-prices-today-ethereum-dogecoin-and-polkadot-shed-upto-7/articleshow/84258186.cms
2021-07-11,cryptocurrency week at a glance tokens trade range bound amidst volatility,https://economictimes.indiatimes.comhttps://economictimes.indiatimes.com/markets/cryptocurrency/cryptocurrency-week-at-a-glance-tokens-trade-range-bound-amidst-volatility/articleshow/84311990.cms
2021-07-12,uae says to launch digital currency within five years,https://economictimes.indiatimes.comhttps://economictimes.indiatimes.com/news/international/uae/uae-says-to-launch-digital-currency-within-five-years/articleshow/84353176.cms
2021-07-12,top cryptocurrency prices today uniswap binance coin ethereum gain up to 6,https://economictimes.indiatimes.comhttps://economictimes.indiatimes.com/markets/cryptocurrency/top-cryptocurrency-prices-today-uniswap-binance-coin-ethereum-gain-up-to-6/articleshow/84336295.cms
2021-07-13,british police seize record 408 million haul of cryptocurrency,https://economictimes.indiatimes.comhttps://economictimes.indiatimes.com/markets/cryptocurrency/british-police-seize-record-408-million-haul-of-cryptocurrency/articleshow/84373588.cms
2021-07-13,top cryptocurrency prices today uniswap dogecoin ethereum shed up to 8,https://economictimes.indiatimes.comhttps://economictimes.indiatimes.com/markets/cryptocurrency/top-cryptocurrency-prices-today-uniswap-dogecoin-ethereum-shed-up-to-8/articleshow/84367528.cms
2021-07-13,big banks brace as british forex class action seeks go ahead,https://economictimes.indiatimes.comhttps://economictimes.indiatimes.com/markets/forex/big-banks-brace-as-british-forex-class-action-seeks-go-ahead/articleshow/84366236.cms
2021-07-14,anhui becomes latest chinese province to root out cryptocurrency mining,https://economictimes.indiatimes.comhttps://economictimes.indiatimes.com/markets/cryptocurrency/anhui-becomes-latest-chinese-province-to-root-out-cryptocurrency-mining/articleshow/84405367.cms
2021-07-14,top cryptocurrency prices today bitcoin tanks 8 ethereum follows with 21 plunge,https://economictimes.indiatimes.comhttps://economictimes.indiatimes.com/markets/cryptocurrency/top-cryptocurrency-prices-today-bitcoin-tanks-8-ethereum-follows-with-21-plunge/articleshow/84400110.cms
2021-07-15,top cryptocurrency prices today ethereum binance coin xrp gain up to 5,https://economictimes.indiatimes.comhttps://economictimes.indiatimes.com/markets/cryptocurrency/top-cryptocurrency-prices-today-ethereum-binance-coin-xrp-gain-up-to-5/articleshow/84431927.cms
2021-07-16,forex reserves rise by 1 88 billion to record high of 611 89 billion,https://economictimes.indiatimes.comhttps://economictimes.indiatimes.com/markets/forex/forex-reserves-rise-by-1-88-billion-to-record-high-of-611-89-billion/articleshow/84478945.cms
2021-07-16,top cryptocurrency prices today binance coin gains 5 dogecoin falls 4,https://economictimes.indiatimes.comhttps://economictimes.indiatimes.com/markets/cryptocurrency/top-cryptocurrency-prices-today-binance-coin-gains-5-dogecoin-falls-4/articleshow/84464079.cms
2021-07-16,pakistan moves to bring cryptocurrency boom out of the dark,https://economictimes.indiatimes.comhttps://economictimes.indiatimes.com/markets/cryptocurrency/pakistan-moves-to-bring-cryptocurrency-boom-out-of-the-dark/articleshow/84464186.cms
2021-07-19,top cryptocurrency prices today dogecoin ethereum uniswap shed up to 6,https://economictimes.indiatimes.comhttps://economictimes.indiatimes.com/markets/cryptocurrency/top-cryptocurrency-prices-today-dogecoin-ethereum-uniswap-shed-up-to-6/articleshow/84542405.cms
2021-07-19,cost of covering currency risk jumps offshore paves the way for arbitrage opportunities,https://economictimes.indiatimes.comhttps://economictimes.indiatimes.com/markets/forex/cost-of-covering-currency-risk-jumps-offshore-paves-the-way-for-arbitrage-opportunities/articleshow/84524034.cms
2021-07-19,ed stance strikes at the heart of cryptocurrency in india,https://economictimes.indiatimes.comhttps://economictimes.indiatimes.com/tech/tech-bytes/ed-stance-strikes-at-the-heart-of-cryptocurrency-in-india/articleshow/84538739.cms
2021-07-20,top cryptocurrency prices today binance coin xrp dogecoin shed up to 13,https://economictimes.indiatimes.comhttps://economictimes.indiatimes.com/markets/cryptocurrency/top-cryptocurrency-prices-today-binance-coin-xrp-dogecoin-shed-up-to-13/articleshow/84574731.cms
2021-07-21,top cryptocurrency prices today ethereum dogecoin polkadot gain up to 7,https://economictimes.indiatimes.comhttps://economictimes.indiatimes.com/markets/cryptocurrency/top-cryptocurrency-prices-today-ethereum-dogecoin-polkadot-gain-up-to-7/articleshow/84605946.cms
2021-07-22,rbi working on digital currency pilot projects likely in near future dy guv,https://economictimes.indiatimes.comhttps://economictimes.indiatimes.com/markets/stocks/news/rbi-working-on-digital-currency-pilot-projects-likely-in-near-future-dy-guv/articleshow/84649114.cms
2021-07-22,visa to acquire currencycloud at 700 million pounds valuation,https://economictimes.indiatimes.comhttps://economictimes.indiatimes.com/news/international/business/visa-to-acquire-currencycloud-at-700-million-pounds-valuation/articleshow/84642912.cms
2021-07-22,top cryptocurrency prices today bitcoin dogecoin uniswap gain up to 13,https://economictimes.indiatimes.comhttps://economictimes.indiatimes.com/markets/cryptocurrency/top-cryptocurrency-prices-today-bitcoin-dogecoin-uniswap-gain-up-to-13/articleshow/84629443.cms
2021-07-23,india needs an rbi digital currency,https://economictimes.indiatimes.comhttps://economictimes.indiatimes.com/opinion/et-editorial/india-needs-an-rbi-digital-currency/articleshow/84687788.cms
2021-07-23,forex reserves zoom to record high of 612 73 billion,https://economictimes.indiatimes.comhttps://economictimes.indiatimes.com/markets/forex/forex-reserves-zoom-to-record-high-of-612-73-billion/articleshow/84678146.cms
2021-07-23,top cryptocurrency prices today xrp polkadot uniswap jump up to 10,https://economictimes.indiatimes.comhttps://economictimes.indiatimes.com/markets/cryptocurrency/top-cryptocurrency-prices-today-xrp-polkadot-uniswap-jump-up-to-10/articleshow/84668608.cms
2021-07-23,rbi working on making virtual currency reality,https://economictimes.indiatimes.comhttps://economictimes.indiatimes.com/news/economy/policy/rbi-working-on-making-virtual-currency-reality/articleshow/84663067.cms
2021-07-26,no plan to print currency notes to tide over crisis fm,https://economictimes.indiatimes.comhttps://economictimes.indiatimes.com/news/economy/finance/no-plan-to-print-currency-notes-to-tide-over-crisis-fm/articleshow/84754043.cms
2021-07-26,top cryptocurrency prices today bitcoin dogecoin polkadot gain up to 16,https://economictimes.indiatimes.comhttps://economictimes.indiatimes.com/markets/cryptocurrency/top-cryptocurrency-prices-today-bitcoin-dogecoin-polkadot-gain-up-to-16/articleshow/84749180.cms
2021-07-27,amazon denies any plans to accept bitcoin as payments but shows interest in cryptocurrency,https://economictimes.indiatimes.comhttps://economictimes.indiatimes.com/magazines/panache/amazon-denies-any-plans-to-accept-bitcoin-as-payments-but-shows-interest-in-cryptocurrency/articleshow/84780448.cms
2021-07-27,rbi eyes transparency in forex deals,https://economictimes.indiatimes.comhttps://economictimes.indiatimes.com/markets/forex/rbi-eyes-transparency-in-forex-deals/articleshow/84771751.cms
2021-07-27,top cryptocurrency prices today dogecoin polkadot cardanon shed up to 12,https://economictimes.indiatimes.comhttps://economictimes.indiatimes.com/markets/cryptocurrency/top-cryptocurrency-prices-today-dogecoin-polkadot-cardanon-shed-up-to-12/articleshow/84783329.cms
2021-07-28,top cryptocurrency prices today bitcoin ethereum dogecoin jump up to 9,https://economictimes.indiatimes.comhttps://economictimes.indiatimes.com/markets/cryptocurrency/top-cryptocurrency-prices-today-bitcoin-ethereum-dogecoin-jump-up-to-9/articleshow/84816187.cms
2021-07-29,top cryptocurrency prices today bitcoin ethereum flat xrp jumps 9,https://economictimes.indiatimes.comhttps://economictimes.indiatimes.com/markets/cryptocurrency/top-cryptocurrency-prices-today-bitcoin-ethereum-flat-xrp-jumps-9/articleshow/84849002.cms
2021-07-30,irfc lists foreign currency green bonds on nse ifsc,https://economictimes.indiatimes.comhttps://economictimes.indiatimes.com/markets/bonds/irfc-lists-foreign-currency-green-bonds-on-nse-ifsc/articleshow/84903490.cms
2021-07-30,forex reserves down by 1 581 bn to 611 149 bn,https://economictimes.indiatimes.comhttps://economictimes.indiatimes.com/markets/forex/forex-reserves-down-by-1-581-bn-to-611-149-bn/articleshow/84892706.cms
2021-07-30,forex reserves down by usd 1 581 billion to usd 611 149 billion,https://economictimes.indiatimes.comhttps://economictimes.indiatimes.com/news/economy/finance/forex-reserves-down-by-usd-1-581-billion-to-usd-611-149-billion/articleshow/84892657.cms
2021-07-30,top cryptocurrency prices today uniswap polkadot xrp jump up to 10,https://economictimes.indiatimes.comhttps://economictimes.indiatimes.com/markets/cryptocurrency/top-cryptocurrency-prices-today-uniswap-polkadot-xrp-jump-up-to-10/articleshow/84882201.cms
2021-08-02,is it cryptocurrency is it cbdc no e rupi is way different,https://economictimes.indiatimes.comhttps://economictimes.indiatimes.com/markets/stocks/news/is-it-cryptocurrency-is-it-cbdc-no-e-rupi-is-way-different/articleshow/84982299.cms
2021-08-02,top cryptocurrency prices today bitcoin dogecoin xrp tank up to 6,https://economictimes.indiatimes.comhttps://economictimes.indiatimes.com/markets/cryptocurrency/top-cryptocurrency-prices-today-bitcoin-dogecoin-xrp-tank-up-to-6/articleshow/84965374.cms
2021-08-03,top cryptocurrency prices today bitcoin dogecoin cardano shed up to 3,https://economictimes.indiatimes.comhttps://economictimes.indiatimes.com/markets/cryptocurrency/top-cryptocurrency-prices-today-bitcoin-dogecoin-cardano-shed-up-to-3/articleshow/84996764.cms
2021-08-03,cryptocurrency promise for uaes unbanked migrants but not yet,https://economictimes.indiatimes.comhttps://economictimes.indiatimes.com/markets/cryptocurrency/cryptocurrency-promise-for-uaes-unbanked-migrants-but-not-yet/articleshow/84996080.cms
2021-08-04,top cryptocurrency prices today bitcoin dogecoin slide cardano gains 5,https://economictimes.indiatimes.comhttps://economictimes.indiatimes.com/markets/cryptocurrency/top-cryptocurrency-prices-today-bitcoin-dogecoin-slide-cardano-gains-5/articleshow/85029429.cms
2021-08-05,jack dorseys square reports a three fold increase in revenue from the worlds oldest cryptocurrency bitcoin,https://economictimes.indiatimes.comhttps://economictimes.indiatimes.com/wealth/invest/jack-dorseys-square-reports-a-three-fold-increase-in-revenue-from-the-worlds-oldest-cryptocurrency-bitcoin/articleshow/85038249.cms
2021-08-05,top cryptocurrency prices today polkadot uniswap ethereum gain up to 9,https://economictimes.indiatimes.comhttps://economictimes.indiatimes.com/markets/cryptocurrency/top-cryptocurrency-prices-today-polkadot-uniswap-ethereum-gain-up-to-9/articleshow/85060681.cms
2021-08-06,mahindra group to quantify its social impact as esg and impact investing gain currency globally anand mahindra,https://economictimes.indiatimes.comhttps://economictimes.indiatimes.com/news/company/corporate-trends/mahindra-group-to-quantify-its-social-impact-as-esg-and-impact-investing-gain-currency-globally-anand-mahindra/articleshow/85097728.cms
2021-08-06,rbi could come out with model on indias digital currency by end of the year,https://economictimes.indiatimes.comhttps://economictimes.indiatimes.com/news/economy/policy/rbi-could-come-out-with-model-on-indias-digital-currency-by-end-of-the-year/articleshow/85096005.cms
2021-08-06,top cryptocurrency prices today bitcoin ethereum uniswap gain up to 6,https://economictimes.indiatimes.comhttps://economictimes.indiatimes.com/markets/cryptocurrency/top-cryptocurrency-prices-today-bitcoin-ethereum-uniswap-gain-up-to-6/articleshow/85092303.cms
2021-08-07,model on indias digital currency by year end,https://economictimes.indiatimes.comhttps://economictimes.indiatimes.com/markets/cryptocurrency/model-on-indias-digital-currency-by-year-end/articleshow/85114237.cms
2021-08-07,forex reserves surge by 9 42 bn to all time high of 620 57 bn,https://economictimes.indiatimes.comhttps://economictimes.indiatimes.com/markets/forex/forex-reserves-surge-by-9-42-bn-to-all-time-high-of-620-57-bn/articleshow/85114459.cms
2021-08-07,divis laboratories q1 results net profit rises 13 yoy to rs 557 cr forex gains at rs 20 cr,https://economictimes.indiatimes.comhttps://economictimes.indiatimes.com/markets/stocks/earnings/divis-laboratories-q1-results-net-profit-rises-13-yoy-to-rs-557-cr-forex-gains-at-rs-20-cr/articleshow/85123602.cms
2021-08-09,top cryptocurrency prices today dogecoin polkadot uniswap fall up to 9,https://economictimes.indiatimes.comhttps://economictimes.indiatimes.com/markets/cryptocurrency/top-cryptocurrency-prices-today-dogecoin-polkadot-uniswap-fall-up-to-9/articleshow/85170842.cms
2021-08-09,2 expert modes to invest in indian markets using home currency advantage,https://economictimes.indiatimes.comhttps://economictimes.indiatimes.com/nri/invest/2-expert-modes-to-invest-in-indian-markets-using-home-currency-advantage/articleshow/85169911.cms
2021-08-10,top cryptocurrency prices today bitcoin etheruem and uniswap gain up to 10,https://economictimes.indiatimes.comhttps://economictimes.indiatimes.com/markets/cryptocurrency/top-cryptocurrency-prices-today-bitcoin-etheruem-and-uniswap-gain-up-to-10/articleshow/85200596.cms
2021-08-11,explainer how does cryptocurrency fits into infrastructure bill,https://economictimes.indiatimes.comhttps://economictimes.indiatimes.com/markets/cryptocurrency/explainer-how-does-cryptocurrency-fits-into-infrastructure-bill/articleshow/85233151.cms
2021-08-11,top cryptocurrency prices today cardano xrp dogecoin jump up to 17,https://economictimes.indiatimes.comhttps://economictimes.indiatimes.com/markets/cryptocurrency/top-cryptocurrency-prices-today-cardano-xrp-dogecoin-jump-up-to-17/articleshow/85232245.cms
2021-08-11,can e rupi become the game changer for digital currency adoption in india,https://economictimes.indiatimes.comhttps://economictimes.indiatimes.com/markets/cryptocurrency/can-e-rupi-become-the-game-changer-for-digital-currency-adoption-in-india/articleshow/85231288.cms
2021-08-12,new rbi paper takes forward discussion on links between ndf onshore forex market,https://economictimes.indiatimes.comhttps://economictimes.indiatimes.com/markets/forex/new-rbi-paper-takes-forward-discussion-on-links-between-ndf-onshore-forex-market/articleshow/85276442.cms
2021-08-12,hackers return 260 mn to cryptocurrency platform after massive theft,https://economictimes.indiatimes.comhttps://economictimes.indiatimes.com/markets/cryptocurrency/hackers-return-260-mn-to-cryptocurrency-platform-after-massive-theft/articleshow/85263627.cms
2021-08-12,top cryptocurrency prices today xrp dogecoin and cardano gain up to 17,https://economictimes.indiatimes.comhttps://economictimes.indiatimes.com/markets/cryptocurrency/top-cryptocurrency-prices-today-xrp-dogecoin-and-cardano-gain-up-to-17/articleshow/85263407.cms
2021-08-13,forex reserves rise by 889 mn to lifetime high of 621 464 bn,https://economictimes.indiatimes.comhttps://economictimes.indiatimes.com/markets/forex/forex-reserves-rise-by-889-mn-to-lifetime-high-of-621-464-bn/articleshow/85302265.cms
2021-08-13,top cryptocurrency prices today dogecoin ethereum decline cardano gains 6,https://economictimes.indiatimes.comhttps://economictimes.indiatimes.com/markets/cryptocurrency/top-cryptocurrency-prices-today-dogecoin-ethereum-decline-cardano-gains-6/articleshow/85293177.cms
2021-08-13,what is the best time to invest in cryptocurrency,https://economictimes.indiatimes.comhttps://economictimes.indiatimes.com/markets/cryptocurrency/what-is-the-best-time-to-invest-in-cryptocurrency/articleshow/85175417.cms
2021-08-16,from oil bonds to cryptocurrency fm nirmala sitharaman clears govts stand on key issues,https://economictimes.indiatimes.comhttps://economictimes.indiatimes.com/news/economy/policy/from-oil-bonds-to-cryptocurrency-fm-nirmala-sitharaman-clears-govts-stand-on-key-issues/articleshow/85373896.cms
2021-08-16,cardanos ada token is now worlds third largest cryptocurrency,https://economictimes.indiatimes.comhttps://economictimes.indiatimes.com/markets/cryptocurrency/cardanos-ada-token-is-now-worlds-third-largest-cryptocurrency/articleshow/85372571.cms
2021-08-16,these free cryptocurrency courses offer everything you need to know about diving into the crypto market,https://economictimes.indiatimes.comhttps://economictimes.indiatimes.com/wealth/invest/these-free-cryptocurrency-courses-offer-everything-you-need-to-know-about-diving-into-the-crypto-market/articleshow/85369694.cms
2021-08-16,top cryptocurrency prices today dogecoin polkadot binance coin gain up to 13,https://economictimes.indiatimes.comhttps://economictimes.indiatimes.com/markets/cryptocurrency/top-cryptocurrency-prices-today-dogecoin-polkadot-binance-coin-gain-up-to-13/articleshow/85361416.cms
2021-08-17,cryptocurrency broker bitpanda raises 263 mln at 4 1 bn valuation,https://economictimes.indiatimes.comhttps://economictimes.indiatimes.com/markets/cryptocurrency/cryptocurrency-broker-bitpanda-raises-263-mln-at-4-1-bn-valuation/articleshow/85396151.cms
2021-08-17,top cryptocurrency prices today solana polkadot binance coin gain up to 23,https://economictimes.indiatimes.comhttps://economictimes.indiatimes.com/markets/cryptocurrency/top-cryptocurrency-prices-today-solana-polkadot-binance-coin-gain-up-to-23/articleshow/85391710.cms
2021-08-17,waiting for cabinet approval says nirmala sitharaman on bill on cryptocurrency,https://economictimes.indiatimes.comhttps://economictimes.indiatimes.com/news/economy/policy/waiting-for-cabinet-approval-says-nirmala-sitharaman-on-bill-on-cryptocurrency/articleshow/85372886.cms
2021-08-17,etmarkets launches crypto corner an all new section on cryptocurrency,https://economictimes.indiatimes.comhttps://economictimes.indiatimes.com/markets/cryptocurrency/etmarkets-launches-crypto-corner-an-all-new-section-on-cryptocurrency/articleshow/85392979.cms
2021-08-18,top cryptocurrency prices today dogecoin xrp polkadot shed up to 10,https://economictimes.indiatimes.comhttps://economictimes.indiatimes.com/markets/cryptocurrency/top-cryptocurrency-prices-today-dogecoin-xrp-polkadot-shed-up-to-10/articleshow/85420272.cms
2021-08-18,millennials want in on the cryptocurrency hype but here are three things to do before you invest,https://economictimes.indiatimes.comhttps://economictimes.indiatimes.com/magazines/panache/millennials-want-in-on-the-cryptocurrency-hype-but-here-are-three-things-to-do-before-you-invest/articleshow/85419757.cms
2021-08-18,cryptocurrency solana and terra price increase by 40 percent in 48 hours,https://economictimes.indiatimes.comhttps://economictimes.indiatimes.com/wealth/invest/cryptocurrency-solana-and-terra-price-increase-by-40-percent-in-48-hours/articleshow/85400795.cms
2021-08-19,top cryptocurrency prices today bitcoin ether slip cardano solana gain up to 7,https://economictimes.indiatimes.comhttps://economictimes.indiatimes.com/markets/cryptocurrency/top-cryptocurrency-prices-today-bitcoin-ether-slip-cardano-solana-gain-up-to-7/articleshow/85448701.cms
2021-08-20,forex reserves decline by 2 10 bn to 619 365 bn,https://economictimes.indiatimes.comhttps://economictimes.indiatimes.com/markets/forex/forex-reserves-decline-by-2-10-bn-to-619-365-bn/articleshow/85490151.cms
2021-08-20,top cryptocurrency prices today bitcoin jumps 6 cardano continues massive rally,https://economictimes.indiatimes.comhttps://economictimes.indiatimes.com/markets/cryptocurrency/top-cryptocurrency-prices-today-bitcoin-jumps-6-cardano-continues-massive-rally/articleshow/85479703.cms
2021-08-23,forex reserves set to top 655 billion by march as rbi continues to run down dollar forward book report,https://economictimes.indiatimes.comhttps://economictimes.indiatimes.com/markets/forex/forex-reserves-set-to-top-655-billion-by-march-as-rbi-continues-to-run-down-dollar-forward-book-report/articleshow/85560417.cms
2021-08-23,rbis forex reserve could swell to 655 billion by march report,https://economictimes.indiatimes.comhttps://economictimes.indiatimes.com/news/economy/indicators/rbis-forex-reserve-could-swell-to-655-billion-by-march-report/articleshow/85561887.cms
2021-08-23,will cryptocurrency ever be accepted as a good asset class,https://economictimes.indiatimes.comhttps://economictimes.indiatimes.com/markets/cryptocurrency/will-cryptocurrency-ever-be-accepted-as-a-good-asset-class/articleshow/85554912.cms
2021-08-23,top cryptocurrency prices today bitcoin cardano binance coin gain up to 12,https://economictimes.indiatimes.comhttps://economictimes.indiatimes.com/markets/cryptocurrency/top-cryptocurrency-prices-today-bitcoin-cardano-binance-coin-gain-up-to-12/articleshow/85553813.cms
2021-08-24,top cryptocurrency prices today polkadot doge decline binance coin gains 6,https://economictimes.indiatimes.comhttps://economictimes.indiatimes.com/markets/cryptocurrency/top-cryptocurrency-prices-today-polkadot-doge-decline-binance-coin-gains-6/articleshow/85584472.cms
2021-08-25,bitcoin vs ether which cryptocurrency has an edge,https://economictimes.indiatimes.comhttps://economictimes.indiatimes.com/markets/cryptocurrency/bitcoin-vs-ether-which-cryptocurrency-has-an-edge/articleshow/85626502.cms
2021-08-25,top cryptocurrency prices today solana polkadot dogecoin shed up to 9,https://economictimes.indiatimes.comhttps://economictimes.indiatimes.com/markets/cryptocurrency/top-cryptocurrency-prices-today-solana-polkadot-dogecoin-shed-up-to-9/articleshow/85614970.cms
2021-08-26,explained what is coin burning in the cryptocurrency universe,https://economictimes.indiatimes.comhttps://economictimes.indiatimes.com/markets/cryptocurrency/explained-what-is-coin-burning-in-the-cryptocurrency-universe/articleshow/85658968.cms
2021-08-26,bearish bets soften on asian forex as us dollar eases,https://economictimes.indiatimes.comhttps://economictimes.indiatimes.com/markets/forex/bearish-bets-soften-on-asian-forex-as-us-dollar-eases/articleshow/85651349.cms
2021-08-26,top cryptocurrency prices today dogecoin cardano fall binance coin gains 4,https://economictimes.indiatimes.comhttps://economictimes.indiatimes.com/markets/cryptocurrency/top-cryptocurrency-prices-today-dogecoin-cardano-fall-binance-coin-gains-4/articleshow/85647084.cms
2021-08-27,forex reserves drop by 2 47 bn to 616 895 bn,https://economictimes.indiatimes.comhttps://economictimes.indiatimes.com/markets/forex/forex-reserves-drop-by-2-47-bn-to-616-895-bn/articleshow/85688345.cms
2021-08-27,indias forex reserves fell to 616 9 billion as of august 20,https://economictimes.indiatimes.comhttps://economictimes.indiatimes.com/news/economy/finance/indias-forex-reserves-fell-to-616-9-billion-as-of-august-20/articleshow/85686663.cms
2021-08-27,top cryptocurrency prices today xrp dogecoin fall solana gains 16,https://economictimes.indiatimes.comhttps://economictimes.indiatimes.com/markets/cryptocurrency/top-cryptocurrency-prices-today-xrp-dogecoin-fall-solana-gains-16/articleshow/85677948.cms
2021-08-30,top cryptocurrency prices today solana cardano dogecoin gain up to 5,https://economictimes.indiatimes.comhttps://economictimes.indiatimes.com/markets/cryptocurrency/top-cryptocurrency-prices-today-solana-cardano-dogecoin-gain-up-to-5/articleshow/85757692.cms
2021-08-31,cardano returns 150 in a month to become the third largest cryptocurrency,https://economictimes.indiatimes.comhttps://economictimes.indiatimes.com/markets/cryptocurrency/cardano-returns-150-in-a-month-to-become-the-third-largest-cryptocurrency/articleshow/85617141.cms
2021-08-31,nigeria to partner with bitt inc to launch enaira digital currency,https://economictimes.indiatimes.comhttps://economictimes.indiatimes.com/markets/cryptocurrency/nigeria-to-partner-with-bitt-inc-to-launch-enaira-digital-currency/articleshow/85786648.cms
2021-09-01,indias forex reserves to spurt sharply this week,https://economictimes.indiatimes.comhttps://economictimes.indiatimes.com/markets/forex/indias-forex-reserves-to-spurt-sharply-this-week/articleshow/85838415.cms
2021-09-01,top cryptocurrency prices today polkadot ethereum xrp gain up to 13,https://economictimes.indiatimes.comhttps://economictimes.indiatimes.com/markets/cryptocurrency/top-cryptocurrency-prices-today-polkadot-ethereum-xrp-gain-up-to-13/articleshow/85824105.cms
2021-09-01,crypto gains currency again as banks ease curbs on purchases,https://economictimes.indiatimes.comhttps://economictimes.indiatimes.com/industry/banking/finance/banking/crypto-gains-currency-again-as-banks-ease-curbs-on-purchases/articleshow/85813536.cms
2021-09-02,indian oil lists foreign currency bonds on ifsc exchanges,https://economictimes.indiatimes.comhttps://economictimes.indiatimes.com/markets/bonds/indian-oil-lists-foreign-currency-bonds-on-ifsc-exchanges/articleshow/85862579.cms
2021-09-02,top cryptocurrency prices today cardano ethereum dogecoin gain up to 10,https://economictimes.indiatimes.comhttps://economictimes.indiatimes.com/markets/cryptocurrency/top-cryptocurrency-prices-today-cardano-ethereum-dogecoin-gain-up-to-10/articleshow/85857102.cms
2021-09-02,us sec charges bitconnect founder with 2 bn cryptocurrency fraud,https://economictimes.indiatimes.comhttps://economictimes.indiatimes.com/markets/cryptocurrency/us-sec-charges-bitconnect-founder-with-2-bn-cryptocurrency-fraud/articleshow/85855685.cms
2021-09-02,confusion prevails over method to tax cryptocurrency gains,https://economictimes.indiatimes.comhttps://economictimes.indiatimes.com/news/economy/policy/confusion-prevails-over-method-to-tax-cryptocurrency-gains/articleshow/85854414.cms
2021-09-03,top cryptocurrency prices today cardano bitcoin see profit booking solana soars 18,https://economictimes.indiatimes.comhttps://economictimes.indiatimes.com/markets/cryptocurrency/top-cryptocurrency-prices-today-cardano-bitcoin-see-profit-booking-solana-soars-18/articleshow/85889113.cms
2021-09-04,sdr allocation puts forex kitty at 633 b,https://economictimes.indiatimes.comhttps://economictimes.indiatimes.com/news/economy/indicators/sdr-allocation-puts-forex-kitty-at-633-b/articleshow/85914488.cms
2021-09-04,portfolio inflows to boost indias forex reserves further experts,https://economictimes.indiatimes.comhttps://economictimes.indiatimes.com/markets/forex/portfolio-inflows-to-boost-indias-forex-reserves-further-experts/articleshow/85921815.cms
2021-09-05,should you invest in cryptocurrency,https://economictimes.indiatimes.comhttps://economictimes.indiatimes.com/wealth/invest/should-you-invest-in-cryptocurrency/articleshow/85711509.cms
2021-09-05,exodus of crypto currency machines from china,https://economictimes.indiatimes.comhttps://economictimes.indiatimes.com/news/international/world-news/exodus-of-crypto-currency-machines-from-china/articleshow/85941332.cms
2021-09-06,top cryptocurrency prices today xrp dogecoin polkadot add up to 6,https://economictimes.indiatimes.comhttps://economictimes.indiatimes.com/markets/cryptocurrency/top-cryptocurrency-prices-today-xrp-dogecoin-polkadot-add-up-to-6/articleshow/85967573.cms
2021-09-06,crypto agencies go all in on lobbying as legislation on currency sees delays,https://economictimes.indiatimes.comhttps://economictimes.indiatimes.com/news/economy/policy/crypto-agencies-go-all-in-on-lobbying-as-legislation-on-currency-sees-delays/articleshow/85968019.cms
2021-09-07,crypto not currency needs to be regulated as asset ex rbi dg gandhi,https://economictimes.indiatimes.comhttps://economictimes.indiatimes.com/news/economy/policy/crypto-not-currency-needs-to-be-regulated-as-asset-ex-rbi-dg-gandhi/articleshow/86004732.cms
2021-09-07,top cryptocurrency prices today solana xrp bitcoin soar up to 23,https://economictimes.indiatimes.comhttps://economictimes.indiatimes.com/markets/cryptocurrency/top-cryptocurrency-prices-today-solana-xrp-bitcoin-soar-up-to-23/articleshow/85998288.cms
2021-09-08,3 step formula can develop cryptocurrency ecosystem in india ex rbi deputy governor,https://economictimes.indiatimes.comhttps://economictimes.indiatimes.com/markets/cryptocurrency/3-step-formula-can-develop-cryptocurrency-ecosystem-in-india-ex-rbi-deputy-governor/articleshow/86032000.cms
2021-09-08,top cryptocurrency prices today polkadot binance coin tank up to 20,https://economictimes.indiatimes.comhttps://economictimes.indiatimes.com/markets/cryptocurrency/top-cryptocurrency-prices-today-polkadot-binance-coin-tank-up-to-20/articleshow/86028373.cms
2021-09-08,cryptocurrency prices tumble and exchange trading falters as snags crop up,https://economictimes.indiatimes.comhttps://economictimes.indiatimes.com/markets/cryptocurrency/cryptocurrency-prices-tumble-and-exchange-trading-falters-as-snags-crop-up/articleshow/86027829.cms
2021-09-08,on bitcoin beach tourists and residents hail el salvadors adoption of cryptocurrency,https://economictimes.indiatimes.comhttps://economictimes.indiatimes.com/markets/cryptocurrency/on-bitcoin-beach-tourists-and-residents-hail-el-salvadors-adoption-of-cryptocurrency/articleshow/86027248.cms
2021-09-09,australias nab says steering clear of crypto currency firms until risks known,https://economictimes.indiatimes.comhttps://economictimes.indiatimes.com/markets/cryptocurrency/australias-nab-says-steering-clear-of-crypto-currency-firms-until-risks-known/articleshow/86058334.cms
2021-09-09,top cryptocurrency prices today bitcoin cardano down solana soars 22,https://economictimes.indiatimes.comhttps://economictimes.indiatimes.com/markets/cryptocurrency/top-cryptocurrency-prices-today-bitcoin-cardano-down-solana-soars-22/articleshow/86056959.cms
2021-09-10,forex reserves rise 8 895 bn to record high of 642 453 bn,https://economictimes.indiatimes.comhttps://economictimes.indiatimes.com/markets/forex/forex-reserves-rise-8-895-bn-to-record-high-of-642-453-bn/articleshow/86096285.cms
2021-09-10,up 550 in 40 days sixth largest cryptocurrency poised for a longer bull run,https://economictimes.indiatimes.comhttps://economictimes.indiatimes.com/markets/cryptocurrency/up-550-in-40-days-sixth-largest-cryptocurrency-poised-for-a-longer-bull-run/articleshow/86090417.cms
2021-09-10,agel lists 750 million foreign currency green bonds on india inx platform,https://economictimes.indiatimes.comhttps://economictimes.indiatimes.com/markets/bonds/agel-lists-750-million-foreign-currency-green-bonds-on-india-inx-platform/articleshow/86081231.cms
2021-09-12,cross currency why the rupee is on a roller coaster ride,https://economictimes.indiatimes.comhttps://economictimes.indiatimes.com/markets/forex/forex-news/cross-currency-why-the-rupee-is-on-a-roller-coaster-ride/articleshow/86136881.cms
2021-09-13,top cryptocurrency prices today solana cardano tank up to 13 polkadot gains 10,https://economictimes.indiatimes.comhttps://economictimes.indiatimes.com/markets/cryptocurrency/top-cryptocurrency-prices-today-solana-cardano-tank-up-to-13-polkadot-gains-10/articleshow/86158472.cms
2021-09-13,government favours taxing cryptocurrency trades et now,https://economictimes.indiatimes.comhttps://economictimes.indiatimes.com/news/economy/policy/government-favours-taxing-cryptocurrency-trades-et-now/articleshow/86161593.cms
2021-09-14,top cryptocurrency prices today bitcoin solana ethereum gain up to 7,https://economictimes.indiatimes.comhttps://economictimes.indiatimes.com/markets/cryptocurrency/top-cryptocurrency-prices-today-bitcoin-solana-ethereum-gain-up-to-7/articleshow/86190995.cms
2021-09-14,interactive brokers launches cryptocurrency trading,https://economictimes.indiatimes.comhttps://economictimes.indiatimes.com/markets/cryptocurrency/interactive-brokers-launches-cryptocurrency-trading/articleshow/86188732.cms
2021-09-15,top cryptocurrency prices today bitcoin polkadot soar 4 solana sheds 6,https://economictimes.indiatimes.comhttps://economictimes.indiatimes.com/markets/cryptocurrency/top-cryptocurrency-prices-today-bitcoin-polkadot-soar-4-solana-sheds-6/articleshow/86220920.cms
2021-09-16,top cryptocurrency prices today ethereum cardano gains 4 polkadot sheds 3,https://economictimes.indiatimes.comhttps://economictimes.indiatimes.com/markets/cryptocurrency/top-cryptocurrency-prices-today-ethereum-cardano-gains-4-polkadot-sheds-3/articleshow/86252285.cms
2021-09-17,forex reserves down by 1 34 bn to 641 113 bn,https://economictimes.indiatimes.comhttps://economictimes.indiatimes.com/markets/forex/forex-reserves-down-by-1-34-bn-to-641-113-bn/articleshow/86296433.cms
2021-09-17,top cryptocurrency prices today polkadot dogecoin add 4 solana sheds 4,https://economictimes.indiatimes.comhttps://economictimes.indiatimes.com/markets/cryptocurrency/top-cryptocurrency-prices-today-polkadot-dogecoin-add-4-solana-sheds-4/articleshow/86283192.cms
2021-09-18,digital currency clears a path for helicopter money says eswar prasad,https://economictimes.indiatimes.comhttps://economictimes.indiatimes.com/markets/cryptocurrency/digital-currency-clears-a-path-for-helicopter-money-says-eswar-prasad/articleshow/86315464.cms
2021-09-19,cryptocurrency hyper fund under government scanner,https://economictimes.indiatimes.comhttps://economictimes.indiatimes.com/markets/cryptocurrency/cryptocurrency-hyper-fund-under-government-scanner/articleshow/86316428.cms
2021-09-19,cross currency decoupling of forex and equity markets rare but not impossible,https://economictimes.indiatimes.comhttps://economictimes.indiatimes.com/markets/forex/cross-currency-decoupling-of-forex-and-equity-markets-rare-but-not-impossible/articleshow/86338014.cms
2021-09-20,top cryptocurrency prices today solana cardano xrp shed up to 12,https://economictimes.indiatimes.comhttps://economictimes.indiatimes.com/markets/cryptocurrency/top-cryptocurrency-prices-today-solana-cardano-xrp-shed-up-to-12/articleshow/86359962.cms
2021-09-21,biden sanctions cryptocurrency exchange over ransomware attacks,https://economictimes.indiatimes.comhttps://economictimes.indiatimes.com/tech/technology/biden-sanctions-cryptocurrency-exchange-over-ransomware-attacks/articleshow/86401036.cms
2021-09-21,top cryptocurrency prices today polkadot bitcoin binance coin shed up to 8,https://economictimes.indiatimes.comhttps://economictimes.indiatimes.com/markets/cryptocurrency/top-cryptocurrency-prices-today-polkadot-bitcoin-binance-coin-shed-up-to-8/articleshow/86388115.cms
2021-09-21,robinhood testing crypto wallet cryptocurrency transfer features,https://economictimes.indiatimes.comhttps://economictimes.indiatimes.com/tech/technology/robinhood-testing-crypto-wallet-cryptocurrency-transfer-features/articleshow/86390339.cms
2021-09-22,top cryptocurrency prices today solana polkadot ethereum shed up to 6,https://economictimes.indiatimes.comhttps://economictimes.indiatimes.com/markets/cryptocurrency/top-cryptocurrency-prices-today-solana-polkadot-ethereum-shed-up-to-6/articleshow/86417368.cms
2021-09-23,top cryptocurrency prices today solana polkadot ethereum gain up to 17,https://economictimes.indiatimes.comhttps://economictimes.indiatimes.com/markets/cryptocurrency/top-cryptocurrency-prices-today-solana-polkadot-ethereum-gain-up-to-17/articleshow/85787784.cms
2021-09-23,top cryptocurrency prices today polkadot solana surge up to 17 per cent bitcoin adds 5,https://economictimes.indiatimes.comhttps://economictimes.indiatimes.com/markets/cryptocurrency/top-cryptocurrency-prices-today-polkadot-solana-surge-up-to-17-per-cent-bitcoin-adds-5/articleshow/86446828.cms
2021-09-24,forex reserves down by usd 1 47 billion to usd 639 64 billion,https://economictimes.indiatimes.comhttps://economictimes.indiatimes.com/news/economy/finance/forex-reserves-down-by-usd-1-47-billion-to-usd-639-64-billion/articleshow/86486631.cms
2021-09-24,forex reserves down by 1 47 bn to 639 64 bn,https://economictimes.indiatimes.comhttps://economictimes.indiatimes.com/markets/forex/forex-reserves-down-by-1-47-bn-to-639-64-bn/articleshow/86486758.cms
2021-09-24,rbi ex guv subbarao explains why rbi is anxious about cryptocurrency,https://economictimes.indiatimes.comhttps://economictimes.indiatimes.com/markets/cryptocurrency/rbi-ex-guv-subbarao-explains-why-rbi-is-anxious-about-cryptocurrency/articleshow/86475029.cms
2021-09-24,top cryptocurrency prices today bitcoin trades flat xrp solana fall up to 3,https://economictimes.indiatimes.comhttps://economictimes.indiatimes.com/markets/cryptocurrency/top-cryptocurrency-prices-today-bitcoin-trades-flat-xrp-solana-fall-up-to-3/articleshow/86472160.cms
2021-09-26,cross currency is long term rupee weakness evitable,https://economictimes.indiatimes.comhttps://economictimes.indiatimes.com/markets/forex/forex-news/cross-currency-is-long-term-rupee-weakness-evitable/articleshow/86525717.cms
2021-09-27,top cryptocurrency prices today tokens rally on low level buying bitcoin up 5,https://economictimes.indiatimes.comhttps://economictimes.indiatimes.com/markets/cryptocurrency/top-cryptocurrency-prices-today-tokens-rally-on-low-level-buying-bitcoin-up-5/articleshow/86548268.cms
2021-09-28,top cryptocurrency prices today profit booking pushes prices lower ethereum tanks over 5,https://economictimes.indiatimes.comhttps://economictimes.indiatimes.com/markets/cryptocurrency/top-cryptocurrency-prices-today-profit-booking-pushes-prices-lower-ethereum-tanks-over-5/articleshow/86576857.cms
2021-09-29,myanmars junta powerless as currency drops 60 in four weeks economy tanks,https://economictimes.indiatimes.comhttps://economictimes.indiatimes.com/news/international/business/myanmars-junta-powerless-as-currency-drops-60-in-four-weeks-economy-tanks/articleshow/86607938.cms
2021-09-29,top cryptocurrency prices today tokens consolidate in a range cardano down 4,https://economictimes.indiatimes.comhttps://economictimes.indiatimes.com/markets/cryptocurrency/top-cryptocurrency-prices-today-tokens-consolidate-in-a-range-cardano-down-4/articleshow/86606046.cms
2021-09-29,a cross border digital currency can speed up transfer shows pilot,https://economictimes.indiatimes.comhttps://economictimes.indiatimes.com/markets/cryptocurrency/a-cross-border-digital-currency-can-speed-up-transfer-shows-pilot/articleshow/86597765.cms
2021-09-30,does your cryptocurrency investment fulfil esg criteria,https://economictimes.indiatimes.comhttps://economictimes.indiatimes.com/markets/cryptocurrency/does-your-cryptocurrency-investment-fulfil-esg-criteria/articleshow/86642155.cms
2021-09-30,cardano is no longer the worlds third largest cryptocurrency,https://economictimes.indiatimes.comhttps://economictimes.indiatimes.com/wealth/invest/cardano-is-no-longer-the-worlds-third-largest-cryptocurrency/articleshow/86633849.cms
2021-09-30,top cryptocurrency prices today binance coin xrp ethereum gain up 12,https://economictimes.indiatimes.comhttps://economictimes.indiatimes.com/markets/cryptocurrency/top-cryptocurrency-prices-today-binance-coin-xrp-ethereum-gain-up-12/articleshow/86635415.cms
2021-09-30,how to report cryptocurrency gains losses in income tax return,https://economictimes.indiatimes.comhttps://economictimes.indiatimes.com/wealth/tax/how-to-report-cryptocurrency-gains-losses-in-income-tax-return/articleshow/86394660.cms
2021-10-01,forex reserves down by 997 mn to 638 646 bn,https://economictimes.indiatimes.comhttps://economictimes.indiatimes.com/markets/forex/forex-reserves-down-by-997-mn-to-638-646-bn/articleshow/86686799.cms
2021-10-01,top cryptocurrency prices today solana ethereum xrp and carndano shed 1,https://economictimes.indiatimes.comhttps://economictimes.indiatimes.com/markets/cryptocurrency/top-cryptocurrency-prices-today-solana-ethereum-xrp-and-carndano-shed-1/articleshow/86673143.cms
2021-10-01,ed seizes rs 131 cr funds of chinese owned nbfc for forex law violation,https://economictimes.indiatimes.comhttps://economictimes.indiatimes.com/news/india/ed-seizes-rs-131-cr-funds-of-chinese-owned-nbfc-for-forex-law-violation/articleshow/86670301.cms
2021-10-04,view lets get less cryptic with cryptocurrency,https://economictimes.indiatimes.comhttps://economictimes.indiatimes.com/markets/cryptocurrency/view-lets-get-less-cryptic-with-cryptocurrency/articleshow/86735289.cms
2021-10-04,nse to launch weekly futures on usdinr currency pair on oct 11,https://economictimes.indiatimes.comhttps://economictimes.indiatimes.com/markets/forex/nse-to-launch-weekly-futures-on-usdinr-currency-pair-on-oct-11/articleshow/86754422.cms
2021-10-04,rbi may restore timings for bond currency markets,https://economictimes.indiatimes.comhttps://economictimes.indiatimes.com/markets/stocks/news/rbi-may-restore-timings-for-bond-currency-markets/articleshow/86743234.cms
2021-10-04,cryptocurrency gains ground as a payment method in india,https://economictimes.indiatimes.comhttps://economictimes.indiatimes.com/tech/technology/cryptocurrency-gains-ground-as-a-payment-method-in-india/articleshow/86732844.cms
2021-10-05,top cryptocurrency prices today dogecoin bitcoin binance coin gain up to 12,https://economictimes.indiatimes.comhttps://economictimes.indiatimes.com/markets/cryptocurrency/top-cryptocurrency-prices-today-dogecoin-bitcoin-binance-coin-gain-up-to-12/articleshow/86773985.cms
2021-10-05,top cryptocurrency prices today cardano polkadot binance coin shed 4,https://economictimes.indiatimes.comhttps://economictimes.indiatimes.com/markets/cryptocurrency/top-cryptocurrency-prices-today-cardano-polkadot-binance-coin-shed-4/articleshow/86747425.cms
2021-10-05,big forex kitty solid fdi pipeline should shield rupee economists,https://economictimes.indiatimes.comhttps://economictimes.indiatimes.com/markets/forex/big-forex-kitty-solid-fdi-pipeline-should-shield-rupee-economists/articleshow/86776349.cms
2021-10-06,coinswitch kuber raises 260 million second cryptocurrency unicorn in india despite regulatory concerns,https://economictimes.indiatimes.comhttps://economictimes.indiatimes.com/wealth/invest/coinswitch-kuber-raises-260-million-second-cryptocurrency-unicorn-in-india-despite-regulatory-concerns/articleshow/86807481.cms
2021-10-06,top cryptocurrency prices today bitcoin dogecoin ethereum gain up to 5,https://economictimes.indiatimes.comhttps://economictimes.indiatimes.com/markets/cryptocurrency/top-cryptocurrency-prices-today-bitcoin-dogecoin-ethereum-gain-up-to-5/articleshow/86802421.cms
2021-10-07,make way for indians spinning into the cryptocurrency metaverse,https://economictimes.indiatimes.comhttps://economictimes.indiatimes.com/markets/cryptocurrency/make-way-for-indians-spinning-into-the-cryptocurrency-metaverse/articleshow/86838685.cms
2021-10-07,top cryptocurrency prices today bitcoin gains 6 dogecoin solana tank up to 5,https://economictimes.indiatimes.comhttps://economictimes.indiatimes.com/markets/cryptocurrency/top-cryptocurrency-prices-today-bitcoin-gains-6-dogecoin-solana-tank-up-to-5/articleshow/86830600.cms
2021-10-08,tcs says seeing very good deal wins from cryptocurrency space,https://economictimes.indiatimes.comhttps://economictimes.indiatimes.com/markets/cryptocurrency/tcs-says-seeing-very-good-deal-wins-from-cryptocurrency-space/articleshow/86871788.cms
2021-10-08,forex reserves down by usd 1 169 billion to usd 637 477 billion,https://economictimes.indiatimes.comhttps://economictimes.indiatimes.com/news/economy/finance/forex-reserves-down-by-usd-1-169-billion-to-usd-637-477-billion/articleshow/86871533.cms
2021-10-08,indias top 5 cryptocurrency platforms and what they offer,https://economictimes.indiatimes.comhttps://economictimes.indiatimes.com/tech/startups/indias-top-5-cryptocurrency-platforms-and-what-they-offer/articleshow/86812478.cms
2021-10-08,top cryptocurrency prices today bitcoin sheds 2 cardano polkadot gain up to 7,https://economictimes.indiatimes.comhttps://economictimes.indiatimes.com/markets/cryptocurrency/top-cryptocurrency-prices-today-bitcoin-sheds-2-cardano-polkadot-gain-up-to-7/articleshow/86861113.cms
2021-10-10,cross currency history doesnt repeat itself but it often rhymes what will it do for nifty and indian rupee,https://economictimes.indiatimes.comhttps://economictimes.indiatimes.com/markets/forex/forex-news/cross-currency-history-doesnt-repeat-itself-but-it-often-rhymes-what-will-it-do-for-nifty-and-indian-rupee/articleshow/86908412.cms
2021-10-11,top cryptocurrency prices today bitcoin gains 3 cardano polkadot shed up to 6,https://economictimes.indiatimes.comhttps://economictimes.indiatimes.com/markets/cryptocurrency/top-cryptocurrency-prices-today-bitcoin-gains-3-cardano-polkadot-shed-up-to-6/articleshow/86930703.cms
2021-10-11,do you have to report cryptocurrency investments as foreign assets in your income tax return,https://economictimes.indiatimes.comhttps://economictimes.indiatimes.com/wealth/tax/do-you-have-to-report-cryptocurrency-investments-as-foreign-assets-in-your-income-tax-return/articleshow/86457779.cms
2021-10-12,top cryptocurrency prices today solana ripple and polkadot shed up to 6,https://economictimes.indiatimes.comhttps://economictimes.indiatimes.com/markets/cryptocurrency/top-cryptocurrency-prices-today-solana-ripple-and-polkadot-shed-up-to-6/articleshow/86957889.cms
2021-10-12,how to get sbi multi currency foreign travel card,https://economictimes.indiatimes.comhttps://economictimes.indiatimes.com/wealth/spend/how-to-get-sbi-multi-currency-foreign-travel-card/articleshow/86960043.cms
2021-10-13,top cryptocurrency prices today binance coin polkadot solana zoom up to 13,https://economictimes.indiatimes.comhttps://economictimes.indiatimes.com/markets/cryptocurrency/top-cryptocurrency-prices-today-binance-coin-polkadot-solana-zoom-up-to-13/articleshow/86985821.cms
2021-10-13,students hop on to the cryptocurrency bandwagon,https://economictimes.indiatimes.comhttps://economictimes.indiatimes.com/tech/technology/students-hop-on-to-the-cryptocurrency-bandwagon/articleshow/86980964.cms
2021-10-14,top cryptocurrency prices today polkadot bitcoin ethereum zoom up to 18,https://economictimes.indiatimes.comhttps://economictimes.indiatimes.com/markets/cryptocurrency/top-cryptocurrency-prices-today-polkadot-bitcoin-ethereum-zoom-up-to-18/articleshow/87011953.cms
2021-10-14,cryptocurrency exchanges start blocking accounts after govt raises red flags,https://economictimes.indiatimes.comhttps://economictimes.indiatimes.com/tech/technology/cryptocurrency-exchanges-start-blocking-accounts-after-govt-raises-red-flags/articleshow/87004291.cms
2021-10-15,indias forex reserves rise by 2 04 billion to 639 51 billion,https://economictimes.indiatimes.comhttps://economictimes.indiatimes.com/news/economy/finance/indias-forex-reserves-rise-by-2-04-billion-to-639-51-billion/articleshow/87041938.cms
2021-10-17,rss urges govt to regulate platforms cryptocurrency,https://economictimes.indiatimes.comhttps://economictimes.indiatimes.com/tech/technology/rss-urges-govt-to-regulate-platforms-cryptocurrency/articleshow/87081698.cms
2021-10-18,cash going to co exist with central bank digital currency says former rbi governor subbarao,https://economictimes.indiatimes.comhttps://economictimes.indiatimes.com/news/economy/policy/cash-going-to-co-exist-with-central-bank-digital-currency-says-former-rbi-governor-subbarao/articleshow/87114791.cms
2021-10-18,top cryptocurrency prices today bitcoin binance coin dogecoin add up to 2,https://economictimes.indiatimes.comhttps://economictimes.indiatimes.com/markets/cryptocurrency/top-cryptocurrency-prices-today-bitcoin-binance-coin-dogecoin-add-up-to-2/articleshow/87101528.cms
2021-10-19,top cryptocurrency prices today dogecoin binance coin bitcoin zoom up to 7,https://economictimes.indiatimes.comhttps://economictimes.indiatimes.com/markets/cryptocurrency/top-cryptocurrency-prices-today-dogecoin-binance-coin-bitcoin-zoom-up-to-7/articleshow/87130079.cms
2021-10-20,top cryptocurrency prices today bitcoin gains 2 dogecoin solana shed up to 4,https://economictimes.indiatimes.comhttps://economictimes.indiatimes.com/markets/cryptocurrency/top-cryptocurrency-prices-today-bitcoin-gains-2-dogecoin-solana-shed-up-to-4/articleshow/87153631.cms
2021-10-21,top cryptocurrency prices today solana ethereum polkadot zoom up to 18,https://economictimes.indiatimes.comhttps://economictimes.indiatimes.com/markets/cryptocurrency/top-cryptocurrency-prices-today-solana-ethereum-polkadot-zoom-up-to-18/articleshow/87177433.cms
2021-10-22,cryptocurrency is gaining worldwide acceptance here are 5 reasons why,https://economictimes.indiatimes.comhttps://economictimes.indiatimes.com/markets/cryptocurrency/cryptocurrency-is-gaining-worldwide-acceptance-here-are-5-reasons-why/articleshow/87209465.cms
2021-10-22,forex reserves up by usd 1 492 billion to usd 641 billion,https://economictimes.indiatimes.comhttps://economictimes.indiatimes.com/news/economy/finance/forex-reserves-up-by-usd-1-492-billion-to-usd-641-billion/articleshow/87209219.cms
2021-10-22,top cryptocurrency prices today solana zooms 10 bitcoin dogecoin shed 3,https://economictimes.indiatimes.comhttps://economictimes.indiatimes.com/markets/cryptocurrency/top-cryptocurrency-prices-today-solana-zooms-10-bitcoin-dogecoin-shed-3/articleshow/87200481.cms
2021-10-24,will mint streets digital currency ambition break the banking system,https://economictimes.indiatimes.comhttps://economictimes.indiatimes.com/industry/banking/finance/banking/will-mint-streets-digital-currency-ambition-break-the-banking-system/articleshow/87235548.cms
2021-10-24,nigeria to launch digital currency on monday to enhance payments,https://economictimes.indiatimes.comhttps://economictimes.indiatimes.com/markets/cryptocurrency/nigeria-to-launch-digital-currency-on-monday-to-enhance-payments/articleshow/87234414.cms
2021-10-25,making money from cryptocurrency trading know how your earnings are taxed,https://economictimes.indiatimes.comhttps://economictimes.indiatimes.com/markets/cryptocurrency/making-money-from-cryptocurrency-trading-know-how-your-earnings-are-taxed/articleshow/87260085.cms
2021-10-25,top cryptocurrency prices today dogecoin solana zoom 8 shiba inu in top 15 list,https://economictimes.indiatimes.comhttps://economictimes.indiatimes.com/markets/cryptocurrency/top-cryptocurrency-prices-today-dogecoin-solana-zoom-8-shiba-inu-in-top-15-list/articleshow/87251693.cms
2021-10-26,top cryptocurrency prices today solana xrp zooms 3 dogecoin shed 2,https://economictimes.indiatimes.comhttps://economictimes.indiatimes.com/markets/cryptocurrency/top-cryptocurrency-prices-today-solana-xrp-zooms-3-dogecoin-shed-2/articleshow/87270523.cms
2021-10-26,jack dorsey isnt the only billionaire predicting hyperinflation and betting on cryptocurrency to fight off higher prices,https://economictimes.indiatimes.comhttps://economictimes.indiatimes.com/wealth/invest/jack-dorsey-isnt-the-only-billionaire-predicting-hyperinflation-and-betting-on-cryptocurrency-to-fight-off-higher-prices/articleshow/87273501.cms
2021-10-27,forex reserves surge by 58 38 bn in mar sep 2021 period rbi report,https://economictimes.indiatimes.comhttps://economictimes.indiatimes.com/industry/banking/finance/forex-reserves-surge-by-58-38-bn-in-mar-sep-2021-period-rbi-report/articleshow/87315108.cms
2021-10-27,top cryptocurrency prices today bitcoin solana shed 3 polkadot gains 3,https://economictimes.indiatimes.comhttps://economictimes.indiatimes.com/markets/cryptocurrency/top-cryptocurrency-prices-today-bitcoin-solana-shed-3-polkadot-gains-3/articleshow/87300043.cms
2021-10-28,delhi high court asks rbi sbi to respond to plea to revoke prohibition on use of upi for cryptocurrency exchange,https://economictimes.indiatimes.comhttps://economictimes.indiatimes.com/industry/banking/finance/banking/delhi-high-court-asks-rbi-sbi-to-respond-to-plea-to-revoke-prohibition-on-use-of-upi-for-cryptocurrency-exchange/articleshow/87337837.cms
2021-10-29,forex reserves decline by 908 mn to 640 1 bn,https://economictimes.indiatimes.comhttps://economictimes.indiatimes.com/news/economy/finance/forex-reserves-decline-by-908-mn-to-640-1-bn/articleshow/87370076.cms
2021-10-29,top cryptocurrency prices today dogecoin zooms 24 shiba inu tanks 24,https://economictimes.indiatimes.comhttps://economictimes.indiatimes.com/markets/cryptocurrency/top-cryptocurrency-prices-today-dogecoin-zooms-24-shiba-inu-tanks-24/articleshow/87355927.cms
2021-10-29,top cryptocurrency prices today shiba inu soars 74 altcoins tank up to 10,https://economictimes.indiatimes.comhttps://economictimes.indiatimes.com/markets/cryptocurrency/top-cryptocurrency-prices-today-shiba-inu-soars-74-altcoins-tank-up-to-10/articleshow/87325942.cms
2021-10-30,imf advises rbi against excessive forex interventions,https://economictimes.indiatimes.comhttps://economictimes.indiatimes.com/markets/forex/imf-advises-rbi-against-excessive-forex-interventions/articleshow/87387572.cms
2021-11-01,top cryptocurrency prices today shiba inu solana soars 12 ethereum tanks 4,https://economictimes.indiatimes.comhttps://economictimes.indiatimes.com/markets/cryptocurrency/top-cryptocurrency-prices-today-shiba-inu-solana-soars-12-ethereum-tanks-4/articleshow/87454036.cms
2021-11-01,indian investment in cryptocurrency hits 10 billion this week,https://economictimes.indiatimes.comhttps://economictimes.indiatimes.com/tech/technology/indian-investment-in-cryptocurrency-hits-10-billion-this-week/articleshow/87446976.cms
2021-11-02,what happens to your cryptocurrency if you die,https://economictimes.indiatimes.comhttps://economictimes.indiatimes.com/news/how-to/what-happens-to-your-cryptocurrency-if-you-die/articleshow/87487324.cms
2021-11-02,shiba inu passes dogecoin as top dog in cryptocurrency,https://economictimes.indiatimes.comhttps://economictimes.indiatimes.com/markets/cryptocurrency/shiba-inu-passes-dogecoin-as-top-dog-in-cryptocurrency/articleshow/87483445.cms
2021-11-02,top cryptocurrency prices today polkadot binance coin soar 17 shiba inu tanks 4,https://economictimes.indiatimes.comhttps://economictimes.indiatimes.com/markets/cryptocurrency/top-cryptocurrency-prices-today-polkadot-binance-coin-soar-17-shiba-inu-tanks-4/articleshow/87479363.cms
2021-11-02,squid game cryptocurrency tanks to 0 scammers make 2 1 million,https://economictimes.indiatimes.comhttps://economictimes.indiatimes.com/tech/tech-bytes/squid-game-cryptocurrency-tanks-to-0-scammers-make-2-1-million/articleshow/87481371.cms
2021-11-03,from 2800 to zero in 5 minutes how investors lost millions in cryptocurrency inspired by squid game,https://economictimes.indiatimes.comhttps://economictimes.indiatimes.com/markets/cryptocurrency/from-2800-to-zero-in-5-minutes-how-investors-lost-millions-in-cryptocurrency-inspired-by-squid-game/articleshow/87501855.cms
2021-11-03,taliban ban use of foreign currency in afghanistan,https://economictimes.indiatimes.comhttps://economictimes.indiatimes.com/news/international/world-news/taliban-ban-use-of-foreign-currency-in-afghanistan/articleshow/87499938.cms
2021-11-03,top cryptocurrency prices today solana xrp soar 11 shiba inu tanks 7,https://economictimes.indiatimes.comhttps://economictimes.indiatimes.com/markets/cryptocurrency/top-cryptocurrency-prices-today-solana-xrp-soar-11-shiba-inu-tanks-7/articleshow/87502516.cms
2021-11-04,paytm may launch bitcoin trading if india legalises cryptocurrency,https://economictimes.indiatimes.comhttps://economictimes.indiatimes.com/markets/cryptocurrency/paytm-may-launch-bitcoin-trading-if-india-legalises-cryptocurrency/articleshow/87521459.cms
2021-11-05,indias forex reserves increase usd 1 9 bn to 642 bn,https://economictimes.indiatimes.comhttps://economictimes.indiatimes.com/news/economy/finance/indias-forex-reserves-increase-usd-1-9-bn-to-642-bn/articleshow/87540442.cms
2021-11-07,cryptocurrency is it the future of money or just fools gold,https://economictimes.indiatimes.comhttps://economictimes.indiatimes.com/opinion/et-commentary/cryptocurrency-is-it-the-future-of-money-or-just-fools-gold/articleshow/87573022.cms
2021-11-08,currency in use at record 14 5 of gdp amid dash to cash,https://economictimes.indiatimes.comhttps://economictimes.indiatimes.com/news/economy/indicators/currency-in-use-at-record-14-5-of-gdp-amid-dash-to-cash/articleshow/87578570.cms
2021-11-08,top cryptocurrency prices today solana binance coin fall xrp jumps 9,https://economictimes.indiatimes.comhttps://economictimes.indiatimes.com/markets/cryptocurrency/top-cryptocurrency-prices-today-solana-binance-coin-fall-xrp-jumps-9/articleshow/87578478.cms
2021-11-09,new yorks mayor elect promotes city themed cryptocurrency,https://economictimes.indiatimes.comhttps://economictimes.indiatimes.com/markets/cryptocurrency/new-yorks-mayor-elect-promotes-city-themed-cryptocurrency/articleshow/87598905.cms
2021-11-09,no jhanjhat no load why cryptocurrency investments need rules regulations like the stock market,https://economictimes.indiatimes.comhttps://economictimes.indiatimes.com/wealth/invest/no-jhanjhat-no-load-why-cryptocurrency-investments-need-rules-regulations-like-the-stock-market/articleshow/87552285.cms
2021-11-09,top cryptocurrency prices today bitcoin dogecoin cardano rally 5 each,https://economictimes.indiatimes.comhttps://economictimes.indiatimes.com/markets/cryptocurrency/top-cryptocurrency-prices-today-bitcoin-dogecoin-cardano-rally-5-each/articleshow/87597866.cms
2021-11-09,fifth anniversary of demonetisation 2020 witnessed 190 jump in fake currency seizure,https://economictimes.indiatimes.comhttps://economictimes.indiatimes.com/news/india/fifth-anniversary-of-demonetisation-2020-witnessed-190-jump-in-fake-currency-seizure/articleshow/87595655.cms
2021-11-10,top cryptocurrency prices today dogecoin polkadot bitcoin shed up to 5,https://economictimes.indiatimes.comhttps://economictimes.indiatimes.com/markets/cryptocurrency/top-cryptocurrency-prices-today-dogecoin-polkadot-bitcoin-shed-up-to-5/articleshow/87619954.cms
2021-11-10,cryptocurrency exchanges experts raise concerns over governments budget crypto bill plan,https://economictimes.indiatimes.comhttps://economictimes.indiatimes.com/tech/technology/cryptocurrency-exchanges-experts-raise-concerns-over-governments-budget-crypto-bill-plan/articleshow/87613807.cms
2021-11-11,jaw dropping rally little known cryptocurrency surges 70000 in just 24 hours,https://economictimes.indiatimes.comhttps://economictimes.indiatimes.com/markets/cryptocurrency/jaw-dropping-rally-little-known-cryptocurrency-surges-70000-in-just-24-hours/articleshow/87644286.cms
2021-11-11,how to convert cryptocurrency to cash here are ways to bank your digital coin,https://economictimes.indiatimes.comhttps://economictimes.indiatimes.com/news/how-to/how-to-convert-cryptocurrency-to-cash-here-are-ways-to-bank-your-digital-coin/articleshow/87640898.cms
2021-11-11,top cryptocurrency prices today cardano polkadot dogecoin shed up to 5,https://economictimes.indiatimes.comhttps://economictimes.indiatimes.com/markets/cryptocurrency/top-cryptocurrency-prices-today-cardano-polkadot-dogecoin-shed-up-to-5/articleshow/87640089.cms
2021-11-11,tim cook reveals he owns cryptocurrency but says apple has no plans to accept crypto,https://economictimes.indiatimes.comhttps://economictimes.indiatimes.com/magazines/panache/tim-cook-reveals-he-owns-cryptocurrency-but-says-apple-has-no-plans-to-accept-crypto/articleshow/87628063.cms
2021-11-12,top cryptocurrency prices today cardano polkadot solana shed up to 3,https://economictimes.indiatimes.comhttps://economictimes.indiatimes.com/markets/cryptocurrency/top-cryptocurrency-prices-today-cardano-polkadot-solana-shed-up-to-3/articleshow/87660588.cms
2021-11-13,pm chairs meet on cryptocurrency concerns raised over money laundering terror financing risks,https://economictimes.indiatimes.comhttps://economictimes.indiatimes.com/news/economy/policy/pm-chairs-meet-on-cryptocurrency-concerns-raised-over-money-laundering-terror-financing-risks/articleshow/87688742.cms
2021-11-13,bill lipschutzs tips on how to become a successful forex trader,https://economictimes.indiatimes.comhttps://economictimes.indiatimes.com/markets/forex/bill-lipschutzs-tips-on-how-to-become-a-successful-forex-trader/articleshow/87680390.cms
2021-11-13,why chinas cryptocurrency ban is an opportunity for india,https://economictimes.indiatimes.comhttps://economictimes.indiatimes.com/markets/cryptocurrency/why-chinas-cryptocurrency-ban-is-an-opportunity-for-india/articleshow/87649012.cms
2021-11-14,cryptocurrency needs calibrated policy,https://economictimes.indiatimes.comhttps://economictimes.indiatimes.com/opinion/et-editorial/cryptocurrency-needs-calibrated-policy/articleshow/87704317.cms
2021-11-14,cryptocurrency regulation indian govt taking forward looking steps says report,https://economictimes.indiatimes.comhttps://economictimes.indiatimes.com/markets/cryptocurrency/cryptocurrency-regulation-indian-govt-taking-forward-looking-steps-says-report/articleshow/87696376.cms
2021-11-14,ongcs kg oil gas project delayed nation bleeds precious forex,https://economictimes.indiatimes.comhttps://economictimes.indiatimes.com/industry/energy/oil-gas/ongcs-kg-oil-gas-project-delayed-nation-bleeds-precious-forex/articleshow/87696007.cms
2021-11-15,will welcome regulations on cryptocurrency to harness tech says jayant sinha,https://economictimes.indiatimes.comhttps://economictimes.indiatimes.com/markets/cryptocurrency/will-welcome-regulations-on-cryptocurrency-to-harness-tech-says-jayant-sinha/articleshow/87721681.cms
2021-11-15,up 67000 in just 24 hours cryptocurrencys mind boggling rally raises red flags,https://economictimes.indiatimes.comhttps://economictimes.indiatimes.com/markets/cryptocurrency/up-67000-in-just-24-hours-cryptocurrencys-mind-boggling-rally-raises-red-flags/articleshow/87714980.cms
2021-11-15,cryptocurrency ethers record run set for pause charts suggest,https://economictimes.indiatimes.comhttps://economictimes.indiatimes.com/markets/cryptocurrency/cryptocurrency-ethers-record-run-set-for-pause-charts-suggest/articleshow/87712888.cms
2021-11-15,pm modi reviews cryptocurrency issues with key stakeholders,https://economictimes.indiatimes.comhttps://economictimes.indiatimes.com/news/economy/policy/pm-modi-reviews-cryptocurrency-issues-with-key-stakeholders/articleshow/87692559.cms
2021-11-15,no consensus yet on treatment of cryptocurrency,https://economictimes.indiatimes.comhttps://economictimes.indiatimes.com/tech/technology/no-consensus-yet-on-treatment-of-cryptocurrency/articleshow/87706120.cms
2021-11-16,metaverse and its connection with cryptocurrency,https://economictimes.indiatimes.comhttps://economictimes.indiatimes.com/markets/cryptocurrency/metaverse-and-its-connection-with-cryptocurrency/articleshow/87741319.cms
2021-11-16,top cryptocurrency prices today bitcoin ethereum solana add up to 3,https://economictimes.indiatimes.comhttps://economictimes.indiatimes.com/markets/cryptocurrency/top-cryptocurrency-prices-today-bitcoin-ethereum-solana-add-up-to-3/articleshow/87708694.cms
2021-11-16,ukraine wants to become the cryptocurrency capital of the world,https://economictimes.indiatimes.comhttps://economictimes.indiatimes.com/tech/tech-bytes/ukraine-wants-to-become-the-cryptocurrency-capital-of-the-world/articleshow/87730804.cms
2021-11-16,top cryptocurrency prices today bitcoin ethereum polkadot shed up to 11,https://economictimes.indiatimes.comhttps://economictimes.indiatimes.com/markets/cryptocurrency/top-cryptocurrency-prices-today-bitcoin-ethereum-polkadot-shed-up-to-11/articleshow/87729852.cms
2021-11-16,cryptocurrency here to stay needs regulation experts to parliamentary panel,https://economictimes.indiatimes.comhttps://economictimes.indiatimes.com/tech/technology/cryptocurrency-here-to-stay-needs-regulation-experts-to-parliamentary-panel/articleshow/87727032.cms
2021-11-17,perus central bank joins global push to develop a digital currency,https://economictimes.indiatimes.comhttps://economictimes.indiatimes.com/markets/cryptocurrency/perus-central-bank-joins-global-push-to-develop-a-digital-currency/articleshow/87753018.cms
2021-11-17,top cryptocurrency prices today binance coin solana dogecoin shed up to 6,https://economictimes.indiatimes.comhttps://economictimes.indiatimes.com/markets/cryptocurrency/top-cryptocurrency-prices-today-binance-coin-solana-dogecoin-shed-up-to-6/articleshow/87750612.cms
2021-11-17,rate bets rule currency markets as dollar shines euro aussie sag,https://economictimes.indiatimes.comhttps://economictimes.indiatimes.com/markets/forex/rate-bets-rule-currency-markets-as-dollar-shines-euro-aussie-sag/articleshow/87748736.cms
2021-11-17,crypto may be allowed as asset not as currency legislation being finalised,https://economictimes.indiatimes.comhttps://economictimes.indiatimes.com/news/economy/policy/crypto-may-be-allowed-as-asset-not-as-currency-legislation-being-finalised/articleshow/87748049.cms
2021-11-18,ensure cryptocurrency does not end in wrong hands pm modi to democratic nations,https://economictimes.indiatimes.comhttps://economictimes.indiatimes.com/news/india/ensure-cryptocurrency-does-not-end-in-wrong-hands-pm-modi-to-democratic-nations/articleshow/87772588.cms
2021-11-18,reserve bank of india may launch digital currency pilot next year says new report,https://economictimes.indiatimes.comhttps://economictimes.indiatimes.com/news/economy/policy/reserve-bank-of-india-may-launch-digital-currency-pilot-next-year-says-new-report/articleshow/87779292.cms
2021-11-18,zerodhas nithin kamath calls for checks on crypto forex platform ads,https://economictimes.indiatimes.comhttps://economictimes.indiatimes.com/markets/cryptocurrency/zerodhas-nithin-kamath-calls-for-checks-on-crypto-forex-platform-ads/articleshow/87776974.cms
2021-11-18,top cryptocurrency prices today polkadot xrp ethereum add up to 5,https://economictimes.indiatimes.comhttps://economictimes.indiatimes.com/markets/cryptocurrency/top-cryptocurrency-prices-today-polkadot-xrp-ethereum-add-up-to-5/articleshow/87773307.cms
2021-11-18,how myforexeye helps msmes from facing up to 80 90 loss in forex transactions,https://economictimes.indiatimes.comhttps://economictimes.indiatimes.com/small-biz/entrepreneurship/how-myforexeye-helps-msmes-from-facing-up-to-80-90-loss-in-forex-transactions/articleshow/87772045.cms
2021-11-19,forex reserves decline 763 mn to 640 11 billion,https://economictimes.indiatimes.comhttps://economictimes.indiatimes.com/news/economy/finance/forex-reserves-decline-763-mn-to-640-11-billion/articleshow/87801919.cms
2021-11-19,government to change tax laws in budget to tax cryptocurrency gains,https://economictimes.indiatimes.comhttps://economictimes.indiatimes.com/markets/cryptocurrency/government-to-change-tax-laws-in-budget-to-tax-cryptocurrency-gains/articleshow/87799032.cms
2021-11-19,large cryptocurrency players say no to new ads till rules are set,https://economictimes.indiatimes.comhttps://economictimes.indiatimes.com/news/economy/policy/large-cryptocurrency-players-say-no-to-new-ads-till-rules-are-set/articleshow/87790433.cms
2021-11-22,equity crash currency and debt markets turn volatile,https://economictimes.indiatimes.comhttps://economictimes.indiatimes.com/markets/stocks/news/equity-crash-currency-and-debt-markets-turn-volatile/articleshow/87855707.cms
2021-11-22,rookies pros take cryptocurrency trade volume to new high,https://economictimes.indiatimes.comhttps://economictimes.indiatimes.com/markets/cryptocurrency/rookies-pros-take-cryptocurrency-trade-volume-to-new-high/articleshow/87810581.cms
2021-11-22,india might create obstacles to cryptocurrency trading and holding ban may be rescinded,https://economictimes.indiatimes.comhttps://economictimes.indiatimes.com/news/economy/policy/india-might-create-obstacles-to-cryptocurrency-trading-and-holding-ban-may-be-rescinded/articleshow/87786053.cms
2021-11-22,china forex panel proposes cap on banks proprietary trading,https://economictimes.indiatimes.comhttps://economictimes.indiatimes.com/markets/forex/china-forex-panel-proposes-cap-on-banks-proprietary-trading/articleshow/87839094.cms
2021-11-22,top cryptocurrency prices today bitcoin ether fall up to 4 solana among gainers,https://economictimes.indiatimes.comhttps://economictimes.indiatimes.com/markets/cryptocurrency/top-cryptocurrency-prices-today-bitcoin-ether-fall-up-to-4-solana-among-gainers/articleshow/87842517.cms
2021-11-23,government lists cryptocurrency bill for passage in winter session,https://economictimes.indiatimes.comhttps://economictimes.indiatimes.com/markets/cryptocurrency/government-lists-cryptocurrency-bill-for-passage-in-winter-session/articleshow/87873354.cms
2021-11-23,top cryptocurrency prices today bitcoin avalanche polkadot fall ether stable,https://economictimes.indiatimes.comhttps://economictimes.indiatimes.com/markets/cryptocurrency/top-cryptocurrency-prices-today-bitcoin-avalanche-polkadot-fall-ether-stable/articleshow/87862114.cms
2021-11-24,what happens to the cryptocurrency you buy if india decides to ban it,https://economictimes.indiatimes.comhttps://economictimes.indiatimes.com/news/economy/policy/what-happens-to-the-cryptocurrency-you-buy-if-india-decides-to-ban-it/articleshow/85732191.cms
2021-11-25,what is private cryptocurrency unocoins sathvik vishwanath explains,https://economictimes.indiatimes.comhttps://economictimes.indiatimes.com/markets/expert-view/what-is-private-cryptocurrency-unocoins-sathvik-vishwanath-explains/articleshow/87902572.cms
2021-11-25,chinese yuan a key focus for rbis currency intervention,https://economictimes.indiatimes.comhttps://economictimes.indiatimes.com/news/economy/policy/chinese-yuan-a-key-focus-for-rbis-currency-intervention/articleshow/87895728.cms
2021-11-25,cryptocurrencys moment of truth has arrived in india,https://economictimes.indiatimes.comhttps://economictimes.indiatimes.com/tech/technology/cryptocurrencys-moment-of-truth-has-arrived-in-india/articleshow/87895475.cms
2021-11-25,view india can ring fence itself against cryptocurrency risks by using a unique wallet for every citizen,https://economictimes.indiatimes.comhttps://economictimes.indiatimes.com/opinion/et-commentary/view-india-can-ring-fence-itself-against-cryptocurrency-risks-by-using-a-unique-wallet-for-every-citizen/articleshow/87897105.cms
2021-11-26,cryptocurrency the good the annoying and the downright scary,https://economictimes.indiatimes.comhttps://economictimes.indiatimes.com/opinion/et-commentary/cryptocurrency-the-good-the-annoying-and-the-downright-scary/articleshow/87937838.cms
2021-11-26,ed seizes cash foreign currency after raids in punjab against ex gmada official linked persons,https://economictimes.indiatimes.comhttps://economictimes.indiatimes.com/news/india/ed-seizes-cash-foreign-currency-after-raids-in-punjab-against-ex-gmada-official-linked-persons/articleshow/87936165.cms
2021-11-26,indias forex kitty increases by 289 mln to 640 40 bln,https://economictimes.indiatimes.comhttps://economictimes.indiatimes.com/news/economy/indicators/indias-forex-kitty-increases-by-289-mln-to-640-40-bln/articleshow/87933421.cms
2021-11-26,cryptocurrency is here to stay says paytm founder vijay shekhar sharma,https://economictimes.indiatimes.comhttps://economictimes.indiatimes.com/markets/cryptocurrency/cryptocurrency-is-here-to-stay-says-paytm-founder-vijay-shekhar-sharma/articleshow/87927664.cms
2021-11-27,bangladesh busts pak run fake indian currency racket,https://economictimes.indiatimes.comhttps://economictimes.indiatimes.com/news/india/bangladesh-busts-pak-run-fake-indian-currency-racket/articleshow/87952562.cms
2021-11-27,indias forex kitty increases by 289 mn to 640 40 bn,https://economictimes.indiatimes.comhttps://economictimes.indiatimes.com/markets/forex/indias-forex-kitty-increases-by-289-mn-to-640-40-bn/articleshow/87938909.cms
2021-11-28,cryptocurrency exchange coinstore enters india despite pending curbs on trade,https://economictimes.indiatimes.comhttps://economictimes.indiatimes.com/markets/cryptocurrency/cryptocurrency-exchange-coinstore-enters-india-despite-pending-curbs-on-trade/articleshow/87964506.cms
2021-11-29,rbi backed digital currency soon,https://economictimes.indiatimes.comhttps://economictimes.indiatimes.com/news/economy/policy/rbi-backed-digital-currency-soon/articleshow/87977223.cms
2021-11-29,hc directs centre to inform it about introduction of bill on cryptocurrency,https://economictimes.indiatimes.comhttps://economictimes.indiatimes.com/news/india/hc-directs-centre-to-inform-it-about-introduction-of-bill-on-cryptocurrency/articleshow/87978396.cms
2021-11-29,top cryptocurrency prices today bitcoin ethereum polkadot jump up to 10,https://economictimes.indiatimes.comhttps://economictimes.indiatimes.com/markets/cryptocurrency/top-cryptocurrency-prices-today-bitcoin-ethereum-polkadot-jump-up-to-10/articleshow/87973164.cms
2021-11-29,no proposal to recognise bitcoin as a currency fm sitharaman,https://economictimes.indiatimes.comhttps://economictimes.indiatimes.com/news/economy/policy/no-proposal-to-recognise-bitcoin-as-a-currency-fm-sitharaman/articleshow/87976760.cms
2021-11-29,new sign ups dry up for cryptocurrency exchanges amid regulatory confusion,https://economictimes.indiatimes.comhttps://economictimes.indiatimes.com/tech/tech-bytes/new-sign-ups-dry-up-for-cryptocurrency-exchanges-amid-regulatory-confusion/articleshow/87965014.cms
2021-12-01,top cryptocurrency prices today ethereum solana polkadot rally up to 7,https://economictimes.indiatimes.comhttps://economictimes.indiatimes.com/markets/cryptocurrency/top-cryptocurrency-prices-today-ethereum-solana-polkadot-rally-up-to-7/articleshow/88023481.cms
2021-12-02,top cryptocurrency prices today ethereum dogecoin polkadot rally up to 8,https://economictimes.indiatimes.comhttps://economictimes.indiatimes.com/markets/cryptocurrency/top-cryptocurrency-prices-today-ethereum-dogecoin-polkadot-rally-up-to-8/articleshow/88042934.cms
2021-12-03,fpi selling leads to a 2 7 bn dip in indias forex reserves,https://economictimes.indiatimes.comhttps://economictimes.indiatimes.com/markets/stocks/news/fpi-selling-leads-to-a-2-7-bn-dip-in-indias-forex-reserves/articleshow/88078087.cms
2021-12-03,forex reserves down by 2 713 mn to 637 687 bn,https://economictimes.indiatimes.comhttps://economictimes.indiatimes.com/markets/forex/forex-reserves-down-by-2-713-mn-to-637-687-bn/articleshow/88075008.cms
2021-12-03,mukesh ambani backs data privacy cryptocurrency bills,https://economictimes.indiatimes.comhttps://economictimes.indiatimes.com/news/company/corporate-trends/mukesh-ambani-backs-data-privacy-cryptocurrency-bills/articleshow/88074844.cms
2021-12-03,distinction needs to be made between crypto as an asset and as currency cea kv subramanian,https://economictimes.indiatimes.comhttps://economictimes.indiatimes.com/markets/expert-view/distinction-needs-to-be-made-between-crypto-as-an-asset-and-as-currency-cea-kv-subramanian/articleshow/88074153.cms
2021-12-03,crypto world claims digital currency is panacea but truth somewhere in between cea kv subramanian,https://economictimes.indiatimes.comhttps://economictimes.indiatimes.com/markets/cryptocurrency/crypto-world-claims-digital-currency-is-panacea-but-truth-somewhere-in-between-cea-kv-subramanian/articleshow/88069553.cms
2021-12-03,top cryptocurrency prices today bitcoin recovers dogecoin and polkadot rally up to 9,https://economictimes.indiatimes.comhttps://economictimes.indiatimes.com/markets/cryptocurrency/top-cryptocurrency-prices-today-bitcoin-recovers-dogecoin-and-polkadot-rally-up-to-9/articleshow/88064241.cms
2021-12-03,cryptocurrency exchanges turn to targeted ad marketing campaigns to soothe investor nerves,https://economictimes.indiatimes.comhttps://economictimes.indiatimes.com/tech/technology/cryptocurrency-exchanges-turn-to-targeted-ad-marketing-campaigns-to-soothe-investor-nerves/articleshow/88061151.cms
2021-12-03,metaverse wont be turning point in cryptocurrency adoption investor frederic chesnais says,https://economictimes.indiatimes.comhttps://economictimes.indiatimes.com/tech/technology/metaverse-wont-be-turning-point-in-cryptocurrency-adoption-investor-frederic-chesnais-says/articleshow/88066950.cms
2021-12-03,eu slaps 344 million euros penalty on major banks over forex trading cartel,https://economictimes.indiatimes.comhttps://economictimes.indiatimes.com/news/international/world-news/eu-slaps-344-million-euros-penalty-on-major-banks-over-forex-trading-cartel/articleshow/88058611.cms
2021-12-03,regulating cryptocurrency will have to be collective effort fm sitharaman,https://economictimes.indiatimes.comhttps://economictimes.indiatimes.com/news/economy/policy/regulating-cryptocurrency-will-have-to-be-collective-effort-fm-sitharaman/articleshow/88067546.cms
2021-12-04,dont consider cryptocurrency an investment mark mobius,https://economictimes.indiatimes.comhttps://economictimes.indiatimes.com/markets/expert-view/dont-consider-cryptocurrency-an-investment-mark-mobius/articleshow/88087644.cms
2021-12-04,cryptocurrency regulation needs collective efforts says finance minister sitharaman,https://economictimes.indiatimes.comhttps://economictimes.indiatimes.com/news/economy/finance/cryptocurrency-regulation-needs-collective-efforts-says-finance-minister-sitharaman/articleshow/88083836.cms
2021-12-06,top cryptocurrency prices today terra polkadot shed up to 10 ethereum shines,https://economictimes.indiatimes.comhttps://economictimes.indiatimes.com/markets/cryptocurrency/top-cryptocurrency-prices-today-terra-polkadot-shed-up-to-10-ethereum-shines/articleshow/88116016.cms
2021-12-07,top cryptocurrency prices today bitcoin hits 50000 ethereum binance coin jump up to 8,https://economictimes.indiatimes.comhttps://economictimes.indiatimes.com/markets/cryptocurrency/top-cryptocurrency-prices-today-bitcoin-hits-50000-ethereum-binance-coin-jump-up-to-8/articleshow/88137461.cms
2021-12-07,5 questions cryptocurrency exchanges must answer now about their operations,https://economictimes.indiatimes.comhttps://economictimes.indiatimes.com/wealth/invest/5-questions-cryptocurrency-exchanges-must-answer-now-about-their-operations/articleshow/88087819.cms
2021-12-07,kishore biyani appears before ed in probe into forex violation,https://economictimes.indiatimes.comhttps://economictimes.indiatimes.com/news/india/kishore-biyani-appears-before-ed-in-probe-into-forex-violation/articleshow/88134427.cms
2021-12-08,rbi flags digital currency concerns byjus 100m buy,https://economictimes.indiatimes.comhttps://economictimes.indiatimes.com/tech/newsletters/tech-top-5/rbi-flags-digital-currency-concerns-byjus-100m-buy/articleshow/88168667.cms
2021-12-08,cyber risks main challenge before rolling out of digital currency rbi,https://economictimes.indiatimes.comhttps://economictimes.indiatimes.com/news/economy/policy/cyber-risks-main-challenge-before-rolling-out-of-digital-currency-rbi/articleshow/88161080.cms
2021-12-08,top cryptocurrency prices today traders book profit in bitcoin ether cardano slips 6,https://economictimes.indiatimes.comhttps://economictimes.indiatimes.com/markets/cryptocurrency/top-cryptocurrency-prices-today-traders-book-profit-in-bitcoin-ether-cardano-slips-6/articleshow/88159489.cms
2021-12-09,china tightens control to restrain currencys rise,https://economictimes.indiatimes.comhttps://economictimes.indiatimes.com/news/international/business/china-tightens-control-to-restrain-currencys-rise/articleshow/88189774.cms
2021-12-09,allowing cryptocurrency may erode central banks control over money supply former rbi guv,https://economictimes.indiatimes.comhttps://economictimes.indiatimes.com/markets/cryptocurrency/allowing-cryptocurrency-may-erode-central-banks-control-over-money-supply-former-rbi-guv/articleshow/88183757.cms
2021-12-09,top cryptocurrency prices today bitcoin edges lower terra binance coin gain up to 11,https://economictimes.indiatimes.comhttps://economictimes.indiatimes.com/markets/cryptocurrency/top-cryptocurrency-prices-today-bitcoin-edges-lower-terra-binance-coin-gain-up-to-11/articleshow/88179479.cms
2021-12-09,australias central bank sceptical on digital currency but that could change,https://economictimes.indiatimes.comhttps://economictimes.indiatimes.com/tech/tech-bytes/australias-central-bank-sceptical-on-digital-currency-but-that-could-change/articleshow/88179428.cms
2021-12-10,forex reserves fall 4 5 billion in two weeks,https://economictimes.indiatimes.comhttps://economictimes.indiatimes.com/news/economy/finance/forex-reserves-fall-4-5-billion-in-two-weeks/articleshow/88210084.cms
2021-12-10,top cryptocurrency prices today bitcoin ethereum terra shed up 9,https://economictimes.indiatimes.comhttps://economictimes.indiatimes.com/markets/cryptocurrency/top-cryptocurrency-prices-today-bitcoin-ethereum-terra-shed-up-9/articleshow/88200472.cms
2021-12-10,pm modi to take final call on cryptocurrency regulatory framework,https://economictimes.indiatimes.comhttps://economictimes.indiatimes.com/news/economy/policy/pm-modi-to-take-final-call-on-cryptocurrency-regulatory-framework/articleshow/88196615.cms
2021-12-11,fear uncertainty doubt now grip new cryptocurrency investors,https://economictimes.indiatimes.comhttps://economictimes.indiatimes.com/industry/banking/finance/fear-uncertainty-doubt-now-grip-new-cryptocurrency-investors/articleshow/88217050.cms
2021-12-11,sri lanka will not default on debt repayments despite forex crisis finance minister,https://economictimes.indiatimes.comhttps://economictimes.indiatimes.com/news/international/world-news/sri-lanka-will-not-default-on-debt-repayments-despite-forex-crisis-finance-minister/articleshow/88224928.cms
2021-12-11,full ban or limited nod india confronts a cryptocurrency catch 22,https://economictimes.indiatimes.comhttps://economictimes.indiatimes.com/news/economy/policy/full-ban-or-limited-nod-india-confronts-a-cryptocurrency-catch-22/articleshow/88216992.cms
2021-12-12,cryptocurrency week at a glance crypto miners looking for new home,https://economictimes.indiatimes.comhttps://economictimes.indiatimes.com/markets/cryptocurrency/cryptocurrency-week-at-a-glance-crypto-miners-looking-for-new-home/articleshow/88235711.cms
2021-12-13,top cryptocurrency prices today bitcoin ethereum cardano bleed up to 6,https://economictimes.indiatimes.comhttps://economictimes.indiatimes.com/markets/cryptocurrency/top-cryptocurrency-prices-today-bitcoin-ethereum-cardano-bleed-up-to-6/articleshow/88249954.cms
2021-12-14,top cryptocurrency prices today bitcoin ethereum polkadot bleed up to 9,https://economictimes.indiatimes.comhttps://economictimes.indiatimes.com/markets/cryptocurrency/top-cryptocurrency-prices-today-bitcoin-ethereum-polkadot-bleed-up-to-9/articleshow/88269437.cms
2021-12-14,stablecoins gain currency among crypto investors,https://economictimes.indiatimes.comhttps://economictimes.indiatimes.com/tech/technology/stablecoins-gain-currency-among-crypto-investors/articleshow/88266307.cms
2021-12-15,government unlikely to bring bill on cryptocurrency in winter session,https://economictimes.indiatimes.comhttps://economictimes.indiatimes.com/news/economy/policy/government-unlikely-to-bring-bill-on-cryptocurrency-in-winter-session/articleshow/88302698.cms
2021-12-15,top cryptocurrency prices today bitcoin dogecoin solana zoom up to 16,https://economictimes.indiatimes.comhttps://economictimes.indiatimes.com/markets/cryptocurrency/top-cryptocurrency-prices-today-bitcoin-dogecoin-solana-zoom-up-to-16/articleshow/88291640.cms
2021-12-16,top cryptocurrency prices today avalanche solana bitcoin zoom up to 16,https://economictimes.indiatimes.comhttps://economictimes.indiatimes.com/markets/cryptocurrency/top-cryptocurrency-prices-today-avalanche-solana-bitcoin-zoom-up-to-16/articleshow/88311301.cms
2021-12-16,cryptocurrency bill may not be introduced in winter session,https://economictimes.indiatimes.comhttps://economictimes.indiatimes.com/news/economy/policy/cryptocurrency-bill-may-not-be-introduced-in-winter-session/articleshow/88288077.cms
2021-12-16,cryptocurrency exchanges look at consolidation amid governments regulatory concerns,https://economictimes.indiatimes.comhttps://economictimes.indiatimes.com/tech/technology/cryptocurrency-exchanges-look-at-consolidation-amid-governments-regulatory-concerns/articleshow/88308617.cms
2021-12-17,ban or regulate heres how india can resolve its cryptocurrency dilemma,https://economictimes.indiatimes.comhttps://economictimes.indiatimes.com/opinion/et-commentary/ban-or-regulate-heres-how-india-can-resolve-its-cryptocurrency-dilemma/articleshow/88347520.cms
2021-12-17,forex reserves decline usd 77 mn to usd 635 828 bn,https://economictimes.indiatimes.comhttps://economictimes.indiatimes.com/news/economy/finance/forex-reserves-decline-usd-77-mn-to-usd-635-828-bn/articleshow/88344436.cms
2021-12-17,govt and rbi analysing impact of digital currency,https://economictimes.indiatimes.comhttps://economictimes.indiatimes.com/markets/forex/govt-and-rbi-analysing-impact-of-digital-currency/articleshow/88330064.cms
2021-12-17,afghan currency slides prices surge as economy worsens,https://economictimes.indiatimes.comhttps://economictimes.indiatimes.com/news/international/business/afghan-currency-slides-prices-surge-as-economy-worsens/articleshow/88336820.cms
2021-12-17,top cryptocurrency prices today binance coin bitcoin and polkadot shed up to 8,https://economictimes.indiatimes.comhttps://economictimes.indiatimes.com/markets/cryptocurrency/top-cryptocurrency-prices-today-binance-coin-bitcoin-and-polkadot-shed-up-to-8/articleshow/88333595.cms
2021-12-19,rbis forex reserves derisk india from fed action heres what it means,https://economictimes.indiatimes.comhttps://economictimes.indiatimes.com/opinion/et-commentary/rbis-forex-reserves-derisk-india-from-fed-action-heres-what-it-means/articleshow/88377751.cms
2021-12-20,top cryptocurrency prices today binance coin bitcoin and polkadot shed up to 8,https://economictimes.indiatimes.comhttps://economictimes.indiatimes.com/markets/cryptocurrency/top-cryptocurrency-prices-today-binance-coin-bitcoin-and-polkadot-shed-up-to-8/articleshow/88382173.cms
2021-12-21,top cryptocurrency prices today bitcoin avalanche gains xrp drops 5,https://economictimes.indiatimes.comhttps://economictimes.indiatimes.com/markets/cryptocurrency/top-cryptocurrency-prices-today-bitcoin-avalanche-gains-xrp-drops-5/articleshow/88402631.cms
2021-12-21,fii selling makes rupee asias worst performing emerging market currency,https://economictimes.indiatimes.comhttps://economictimes.indiatimes.com/markets/forex/fii-selling-makes-rupee-asias-worst-performing-emerging-market-currency/articleshow/88407482.cms
2021-12-22,top cryptocurrency prices today bitcoin nears 50000 terra avalanche gain up to 13,https://economictimes.indiatimes.comhttps://economictimes.indiatimes.com/markets/cryptocurrency/top-cryptocurrency-prices-today-bitcoin-nears-50000-terra-avalanche-gain-up-to-13/articleshow/88423903.cms
2021-12-22,dollar out of favour as omicron leaves currency markets unseasonably volatile,https://economictimes.indiatimes.comhttps://economictimes.indiatimes.com/markets/forex/dollar-out-of-favour-as-omicron-leaves-currency-markets-unseasonably-volatile/articleshow/88422569.cms
2021-12-23,top cryptocurrency prices today bitcoin avalanche ethereum decline on profit booking,https://economictimes.indiatimes.comhttps://economictimes.indiatimes.com/markets/cryptocurrency/top-cryptocurrency-prices-today-bitcoin-avalanche-ethereum-decline-on-profit-booking/articleshow/88444470.cms
2021-12-24,forex reserves dip by 160 mn to 635 67 bn,https://economictimes.indiatimes.comhttps://economictimes.indiatimes.com/markets/forex/forex-reserves-dip-by-160-mn-to-635-67-bn/articleshow/88477861.cms
2021-12-24,from heading towards asias worst currency tag rupee scripts turnaround and enjoys santa claus rally,https://economictimes.indiatimes.comhttps://economictimes.indiatimes.com/markets/forex/from-heading-towards-asias-worst-currency-tag-rupee-scripts-turnaround-and-enjoys-santa-claus-rally/articleshow/88476241.cms
2021-12-24,top cryptocurrency prices today bitcoin terra and cardano zoom up to 15,https://economictimes.indiatimes.comhttps://economictimes.indiatimes.com/markets/cryptocurrency/top-cryptocurrency-prices-today-bitcoin-terra-and-cardano-zoom-up-to-15/articleshow/88466579.cms
2021-12-27,will cryptocurrency market be volatile in 2022 what investors can expect basic rules to follow,https://economictimes.indiatimes.comhttps://economictimes.indiatimes.com/wealth/invest/will-cryptocurrency-market-be-volatile-in-2022-what-investors-can-expect-basic-rules-to-follow/articleshow/88490556.cms
2021-12-27,top cryptocurrency prices today bitcoin terra and polkadot zoom up to 9,https://economictimes.indiatimes.comhttps://economictimes.indiatimes.com/markets/cryptocurrency/top-cryptocurrency-prices-today-bitcoin-terra-and-polkadot-zoom-up-to-9/articleshow/88514735.cms
2022-01-01,investment options or cryptocurrency tie wearing uncles are leading the advice doling department of tricks,https://economictimes.indiatimes.comhttps://economictimes.indiatimes.com/opinion/et-commentary/investment-options-or-cryptocurrency-tie-wearing-uncles-are-leading-the-advice-doling-department-of-tricks/articleshow/88637048.cms
2022-01-01,india bags 638 million in cryptocurrency blockchain funding in 2021,https://economictimes.indiatimes.comhttps://economictimes.indiatimes.com/news/economy/finance/india-bags-638-million-in-cryptocurrency-blockchain-funding-in-2021/articleshow/88626670.cms
2022-01-03,top cryptocurrency prices today bitcoin solana loses charm polkadot rallies 4,https://economictimes.indiatimes.comhttps://economictimes.indiatimes.com/markets/cryptocurrency/top-cryptocurrency-prices-today-bitcoin-solana-loses-charm-polkadot-rallies-4/articleshow/88657670.cms
2022-01-04,indias cryptocurrency platforms lack clarity on tax provisions,https://economictimes.indiatimes.comhttps://economictimes.indiatimes.com/tech/tech-bytes/indias-cryptocurrency-platforms-lack-clarity-on-tax-provisions/articleshow/88677171.cms
2022-01-05,el salvador is preparing for bitcoin bonds government will present 20 bills to lawmakers for regulating cryptocurrency,https://economictimes.indiatimes.comhttps://economictimes.indiatimes.com/wealth/invest/el-salvador-is-preparing-for-bitcoin-bonds-government-will-present-20-bills-to-lawmakers-for-regulating-cryptocurrency/articleshow/88708488.cms
2022-01-05,top cryptocurrency prices today bitcoin ethereum binance coin trade higher,https://economictimes.indiatimes.comhttps://economictimes.indiatimes.com/markets/cryptocurrency/top-cryptocurrency-prices-today-bitcoin-ethereum-binance-coin-trade-higher/articleshow/88703190.cms
2022-01-05,tax cloud over cryptocurrency exchanges as income tax department eyes probe,https://economictimes.indiatimes.comhttps://economictimes.indiatimes.com/news/economy/finance/tax-cloud-over-cryptocurrency-exchanges-as-income-tax-department-eyes-probe/articleshow/88701917.cms
2022-01-06,polytrade announces listing on cryptocurrency exchange coindcx,https://economictimes.indiatimes.comhttps://economictimes.indiatimes.com/markets/cryptocurrency/polytrade-announces-listing-on-cryptocurrency-exchange-coindcx/articleshow/88738938.cms
2022-01-06,rils 4 bn forex bond issue opens way for other corporates ashu khullar,https://economictimes.indiatimes.comhttps://economictimes.indiatimes.com/markets/expert-view/rils-4-bn-forex-bond-issue-opens-way-for-other-corporates-ashu-khullar/articleshow/88737260.cms
2022-01-06,ril raises 4 billion in indias biggest forex bond issue,https://economictimes.indiatimes.comhttps://economictimes.indiatimes.com/markets/bonds/ril-raises-4-billion-in-indias-biggest-forex-bond-issue/articleshow/88729771.cms
2022-01-06,top cryptocurrency prices today bitcoin ether and other top tokens tank up to 11,https://economictimes.indiatimes.comhttps://economictimes.indiatimes.com/markets/cryptocurrency/top-cryptocurrency-prices-today-bitcoin-ether-and-other-top-tokens-tank-up-to-11/articleshow/88724898.cms
2022-01-07,indias forex reserves dip by 1 46 bn in the last week of 2021,https://economictimes.indiatimes.comhttps://economictimes.indiatimes.com/markets/forex/indias-forex-reserves-dip-by-1-46-bn-in-the-last-week-of-2021/articleshow/88759891.cms
2022-01-07,reliance 4 bn forex bonds a landmark transaction achieving many firsts asit bhatia,https://economictimes.indiatimes.comhttps://economictimes.indiatimes.com/markets/expert-view/reliance-4-bn-forex-bonds-a-landmark-transaction-achieving-many-firsts-asit-bhatia/articleshow/88749346.cms
2022-01-07,top cryptocurrency prices today ethereum solana and terra tanked up to 6,https://economictimes.indiatimes.comhttps://economictimes.indiatimes.com/markets/cryptocurrency/top-cryptocurrency-prices-today-ethereum-solana-and-terra-tanked-up-to-6/articleshow/88747698.cms
2022-01-07,reliance raises 4b in largest ever foreign currency bonds issue,https://economictimes.indiatimes.comhttps://economictimes.indiatimes.com/markets/bonds/reliance-raises-4b-in-largest-ever-foreign-currency-bonds-issue/articleshow/88745022.cms
2022-01-09,pakistans fia issues notice to cryptocurrency exchange while investigating multi million dollar scam,https://economictimes.indiatimes.comhttps://economictimes.indiatimes.com/markets/cryptocurrency/pakistans-fia-issues-notice-to-cryptocurrency-exchange-while-investigating-multi-million-dollar-scam/articleshow/88786073.cms
2022-01-10,ed attaches assets of kerala man who duped investors of rs 1200 crore by offering cryptocurrency,https://economictimes.indiatimes.comhttps://economictimes.indiatimes.com/news/india/ed-attaches-assets-of-kerala-man-who-duped-investors-of-rs-1200-crore-by-offering-cryptocurrency/articleshow/88814096.cms
2022-01-10,top cryptocurrency prices today bitcoin continues to bleed terra gains 6,https://economictimes.indiatimes.comhttps://economictimes.indiatimes.com/markets/cryptocurrency/top-cryptocurrency-prices-today-bitcoin-continues-to-bleed-terra-gains-6/articleshow/88801500.cms
2022-01-11,top cryptocurrency prices today bitcoin shows strength solana drops 3,https://economictimes.indiatimes.comhttps://economictimes.indiatimes.com/markets/cryptocurrency/top-cryptocurrency-prices-today-bitcoin-shows-strength-solana-drops-3/articleshow/88824017.cms
2022-01-12,top cryptocurrency prices today bitcoin gets breather bnb polkadot zoom up to 7,https://economictimes.indiatimes.comhttps://economictimes.indiatimes.com/markets/cryptocurrency/top-cryptocurrency-prices-today-bitcoin-gets-breather-bnb-polkadot-zoom-up-to-7/articleshow/88845886.cms
2022-01-12,no exaggeration not a currency crypto industry in a fix over ad guidelines,https://economictimes.indiatimes.comhttps://economictimes.indiatimes.com/industry/services/advertising/no-exaggeration-not-a-currency-crypto-industry-in-a-fix-over-ad-guidelines/articleshow/88843955.cms
2022-01-13,pak central bank panel recommends complete ban on cryptocurrency,https://economictimes.indiatimes.comhttps://economictimes.indiatimes.com/markets/cryptocurrency/pak-central-bank-panel-recommends-complete-ban-on-cryptocurrency/articleshow/88879503.cms
2022-01-13,top cryptocurrency prices today bitcoin extends loss cardano terra drops 4,https://economictimes.indiatimes.comhttps://economictimes.indiatimes.com/markets/cryptocurrency/top-cryptocurrency-prices-today-bitcoin-extends-loss-cardano-terra-drops-4/articleshow/88679812.cms
2022-01-13,the future of sports currency what are fan tokens and how do they work,https://economictimes.indiatimes.comhttps://economictimes.indiatimes.com/markets/cryptocurrency/the-future-of-sports-currency-what-are-fan-tokens-and-how-do-they-work/articleshow/88870009.cms
2022-01-13,top cryptocurrency prices today bitcoin solana polkadot zoom up to 10,https://economictimes.indiatimes.comhttps://economictimes.indiatimes.com/markets/cryptocurrency/top-cryptocurrency-prices-today-bitcoin-solana-polkadot-zoom-up-to-10/articleshow/88867913.cms
2022-01-14,forex reserves down by 878 million to 632 736 billion,https://economictimes.indiatimes.comhttps://economictimes.indiatimes.com/news/economy/finance/forex-reserves-down-by-878-million-to-632-736-billion/articleshow/88902741.cms
2022-01-14,india grants financial assistance of over usd 900 million to sri lanka to overcome forex crisis,https://economictimes.indiatimes.comhttps://economictimes.indiatimes.com/news/india/india-grants-financial-assistance-of-over-usd-900-million-to-sri-lanka-to-overcome-forex-crisis/articleshow/88893963.cms
2022-01-14,top cryptocurrency prices today bitcoin ethereum erase gains cardano drops 5,https://economictimes.indiatimes.comhttps://economictimes.indiatimes.com/markets/cryptocurrency/top-cryptocurrency-prices-today-bitcoin-ethereum-erase-gains-cardano-drops-5/articleshow/88889491.cms
2022-01-14,indias forex reserves to face 256 billion overseas debt challenge in next 12 months,https://economictimes.indiatimes.comhttps://economictimes.indiatimes.com/news/economy/finance/indias-forex-reserves-to-face-256-billion-overseas-debt-challenge-in-next-12-months/articleshow/88880502.cms
2022-01-17,top cryptocurrency prices today bitcoin ethereum gain cardano zooms 12,https://economictimes.indiatimes.comhttps://economictimes.indiatimes.com/markets/cryptocurrency/top-cryptocurrency-prices-today-bitcoin-ethereum-gain-cardano-zooms-12/articleshow/88942846.cms
2022-01-18,the cryptocurrency space is tailor made for scams the scams everyone must know about,https://economictimes.indiatimes.comhttps://economictimes.indiatimes.com/wealth/invest/the-cryptocurrency-space-is-tailor-made-for-scams-the-scams-everyone-must-know-about/articleshow/88913685.cms
2022-01-18,top cryptocurrency prices today bitcoin ethereum slip cardano zooms 7,https://economictimes.indiatimes.comhttps://economictimes.indiatimes.com/markets/cryptocurrency/top-cryptocurrency-prices-today-bitcoin-ethereum-slip-cardano-zooms-7/articleshow/88964726.cms
2022-01-19,one of the largest cryptocurrency swapping platforms just lost 1 3 million as users failed to update approvals,https://economictimes.indiatimes.comhttps://economictimes.indiatimes.com/wealth/invest/one-of-the-largest-cryptocurrency-swapping-platforms-just-lost-1-3-million-as-users-failed-to-update-approvals/articleshow/88992186.cms
2022-01-19,spain joins india singapore to tame cryptocurrency ads,https://economictimes.indiatimes.comhttps://economictimes.indiatimes.com/wealth/invest/spain-joins-india-singapore-to-tame-cryptocurrency-ads/articleshow/88988983.cms
2022-01-19,top cryptocurrency prices today bitcoin terra solana gain cardano drops 7,https://economictimes.indiatimes.comhttps://economictimes.indiatimes.com/markets/cryptocurrency/top-cryptocurrency-prices-today-bitcoin-terra-solana-gain-cardano-drops-7/articleshow/88986852.cms
2022-01-19,indias cryptocurrency sector likely to update code of conduct,https://economictimes.indiatimes.comhttps://economictimes.indiatimes.com/tech/tech-bytes/indias-cryptocurrency-sector-likely-to-update-code-of-conduct/articleshow/88983918.cms
2022-01-20,exotic forex derivatives return in rbis push to deepen markets,https://economictimes.indiatimes.comhttps://economictimes.indiatimes.com/markets/forex/exotic-forex-derivatives-return-in-rbis-push-to-deepen-markets/articleshow/89009985.cms
2022-01-20,top cryptocurrency prices today bitcoin ethereum cardano drop up to 10,https://economictimes.indiatimes.comhttps://economictimes.indiatimes.com/markets/cryptocurrency/top-cryptocurrency-prices-today-bitcoin-ethereum-cardano-drop-up-to-10/articleshow/89009136.cms
2022-01-21,top cryptocurrency prices today bitcoin breaches 40000 other altcoins bleed,https://economictimes.indiatimes.comhttps://economictimes.indiatimes.com/markets/cryptocurrency/top-cryptocurrency-prices-today-bitcoin-breaches-40000-other-altcoins-bleed/articleshow/89030652.cms
2022-01-21,rbi taps forex market early for government payout,https://economictimes.indiatimes.comhttps://economictimes.indiatimes.com/markets/forex/rbi-taps-forex-market-early-for-government-payout/articleshow/89028940.cms
2022-01-24,top cryptocurrency prices today bitcoin holds above 35000 altcoins show strenghth,https://economictimes.indiatimes.comhttps://economictimes.indiatimes.com/markets/cryptocurrency/top-cryptocurrency-prices-today-bitcoin-holds-above-35000-altcoins-show-strenghth/articleshow/89084775.cms
2022-01-25,rupee slides to 1 month low against dollar on forex outflows,https://economictimes.indiatimes.comhttps://economictimes.indiatimes.com/markets/forex/rupee-slides-to-1-month-low-against-dollar-on-forex-outflows/articleshow/89119028.cms
2022-01-25,pakistan raises 1 bn through islamic bond at record interest to keep forex reserves afloat,https://economictimes.indiatimes.comhttps://economictimes.indiatimes.com/news/international/business/pakistan-raises-1-bn-through-islamic-bond-at-record-interest-to-keep-forex-reserves-afloat/articleshow/89116359.cms
2022-01-25,top cryptocurrency prices today bitcoins moves higher altcoins continue to bleed,https://economictimes.indiatimes.comhttps://economictimes.indiatimes.com/markets/cryptocurrency/top-cryptocurrency-prices-today-bitcoins-moves-higher-altcoins-continue-to-bleed/articleshow/89106759.cms
2022-01-26,top cryptocurrency prices today dogecoin bitcoin ethereum zoom up to 7,https://economictimes.indiatimes.comhttps://economictimes.indiatimes.com/markets/cryptocurrency/top-cryptocurrency-prices-today-dogecoin-bitcoin-ethereum-zoom-up-to-7/articleshow/89131593.cms
2022-01-27,top cryptocurrency prices today bitcoin ethereum terra shed up to 7,https://economictimes.indiatimes.comhttps://economictimes.indiatimes.com/markets/cryptocurrency/top-cryptocurrency-prices-today-bitcoin-ethereum-terra-shed-up-to-7/articleshow/89147310.cms
2022-01-28,top cryptocurrency prices today bitcoin bnb zoom up to 6 terra bleeds,https://economictimes.indiatimes.comhttps://economictimes.indiatimes.com/markets/cryptocurrency/top-cryptocurrency-prices-today-bitcoin-bnb-zoom-up-to-6-terra-bleeds/articleshow/89170828.cms
2022-01-28,hnis shifting cryptocurrency assets to wallets outside india,https://economictimes.indiatimes.comhttps://economictimes.indiatimes.com/tech/tech-bytes/hnis-shifting-cryptocurrency-assets-to-wallets-outside-india/articleshow/89127639.cms
2022-01-31,govt to take balanced view on cryptocurrency says pea sanjeev sanyal,https://economictimes.indiatimes.comhttps://economictimes.indiatimes.com/tech/technology/govt-to-take-balanced-view-on-cryptocurrency-says-pea-sanjeev-sanyal/articleshow/89253084.cms
2022-01-31,top cryptocurrency prices today bitcoin dogecoin shib terra tank up to 10,https://economictimes.indiatimes.comhttps://economictimes.indiatimes.com/markets/cryptocurrency/top-cryptocurrency-prices-today-bitcoin-dogecoin-shib-terra-tank-up-to-10/articleshow/89235429.cms
2022-01-31,cryptocurrency investors rush to blue chip coins amidst volatility,https://economictimes.indiatimes.comhttps://economictimes.indiatimes.com/markets/cryptocurrency/cryptocurrency-investors-rush-to-blue-chip-coins-amidst-volatility/articleshow/89181203.cms
2022-02-01,cryptocurrency and budget 2022 everything you need to know,https://economictimes.indiatimes.comhttps://economictimes.indiatimes.com/markets/cryptocurrency/cryptocurrency-and-budget-2022-everything-you-need-to-know/articleshow/89278494.cms
2022-02-01,pessimistic on bonds currency bullish on equity market maneesh dangi,https://economictimes.indiatimes.comhttps://economictimes.indiatimes.com/markets/expert-view/pessimistic-on-bonds-currency-bullish-on-equity-market-maneesh-dangi/articleshow/89277373.cms
2022-02-01,finally income from cryptocurrency to be taxed at 30,https://economictimes.indiatimes.comhttps://economictimes.indiatimes.com/news/economy/policy/finally-income-from-cryptocurrency-to-be-taxed-at-30/articleshow/89267688.cms
2022-02-01,income tax on cryptocurrency introduced investors may see a sell off in the coming weeks,https://economictimes.indiatimes.comhttps://economictimes.indiatimes.com/news/economy/policy/income-tax-on-cryptocurrency-introduced-investors-may-see-a-sell-off-in-the-coming-weeks/articleshow/89268929.cms
2022-02-01,rbi to issue central bank digital currency in fy23 fm sitharaman in budget,https://economictimes.indiatimes.comhttps://economictimes.indiatimes.com/industry/banking/finance/banking/rbi-to-issue-central-bank-digital-currency-in-fy23-fm-sitharaman-in-budget/articleshow/89267237.cms
2022-02-01,top cryptocurrency prices today bitcoin ether solana terra zoom up to 17,https://economictimes.indiatimes.comhttps://economictimes.indiatimes.com/markets/cryptocurrency/top-cryptocurrency-prices-today-bitcoin-ether-solana-terra-zoom-up-to-17/articleshow/89262272.cms
2022-02-01,rbi to launch blockchain based digital currency in next fiscal fm,https://economictimes.indiatimes.comhttps://economictimes.indiatimes.com/markets/cryptocurrency/rbi-to-launch-blockchain-based-digital-currency-in-next-fiscal-fm/articleshow/89268087.cms
2022-02-02,indias plan to tax cryptocurrency and nft transactions decoded,https://economictimes.indiatimes.comhttps://economictimes.indiatimes.com/news/economy/policy/indias-plan-to-tax-cryptocurrency-and-nft-transactions-decoded/articleshow/89302482.cms
2022-02-02,explained new tax rules on cryptocurrency investments,https://economictimes.indiatimes.comhttps://economictimes.indiatimes.com/markets/cryptocurrency/explained-new-tax-rules-on-cryptocurrency-investments/articleshow/89272078.cms
2022-02-02,top cryptocurrency prices today bitcoin ether solana terra zoom up to 7,https://economictimes.indiatimes.comhttps://economictimes.indiatimes.com/markets/cryptocurrency/top-cryptocurrency-prices-today-bitcoin-ether-solana-terra-zoom-up-to-7/articleshow/89289101.cms
2022-02-03,digital currency explained india catches up with global fad,https://economictimes.indiatimes.comhttps://economictimes.indiatimes.com/news/economy/finance/digital-currency-explained-india-catches-up-with-global-fad/articleshow/89274786.cms
2022-02-03,top cryptocurrency prices today bitcoin dogecoin solana terra shed up 10,https://economictimes.indiatimes.comhttps://economictimes.indiatimes.com/markets/cryptocurrency/top-cryptocurrency-prices-today-bitcoin-dogecoin-solana-terra-shed-up-10/articleshow/89312891.cms
2022-02-03,digital currency rollout in fy23 govt in touch with rbi on borrowing,https://economictimes.indiatimes.comhttps://economictimes.indiatimes.com/markets/stocks/news/digital-currency-rollout-in-fy23-govt-in-touch-with-rbi-on-borrowing/articleshow/89311198.cms
2022-02-03,crypto currency transactions under taxmans lens,https://economictimes.indiatimes.comhttps://economictimes.indiatimes.com/news/economy/policy/crypto-currency-transactions-under-taxmans-lens/articleshow/89307481.cms
2022-02-04,forex reserves down by 4 531 billion to 629 755 billion,https://economictimes.indiatimes.comhttps://economictimes.indiatimes.com/news/economy/finance/forex-reserves-down-by-4-531-billion-to-629-755-billion/articleshow/89350186.cms
2022-02-04,top cryptocurrency prices today bitcoin terra gain up to 5 dogecoin slips,https://economictimes.indiatimes.comhttps://economictimes.indiatimes.com/markets/cryptocurrency/top-cryptocurrency-prices-today-bitcoin-terra-gain-up-to-5-dogecoin-slips/articleshow/89336974.cms
2022-02-04,rbis forex yield moves can strain its books,https://economictimes.indiatimes.comhttps://economictimes.indiatimes.com/markets/stocks/news/rbis-forex-yield-moves-can-strain-its-books/articleshow/89333965.cms
2022-02-05,top cryptocurrency prices today bitcoin hits two week high solana ethereum dogecoin jump up to 11,https://economictimes.indiatimes.comhttps://economictimes.indiatimes.com/markets/cryptocurrency/top-cryptocurrency-prices-today-bitcoin-hits-two-week-high-solana-ethereum-dogecoin-jump-up-to-11/articleshow/89362923.cms
2022-02-06,counting on digital currency,https://economictimes.indiatimes.comhttps://economictimes.indiatimes.com/opinion/et-editorial/counting-on-digital-currency/articleshow/89390457.cms
2022-02-06,indias digital currency to debut by early 2023,https://economictimes.indiatimes.comhttps://economictimes.indiatimes.com/news/economy/policy/indias-digital-currency-to-debut-by-early-2023/articleshow/89379626.cms
2022-02-07,top cryptocurrency prices today bitcoin hits 42000 dogecoin shiba inu zoom up to 26,https://economictimes.indiatimes.comhttps://economictimes.indiatimes.com/markets/cryptocurrency/top-cryptocurrency-prices-today-bitcoin-hits-42000-dogecoin-shiba-inu-zoom-up-to-26/articleshow/89396072.cms
2022-02-07,tax on profits from cryptocurrency is now very high is that a good thing a bad thing or nothing,https://economictimes.indiatimes.comhttps://economictimes.indiatimes.com/wealth/tax/tax-on-profits-from-cryptocurrency-is-now-very-high-is-that-a-good-thing-a-bad-thing-or-nothing/articleshow/89364085.cms
2022-02-08,budget 2022 cryptocurrency tax rules leave little on table for investors 6 ways crypto investors will be impacted,https://economictimes.indiatimes.comhttps://economictimes.indiatimes.com/wealth/tax/budget-2022-cryptocurrency-tax-rules-leave-little-on-table-for-investors-6-ways-crypto-investors-will-be-impacted/articleshow/89363091.cms
2022-02-08,top cryptocurrency prices today bitcoin near 44000 xrp shiba inu zoom up to 20,https://economictimes.indiatimes.comhttps://economictimes.indiatimes.com/markets/cryptocurrency/top-cryptocurrency-prices-today-bitcoin-near-44000-xrp-shiba-inu-zoom-up-to-20/articleshow/89420324.cms
2022-02-09,top cryptocurrency prices today bitcoin ethereum dogecoin fall up to 5,https://economictimes.indiatimes.comhttps://economictimes.indiatimes.com/markets/cryptocurrency/top-cryptocurrency-prices-today-bitcoin-ethereum-dogecoin-fall-up-to-5/articleshow/89444519.cms
2022-02-09,cost of covering currency risk surges since december,https://economictimes.indiatimes.comhttps://economictimes.indiatimes.com/markets/forex/cost-of-covering-currency-risk-surges-since-december/articleshow/89435493.cms
2022-02-10,top cryptocurrency prices today bitcoin ethereum dogecoin shiba inu jump up to 4,https://economictimes.indiatimes.comhttps://economictimes.indiatimes.com/markets/cryptocurrency/top-cryptocurrency-prices-today-bitcoin-ethereum-dogecoin-shiba-inu-jump-up-to-4/articleshow/89468597.cms
2022-02-11,forex reserves rise to 631 953 billion,https://economictimes.indiatimes.comhttps://economictimes.indiatimes.com/news/economy/finance/forex-reserves-rise-to-631-953-billion/articleshow/89505797.cms
2022-02-11,top cryptocurrency prices today bitcoin ethereum dogecoin shiba inu drop up to 6,https://economictimes.indiatimes.comhttps://economictimes.indiatimes.com/markets/cryptocurrency/top-cryptocurrency-prices-today-bitcoin-ethereum-dogecoin-shiba-inu-drop-up-to-6/articleshow/89493480.cms
2022-02-12,not just cryptocurrency all money is funny money based on notional worth,https://economictimes.indiatimes.comhttps://economictimes.indiatimes.com/opinion/et-commentary/not-just-cryptocurrency-all-money-is-funny-money-based-on-notional-worth/articleshow/89529831.cms
2022-02-12,revolut makes first acquisition in india through money transfer firm arvog forex,https://economictimes.indiatimes.comhttps://economictimes.indiatimes.com/tech/tech-bytes/revolut-makes-first-acquisition-in-india-through-money-transfer-firm-arvog-forex/articleshow/89516770.cms
2022-02-14,discussions on with rbi on crypto digital currency nirmala sitharaman,https://economictimes.indiatimes.comhttps://economictimes.indiatimes.com/news/economy/policy/discussions-on-with-rbi-on-crypto-digital-currency-nirmala-sitharaman/articleshow/89572445.cms
2022-02-14,discussions on with rbi on crypto digital currency sitharaman,https://economictimes.indiatimes.comhttps://economictimes.indiatimes.com/markets/cryptocurrency/discussions-on-with-rbi-on-crypto-digital-currency-sitharaman/articleshow/89572427.cms
2022-02-14,discussions on with rbi over digital currency nirmala sitharaman,https://economictimes.indiatimes.comhttps://economictimes.indiatimes.com/news/economy/policy/discussions-on-with-rbi-over-digital-currency-nirmala-sitharaman/articleshow/89565439.cms
2022-02-14,top cryptocurrency prices today bitcoin ether falls doge shiba inu move up,https://economictimes.indiatimes.comhttps://economictimes.indiatimes.com/markets/cryptocurrency/top-cryptocurrency-prices-today-bitcoin-ether-falls-doge-shiba-inu-move-up/articleshow/89557147.cms
2022-02-14,forex hedging costs plunge after rbi policy,https://economictimes.indiatimes.comhttps://economictimes.indiatimes.com/markets/forex/forex-hedging-costs-plunge-after-rbi-policy/articleshow/89554946.cms
2022-02-15,top cryptocurrency prices today bitcoin ethereum solana avalanche zoom up to 11,https://economictimes.indiatimes.comhttps://economictimes.indiatimes.com/markets/cryptocurrency/top-cryptocurrency-prices-today-bitcoin-ethereum-solana-avalanche-zoom-up-to-11/articleshow/89581852.cms
2022-02-16,top cryptocurrency prices today bitcoin ethereum dogecoin avalanche zoom up to 11,https://economictimes.indiatimes.comhttps://economictimes.indiatimes.com/markets/cryptocurrency/top-cryptocurrency-prices-today-bitcoin-ethereum-dogecoin-avalanche-zoom-up-to-11/articleshow/89606172.cms
2022-02-16,currency in circulation touches 52 week high as demand surges,https://economictimes.indiatimes.comhttps://economictimes.indiatimes.com/markets/forex/currency-in-circulation-touches-52-week-high-as-demand-surges/articleshow/89604087.cms
2022-02-17,reliance industries lists existing foreign currency bonds worth over 7 billion on india inx,https://economictimes.indiatimes.comhttps://economictimes.indiatimes.com/markets/bonds/reliance-industries-lists-existing-foreign-currency-bonds-worth-over-7-billion-on-india-inx/articleshow/89643813.cms
2022-02-17,top cryptocurrency prices today ethereum dogecoin drop shiba inu avalanche jump up to 4,https://economictimes.indiatimes.comhttps://economictimes.indiatimes.com/markets/cryptocurrency/top-cryptocurrency-prices-today-ethereum-dogecoin-drop-shiba-inu-avalanche-jump-up-to-4/articleshow/89631238.cms
2022-02-18,forex reserves down by 1 763 bn to 630 19 bn,https://economictimes.indiatimes.comhttps://economictimes.indiatimes.com/news/economy/indicators/forex-reserves-down-by-1-763-bn-to-630-19-bn/articleshow/89668519.cms
2022-02-18,cryptocurrency criminals are turning into crypto whales,https://economictimes.indiatimes.comhttps://economictimes.indiatimes.com/wealth/invest/cryptocurrency-criminals-are-turning-into-crypto-whales/articleshow/89664896.cms
2022-02-18,top cryptocurrency prices today bitcoin ethereum shiba inu tank 7 each dogecoin drops 5,https://economictimes.indiatimes.comhttps://economictimes.indiatimes.com/markets/cryptocurrency/top-cryptocurrency-prices-today-bitcoin-ethereum-shiba-inu-tank-7-each-dogecoin-drops-5/articleshow/89655237.cms
2022-02-21,view issuance of digital currency by india has many consequences from the perspective of tax policy,https://economictimes.indiatimes.comhttps://economictimes.indiatimes.com/opinion/et-commentary/view-issuance-of-digital-currency-by-india-has-many-consequences-from-the-perspective-of-tax-policy/articleshow/89732945.cms
2022-02-21,top cryptocurrency prices today bitcoin ethereum drop solana rises 5,https://economictimes.indiatimes.comhttps://economictimes.indiatimes.com/markets/cryptocurrency/top-cryptocurrency-prices-today-bitcoin-ethereum-drop-solana-rises-5/articleshow/89715539.cms
2022-02-21,rbi likely to step in to stabilise rupee in forex market,https://economictimes.indiatimes.comhttps://economictimes.indiatimes.com/markets/forex/rbi-likely-to-step-in-to-stabilise-rupee-in-forex-market/articleshow/89713267.cms
2022-02-22,can every currency of the world be a stablecoin,https://economictimes.indiatimes.comhttps://economictimes.indiatimes.com/markets/cryptocurrency/can-every-currency-of-the-world-be-a-stablecoin/articleshow/89750023.cms
2022-02-22,top cryptocurrency prices today bitcoin ethereum drop 5 shiba inu dogecoin lose 10,https://economictimes.indiatimes.comhttps://economictimes.indiatimes.com/markets/cryptocurrency/top-cryptocurrency-prices-today-bitcoin-ethereum-drop-5-shiba-inu-dogecoin-lose-10/articleshow/89739091.cms
2022-02-23,as rbi pulls out forex swaps again traders cite lic ipo flows,https://economictimes.indiatimes.comhttps://economictimes.indiatimes.com/markets/forex/as-rbi-pulls-out-forex-swaps-again-traders-cite-lic-ipo-flows/articleshow/89773908.cms
2022-02-23,top cryptocurrency prices today bitcoin dogecoin shiba inu terra zoom up to 10,https://economictimes.indiatimes.comhttps://economictimes.indiatimes.com/markets/cryptocurrency/top-cryptocurrency-prices-today-bitcoin-dogecoin-shiba-inu-terra-zoom-up-to-10/articleshow/89763083.cms
2022-02-23,dollar swap to help rbi in balance sheet management besides cooling forex market,https://economictimes.indiatimes.comhttps://economictimes.indiatimes.com/news/economy/finance/dollar-swap-to-help-rbi-in-balance-sheet-management-besides-cooling-forex-market/articleshow/89756682.cms
2022-02-24,bloodbath in forex market as rupee tumbles over 100 paise vs dollar,https://economictimes.indiatimes.comhttps://economictimes.indiatimes.com/markets/forex/bloodbath-in-forex-market-as-rupee-tumbles-over-100-paise-vs-dollar/articleshow/89801340.cms
2022-02-24,top cryptocurrency prices today bitcoin ethereum dogecoin shed up to 5 each,https://economictimes.indiatimes.comhttps://economictimes.indiatimes.com/markets/cryptocurrency/top-cryptocurrency-prices-today-bitcoin-ethereum-dogecoin-shed-up-to-5-each/articleshow/89789174.cms
2022-02-25,forex reserves jump by 2 76 bn to 632 95 bn,https://economictimes.indiatimes.comhttps://economictimes.indiatimes.com/markets/stocks/news/forex-reserves-jump-by-2-76-bn-to-632-95-bn/articleshow/89832942.cms
2022-02-25,ukraine russia war to lead to currency fluctuations rise in energy prices and worsening of supply chain crisis says industry,https://economictimes.indiatimes.comhttps://economictimes.indiatimes.com/small-biz/trade/exports/insights/ukraine-russia-war-to-lead-to-currency-fluctuations-rise-in-energy-prices-and-worsening-of-supply-chain-crisis-says-industry/articleshow/89818093.cms
2022-02-25,top cryptocurrency prices today bitcoin ethereum terra zoom up to 17 dogecoin falls,https://economictimes.indiatimes.comhttps://economictimes.indiatimes.com/markets/cryptocurrency/top-cryptocurrency-prices-today-bitcoin-ethereum-terra-zoom-up-to-17-dogecoin-falls/articleshow/89816245.cms
2022-02-26,sc asks govt to clear its stand on legality of cryptocurrency trade in india,https://economictimes.indiatimes.comhttps://economictimes.indiatimes.com/markets/cryptocurrency/sc-asks-govt-to-clear-its-stand-on-legality-of-cryptocurrency-trade-in-india/articleshow/89844511.cms
2022-02-27,tweets on ukraine crisis crypto currency posted from bjp president jp naddas account,https://economictimes.indiatimes.comhttps://economictimes.indiatimes.com/news/india/tweets-on-ukraine-crisis-crypto-currency-posted-from-bjp-president-jp-naddas-account/articleshow/89864415.cms
2022-02-28,top cryptocurrency prices today bitcoin ethereum fall up to 4 dogecoin slips out of top 10 crypto ranking,https://economictimes.indiatimes.comhttps://economictimes.indiatimes.com/markets/cryptocurrency/top-cryptocurrency-prices-today-bitcoin-ethereum-fall-up-to-4-dogecoin-slips-out-of-top-10-crypto-ranking/articleshow/89883706.cms
2022-03-03,top cryptocurrency prices today bitcoin terra shiba inu cardano rise up to 4,https://economictimes.indiatimes.comhttps://economictimes.indiatimes.com/markets/cryptocurrency/top-cryptocurrency-prices-today-bitcoin-terra-shiba-inu-cardano-rise-up-to-4/articleshow/89960131.cms
2022-03-04,forex reserves decline by usd 1 425 bn on a dip in currency assets,https://economictimes.indiatimes.comhttps://economictimes.indiatimes.com/news/economy/finance/forex-reserves-decline-by-usd-1-425-bn-on-a-dip-in-currency-assets/articleshow/89996043.cms
2022-03-04,top cryptocurrency prices today bitcoin shiba inu ethereum rise up to 15 terra rallies 24,https://economictimes.indiatimes.comhttps://economictimes.indiatimes.com/markets/cryptocurrency/top-cryptocurrency-prices-today-bitcoin-shiba-inu-ethereum-rise-up-to-15-terra-rallies-24/articleshow/89915120.cms
2022-03-04,top cryptocurrency prices today bitcoin terra shiba inu cardano rise up to 4,https://economictimes.indiatimes.comhttps://economictimes.indiatimes.com/markets/cryptocurrency/top-cryptocurrency-prices-today-bitcoin-terra-shiba-inu-cardano-rise-up-to-4/articleshow/89936857.cms
2022-03-04,top cryptocurrency prices today bitcoin solana dogecoin shiba inu tumble up to 7,https://economictimes.indiatimes.comhttps://economictimes.indiatimes.com/markets/cryptocurrency/top-cryptocurrency-prices-today-bitcoin-solana-dogecoin-shiba-inu-tumble-up-to-7/articleshow/89983308.cms
2022-03-06,how cryptocurrency is proving to be a double edged sword in ukraine war,https://economictimes.indiatimes.comhttps://economictimes.indiatimes.com/markets/cryptocurrency/how-cryptocurrency-is-proving-to-be-a-double-edged-sword-in-ukraine-war/articleshow/90029990.cms
2022-03-07,top cryptocurrency prices today bitcoin dogecoin shiba inu terra tumble up to 10,https://economictimes.indiatimes.comhttps://economictimes.indiatimes.com/markets/cryptocurrency/top-cryptocurrency-prices-today-bitcoin-dogecoin-shiba-inu-terra-tumble-up-to-10/articleshow/90042615.cms
2022-03-08,we see clear advantages in central bank driven digital currency nirmala sitharaman,https://economictimes.indiatimes.comhttps://economictimes.indiatimes.com/news/economy/policy/we-see-clear-advantages-in-central-bank-driven-digital-currency-nirmala-sitharaman/articleshow/90073339.cms
2022-03-08,president biden to issue executive order on cryptocurrency,https://economictimes.indiatimes.comhttps://economictimes.indiatimes.com/news/international/business/president-biden-to-issue-executive-order-on-cryptocurrency/articleshow/90069115.cms
2022-03-08,top cryptocurrency prices today bitcoin bnb dogecoin shiba inu gain up to 4,https://economictimes.indiatimes.comhttps://economictimes.indiatimes.com/markets/cryptocurrency/top-cryptocurrency-prices-today-bitcoin-bnb-dogecoin-shiba-inu-gain-up-to-4/articleshow/90067039.cms
2022-03-09,proposed digital currency by rbi to speed up transactions reduce cost of cash deloitte,https://economictimes.indiatimes.comhttps://economictimes.indiatimes.com/industry/banking/finance/banking/proposed-digital-currency-by-rbi-to-speed-up-transactions-reduce-cost-of-cash-deloitte/articleshow/90105069.cms
2022-03-09,rbis forex reserves to help india ward off oil shock indranil sengupta clsa,https://economictimes.indiatimes.comhttps://economictimes.indiatimes.com/markets/expert-view/rbis-forex-reserves-to-help-india-ward-off-oil-shock-indranil-sengupta-clsa/articleshow/90103423.cms
2022-03-09,top cryptocurrency prices today bitcoin terra ethereum zoom up to 14 shiba inu falls,https://economictimes.indiatimes.comhttps://economictimes.indiatimes.com/markets/cryptocurrency/top-cryptocurrency-prices-today-bitcoin-terra-ethereum-zoom-up-to-14-shiba-inu-falls/articleshow/90091583.cms
2022-03-10,top cryptocurrency prices today bitcoin terra ethereum zoom up to 6 shiba inu flat,https://economictimes.indiatimes.comhttps://economictimes.indiatimes.com/markets/cryptocurrency/top-cryptocurrency-prices-today-bitcoin-terra-ethereum-zoom-up-to-6-shiba-inu-flat/articleshow/90115796.cms
2022-03-11,forex reserves rise by usd 394 mn to usd 631 92 bn,https://economictimes.indiatimes.comhttps://economictimes.indiatimes.com/news/economy/indicators/forex-reserves-rise-by-usd-394-mn-to-usd-631-92-bn/articleshow/90153983.cms
2022-03-11,top cryptocurrency prices today bitcoin ethereum bnb shiba inu drop up to 6,https://economictimes.indiatimes.comhttps://economictimes.indiatimes.com/markets/cryptocurrency/top-cryptocurrency-prices-today-bitcoin-ethereum-bnb-shiba-inu-drop-up-to-6/articleshow/90140574.cms
2022-03-12,5 best cryptocurrency apps for beginners 2022,https://economictimes.indiatimes.comhttps://economictimes.indiatimes.com/industry/banking/finance/5-best-cryptocurrency-apps-for-beginners-2022/articleshow/88974411.cms
2022-03-12,8 best cryptocurrency to invest in for february 2022,https://economictimes.indiatimes.comhttps://economictimes.indiatimes.com/industry/banking/finance/8-best-cryptocurrency-to-invest-in-for-february-2022/articleshow/89294758.cms
2022-03-13,sri lanka tightens trade rules to boost currency reserves,https://economictimes.indiatimes.comhttps://economictimes.indiatimes.com/news/international/business/sri-lanka-tightens-trade-rules-to-boost-currency-reserves/articleshow/90176164.cms
2022-03-14,will pay forex debt in rouble russia,https://economictimes.indiatimes.comhttps://economictimes.indiatimes.com/news/international/world-news/will-pay-forex-debt-in-rouble-russia/articleshow/90209799.cms
2022-03-14,ed investigating 7 cases of cryptocurrency usage in money laundering attaches rs 135 crore,https://economictimes.indiatimes.comhttps://economictimes.indiatimes.com/news/india/ed-investigating-7-cases-of-cryptocurrency-usage-in-money-laundering-attaches-rs-135-crore/articleshow/90200012.cms
2022-03-14,top cryptocurrency prices today avalanche bitcoin ethereum shiba inu drop up to 6,https://economictimes.indiatimes.comhttps://economictimes.indiatimes.com/markets/cryptocurrency/top-cryptocurrency-prices-today-avalanche-bitcoin-ethereum-shiba-inu-drop-up-to-6/articleshow/90193446.cms
2022-03-15,no plans to introduce cryptocurrency govt,https://economictimes.indiatimes.comhttps://economictimes.indiatimes.com/news/economy/policy/no-plans-to-introduce-cryptocurrency-govt/articleshow/90224115.cms
2022-03-15,top cryptocurrency prices today terra bitcoin dogecoin shiba inu gain up to 6,https://economictimes.indiatimes.comhttps://economictimes.indiatimes.com/markets/cryptocurrency/top-cryptocurrency-prices-today-terra-bitcoin-dogecoin-shiba-inu-gain-up-to-6/articleshow/90214371.cms
2022-03-15,reason behind rise in foreign currency assets despite dollar selling,https://economictimes.indiatimes.comhttps://economictimes.indiatimes.com/news/economy/finance/reason-behind-rise-in-foreign-currency-assets-despite-dollar-selling/articleshow/90208643.cms
2022-03-16,top cryptocurrency prices today bitcoin ethereum bnb recover after up to 8 plunge,https://economictimes.indiatimes.comhttps://economictimes.indiatimes.com/markets/cryptocurrency/top-cryptocurrency-prices-today-bitcoin-ethereum-bnb-recover-after-up-to-8-plunge/articleshow/90253591.cms
2022-03-17,top cryptocurrency prices today bitcoin avalanche ethereum gain up to 9 terra drops 2,https://economictimes.indiatimes.comhttps://economictimes.indiatimes.com/markets/cryptocurrency/top-cryptocurrency-prices-today-bitcoin-avalanche-ethereum-gain-up-to-9-terra-drops-2/articleshow/90282186.cms
2022-03-18,forex reserves drop nearly 10 bn amid intervention,https://economictimes.indiatimes.comhttps://economictimes.indiatimes.com/markets/stocks/news/forex-reserves-drop-nearly-10-bn-amid-intervention/articleshow/90312590.cms
2022-03-18,top cryptocurrency prices today avalanche jumps 5 solana polkadot and bitcoin drop up to 3,https://economictimes.indiatimes.comhttps://economictimes.indiatimes.com/markets/cryptocurrency/top-cryptocurrency-prices-today-avalanche-jumps-5-solana-polkadot-and-bitcoin-drop-up-to-3/articleshow/90303429.cms
2022-03-19,should you really treat stablecoin as mainstream cryptocurrency,https://economictimes.indiatimes.comhttps://economictimes.indiatimes.com/markets/cryptocurrency/should-you-really-treat-stablecoin-as-mainstream-cryptocurrency/articleshow/90316448.cms
2022-03-20,govt working on classification of cryptocurrency under gst law,https://economictimes.indiatimes.comhttps://economictimes.indiatimes.com/news/economy/policy/govt-working-on-classification-of-cryptocurrency-under-gst-law/articleshow/90333798.cms
2022-03-21,top cryptocurrency prices today bitcoin ethereum dogecoin shiba inu drop up to 6,https://economictimes.indiatimes.comhttps://economictimes.indiatimes.com/markets/cryptocurrency/top-cryptocurrency-prices-today-bitcoin-ethereum-dogecoin-shiba-inu-drop-up-to-6/articleshow/90344438.cms
2022-03-22,top cryptocurrency prices today bitcoin ethereum xrp shiba inu gain up to 7,https://economictimes.indiatimes.comhttps://economictimes.indiatimes.com/markets/cryptocurrency/top-cryptocurrency-prices-today-bitcoin-ethereum-xrp-shiba-inu-gain-up-to-7/articleshow/90366437.cms
2022-03-22,5 best cryptocurrency to day trade in 2022,https://economictimes.indiatimes.comhttps://economictimes.indiatimes.com/industry/banking/finance/5-best-cryptocurrency-to-day-trade-in-2022/articleshow/90377874.cms
2022-03-23,top cryptocurrency prices today bitcoin dogecoin polkadot cardano jump up to 7 avalanche drops 5,https://economictimes.indiatimes.comhttps://economictimes.indiatimes.com/markets/cryptocurrency/top-cryptocurrency-prices-today-bitcoin-dogecoin-polkadot-cardano-jump-up-to-7-avalanche-drops-5/articleshow/90388047.cms
2022-03-23,icai working on paper on cryptocurrency assets,https://economictimes.indiatimes.comhttps://economictimes.indiatimes.com/news/economy/finance/icai-working-on-paper-on-cryptocurrency-assets/articleshow/90383808.cms
2022-03-24,finmin proposes amendments to finance bill seeks to tighten norms for cryptocurrency taxation,https://economictimes.indiatimes.comhttps://economictimes.indiatimes.com/news/economy/policy/finmin-proposes-amendments-to-finance-bill-seeks-to-tighten-norms-for-cryptocurrency-taxation/articleshow/90425278.cms
2022-03-24,top cryptocurrency prices today cardano dogecoin surge up to 13 shibu inu up 5,https://economictimes.indiatimes.comhttps://economictimes.indiatimes.com/markets/cryptocurrency/top-cryptocurrency-prices-today-cardano-dogecoin-surge-up-to-13-shibu-inu-up-5/articleshow/90410326.cms
2022-03-24,top cryptocurrency exchanges not to advertise during ipl,https://economictimes.indiatimes.comhttps://economictimes.indiatimes.com/tech/technology/top-cryptocurrency-exchanges-not-to-advertise-during-ipl/articleshow/90402672.cms
2022-03-25,indias forex reserves fall by another 2 6 billion,https://economictimes.indiatimes.comhttps://economictimes.indiatimes.com/industry/banking/finance/indias-forex-reserves-fall-by-another-2-6-billion/articleshow/90445625.cms
2022-03-25,top cryptocurrency prices today bitcoin nears 44k mark solana cardano gain up to 8,https://economictimes.indiatimes.comhttps://economictimes.indiatimes.com/markets/cryptocurrency/top-cryptocurrency-prices-today-bitcoin-nears-44k-mark-solana-cardano-gain-up-to-8/articleshow/90432353.cms
2022-03-26,sri lankan newspapers run out of newsprint due to forex crisis suspend publication,https://economictimes.indiatimes.comhttps://economictimes.indiatimes.com/news/international/world-news/sri-lankan-newspapers-run-out-of-newsprint-due-to-forex-crisis-suspend-publication/articleshow/90455779.cms
2022-03-28,govt says rs 95 86 crore recovered from 11 cryptocurrency exchanges for gst evasion,https://economictimes.indiatimes.comhttps://economictimes.indiatimes.com/news/economy/finance/govt-says-rs-95-86-crore-recovered-from-11-cryptocurrency-exchanges-for-gst-evasion/articleshow/90495053.cms
2022-03-28,sc asks crypto currency scam accused to disclose username password of bitcoin wallet to ed,https://economictimes.indiatimes.comhttps://economictimes.indiatimes.com/tech/technology/sc-asks-crypto-currency-scam-accused-to-disclose-username-password-of-bitcoin-wallet-to-ed/articleshow/90498289.cms
2022-03-28,top cryptocurrency prices today bitcoin ethereum dogecoin shiba inu gain up to 9,https://economictimes.indiatimes.comhttps://economictimes.indiatimes.com/markets/cryptocurrency/top-cryptocurrency-prices-today-bitcoin-ethereum-dogecoin-shiba-inu-gain-up-to-9/articleshow/90485441.cms
2022-03-29,top cryptocurrency prices today bitcoin ethereum terra shiba inu gain up to 10,https://economictimes.indiatimes.comhttps://economictimes.indiatimes.com/markets/cryptocurrency/top-cryptocurrency-prices-today-bitcoin-ethereum-terra-shiba-inu-gain-up-to-10/articleshow/90509044.cms
2022-03-30,view the problems of cryptocurrency taxation and why it needs a relook,https://economictimes.indiatimes.comhttps://economictimes.indiatimes.com/opinion/et-commentary/view-the-problems-of-cryptocurrency-taxation-and-why-it-needs-a-relook/articleshow/90550554.cms
2022-03-30,top cryptocurrency prices today bitcoin dogecoin fall marginally terra gains 4,https://economictimes.indiatimes.comhttps://economictimes.indiatimes.com/markets/cryptocurrency/top-cryptocurrency-prices-today-bitcoin-dogecoin-fall-marginally-terra-gains-4/articleshow/90531625.cms
2022-03-31,top cryptocurrency prices today solana shiba inu dogecoin rally up to 11 bitcoin drops marginally,https://economictimes.indiatimes.comhttps://economictimes.indiatimes.com/markets/cryptocurrency/top-cryptocurrency-prices-today-solana-shiba-inu-dogecoin-rally-up-to-11-bitcoin-drops-marginally/articleshow/90556622.cms
2022-04-01,forex reserves at 617 65 billion fall by 2 billion in week to march 25,https://economictimes.indiatimes.comhttps://economictimes.indiatimes.com/news/economy/indicators/forex-reserves-at-617-65-billion-fall-by-2-billion-in-week-to-march-25/articleshow/90594568.cms
2022-04-01,2 epf accounts cryptocurrency tax property sale tds rules and other money changes from april 1,https://economictimes.indiatimes.comhttps://economictimes.indiatimes.com/wealth/save/2-epf-accounts-cryptocurrency-tax-property-sale-tds-rules-and-other-money-changes-from-april-1/articleshow/90425511.cms
2022-04-01,india will frame cryptocurrency law only after global consensus,https://economictimes.indiatimes.comhttps://economictimes.indiatimes.com/markets/cryptocurrency/india-will-frame-cryptocurrency-law-only-after-global-consensus/articleshow/90583623.cms
2022-04-01,top cryptocurrency prices today bitcoin dogecoin ethereum shiba inu fall up to 10,https://economictimes.indiatimes.comhttps://economictimes.indiatimes.com/markets/cryptocurrency/top-cryptocurrency-prices-today-bitcoin-dogecoin-ethereum-shiba-inu-fall-up-to-10/articleshow/90582605.cms
2022-04-03,jammu kashmir bank sets up special currency counter at mata vaishno devi shrine,https://economictimes.indiatimes.comhttps://economictimes.indiatimes.com/industry/banking/finance/banking/jammu-kashmir-bank-sets-up-special-currency-counter-at-mata-vaishno-devi-shrine/articleshow/90627424.cms
2022-04-04,top cryptocurrency prices today bitcoin dogecoin ethereum shiba inu gain up to 5,https://economictimes.indiatimes.comhttps://economictimes.indiatimes.com/markets/stocks/news/top-cryptocurrency-prices-today-bitcoin-dogecoin-ethereum-shiba-inu-gain-up-to-5/articleshow/90633764.cms
2022-04-05,tripmoney acquires majority stake in bookmyforex,https://economictimes.indiatimes.comhttps://economictimes.indiatimes.com/industry/services/travel/tripmoney-acquires-majority-stake-in-bookmyforex/articleshow/90670888.cms
2022-04-05,makemytrip acquires foreign exchange services provider bookmyforex,https://economictimes.indiatimes.comhttps://economictimes.indiatimes.com/tech/startups/makemytrip-acquires-foreign-exchange-services-provider-bookmyforex/articleshow/90665777.cms
2022-04-05,tripmoney makemytrips fintech arm buys majority stake in foreign exchange services provider bookmyforex,https://economictimes.indiatimes.comhttps://economictimes.indiatimes.com/industry/services/travel/tripmoney-makemytrips-fintech-arm-buys-majority-stake-in-foreign-exchange-services-provider-bookmyforex/articleshow/90663564.cms
2022-04-05,top cryptocurrency prices today bitcoin ethereum dogecoin jump up to 4 solana falls 3,https://economictimes.indiatimes.comhttps://economictimes.indiatimes.com/markets/cryptocurrency/top-cryptocurrency-prices-today-bitcoin-ethereum-dogecoin-jump-up-to-4-solana-falls-3/articleshow/90654913.cms
2022-04-06,top cryptocurrency prices today solana ethereum avalanche drops 7 dogecoin rises 7,https://economictimes.indiatimes.comhttps://economictimes.indiatimes.com/markets/cryptocurrency/top-cryptocurrency-prices-today-solana-ethereum-avalanche-drops-7-dogecoin-rises-7/articleshow/90676195.cms
2022-04-07,top cryptocurrency prices today solana dogecoin avalanche shiba inu drop up to 12,https://economictimes.indiatimes.comhttps://economictimes.indiatimes.com/markets/cryptocurrency/top-cryptocurrency-prices-today-solana-dogecoin-avalanche-shiba-inu-drop-up-to-12/articleshow/90698092.cms
2022-04-08,forex reserves slide usd 11 17 bln to usd 606 475 bn steepest fall in a week,https://economictimes.indiatimes.comhttps://economictimes.indiatimes.com/news/economy/indicators/forex-reserves-slide-usd-11-17-bln-to-usd-606-475-bn-steepest-fall-in-a-week/articleshow/90731593.cms
2022-04-08,top cryptocurrency prices today dogecoin shiba inu solana avalanche gain up 7,https://economictimes.indiatimes.comhttps://economictimes.indiatimes.com/markets/cryptocurrency/top-cryptocurrency-prices-today-dogecoin-shiba-inu-solana-avalanche-gain-up-7/articleshow/90719085.cms
2022-04-08,indias digital currency needs nuanced approach rbi deputy governor,https://economictimes.indiatimes.comhttps://economictimes.indiatimes.com/news/economy/policy/indias-digital-currency-needs-nuanced-approach-rbi-deputy-governor/articleshow/90714732.cms
2022-04-09,can cryptocurrency be treated as a long term investment,https://economictimes.indiatimes.comhttps://economictimes.indiatimes.com/markets/cryptocurrency/can-cryptocurrency-be-treated-as-a-long-term-investment/articleshow/90739773.cms
2022-04-10,nepal suspends central bank governor amid forex woes,https://economictimes.indiatimes.comhttps://economictimes.indiatimes.com/news/international/world-news/nepal-suspends-central-bank-governor-amid-forex-woes/articleshow/90762798.cms
2022-04-11,top cryptocurrency prices today avalanche terra solana xrp drop up to 8,https://economictimes.indiatimes.comhttps://economictimes.indiatimes.com/markets/cryptocurrency/top-cryptocurrency-prices-today-avalanche-terra-solana-xrp-drop-up-to-8/articleshow/90770275.cms
2022-04-12,top cryptocurrency prices today bitcoin shiba inu solana dogecoin ethereum fall up to 9,https://economictimes.indiatimes.comhttps://economictimes.indiatimes.com/markets/cryptocurrency/top-cryptocurrency-prices-today-bitcoin-shiba-inu-solana-dogecoin-ethereum-fall-up-to-9/articleshow/90790915.cms
2022-04-13,top cryptocurrency prices today shiba inu bitcoin dogecoin ethereum zoom up to 20,https://economictimes.indiatimes.comhttps://economictimes.indiatimes.com/markets/cryptocurrency/top-cryptocurrency-prices-today-shiba-inu-bitcoin-dogecoin-ethereum-zoom-up-to-20/articleshow/90812474.cms
2022-04-14,ed summons execs of xiaomi oneplus over forex violations,https://economictimes.indiatimes.comhttps://economictimes.indiatimes.com/industry/cons-products/electronics/ed-summons-execs-of-xiaomi-oneplus-over-forex-violations/articleshow/90830164.cms
2022-04-16,import cover of forex reserves shrinks 30 percent in fy22,https://economictimes.indiatimes.comhttps://economictimes.indiatimes.com/news/economy/finance/import-cover-of-forex-reserves-shrinks-30-percent-in-fy22/articleshow/90859445.cms
2022-04-17,upi to stay on top bnpl digi currency to drive digital payments growth in next 5 years report,https://economictimes.indiatimes.comhttps://economictimes.indiatimes.com/industry/banking/finance/upi-to-stay-on-top-bnpl-digi-currency-to-drive-digital-payments-growth-in-next-5-years-report/articleshow/90891087.cms
2022-04-18,cryptocurrency exchanges under stress as liquidity providers take a step back due to tds,https://economictimes.indiatimes.comhttps://economictimes.indiatimes.com/tech/technology/cryptocurrency-exchanges-under-stress-as-liquidity-providers-take-a-step-back-due-to-tds/articleshow/90691269.cms
2022-04-18,top cryptocurrency prices today shiba inu bitcoin dogecoin ethereum drop up to 2,https://economictimes.indiatimes.comhttps://economictimes.indiatimes.com/markets/cryptocurrency/top-cryptocurrency-prices-today-shiba-inu-bitcoin-dogecoin-ethereum-drop-up-to-2/articleshow/90903356.cms
2022-04-19,coindcx is now the most valued cryptocurrency exchange in india and its hiring,https://economictimes.indiatimes.comhttps://economictimes.indiatimes.com/wealth/invest/coindcx-is-now-the-most-valued-cryptocurrency-exchange-in-india-and-its-hiring/articleshow/90927867.cms
2022-04-19,top cryptocurrency prices today bitcoin ethereum terra xrp rally up to 14,https://economictimes.indiatimes.comhttps://economictimes.indiatimes.com/markets/cryptocurrency/top-cryptocurrency-prices-today-bitcoin-ethereum-terra-xrp-rally-up-to-14/articleshow/90926946.cms
2022-04-20,weakening our currency detrimental to nations interest goyal,https://economictimes.indiatimes.comhttps://economictimes.indiatimes.com/news/economy/policy/weakening-our-currency-detrimental-to-nations-interest-goyal/articleshow/90962380.cms
2022-04-20,imf official identifies regulating crypto assets and digital currency as priority mid term issues for india,https://economictimes.indiatimes.comhttps://economictimes.indiatimes.com/news/international/world-news/imf-official-identifies-regulating-crypto-assets-and-digital-currency-as-priority-mid-term-issues-for-india/articleshow/90947144.cms
2022-04-20,top cryptocurrency prices today bitcoin ethereum terra solana rally up to 6,https://economictimes.indiatimes.comhttps://economictimes.indiatimes.com/markets/cryptocurrency/top-cryptocurrency-prices-today-bitcoin-ethereum-terra-solana-rally-up-to-6/articleshow/90949486.cms
2022-04-21,top cryptocurrency prices today bitcoin solana xrp avalanche shed up to 2,https://economictimes.indiatimes.comhttps://economictimes.indiatimes.com/markets/cryptocurrency/top-cryptocurrency-prices-today-bitcoin-solana-xrp-avalanche-shed-up-to-2/articleshow/90971124.cms
2022-04-22,forex reserves down usd 311 mn to usd 603 694 bn,https://economictimes.indiatimes.comhttps://economictimes.indiatimes.com/news/economy/indicators/forex-reserves-down-usd-311-mn-to-usd-603-694-bn/articleshow/91009730.cms
2022-04-22,india extends duration of 400 mn currency swap facility with sri lanka,https://economictimes.indiatimes.comhttps://economictimes.indiatimes.com/news/india/india-extends-duration-of-400-mn-currency-swap-facility-with-sri-lanka/articleshow/91002550.cms
2022-04-22,top cryptocurrency prices today bitcoin solana ethereum avalanche shed up to 4,https://economictimes.indiatimes.comhttps://economictimes.indiatimes.com/markets/cryptocurrency/top-cryptocurrency-prices-today-bitcoin-solana-ethereum-avalanche-shed-up-to-4/articleshow/90993435.cms
2022-04-25,top cryptocurrency prices today bitcoin dogecoin xrp solana shed up to 4,https://economictimes.indiatimes.comhttps://economictimes.indiatimes.com/markets/cryptocurrency/top-cryptocurrency-prices-today-bitcoin-dogecoin-xrp-solana-shed-up-to-4/articleshow/91063224.cms
2022-04-26,top cryptocurrency prices today dogecoin ethereum terra rally up to 20 bitcoin above 40500,https://economictimes.indiatimes.comhttps://economictimes.indiatimes.com/markets/cryptocurrency/top-cryptocurrency-prices-today-dogecoin-ethereum-terra-rally-up-to-20-bitcoin-above-40500/articleshow/91089081.cms
2022-04-27,top cryptocurrency prices today dogecoin terra drop 8 each bitcoin falls 5,https://economictimes.indiatimes.comhttps://economictimes.indiatimes.com/markets/cryptocurrency/top-cryptocurrency-prices-today-dogecoin-terra-drop-8-each-bitcoin-falls-5/articleshow/91115671.cms
2022-04-28,top cryptocurrency prices today bitcoin ethereum gain up to 3 dogecoin shina inu fall,https://economictimes.indiatimes.comhttps://economictimes.indiatimes.com/markets/cryptocurrency/top-cryptocurrency-prices-today-bitcoin-ethereum-gain-up-to-3-dogecoin-shina-inu-fall/articleshow/91140116.cms
2022-04-28,india to take a considerate decision on regulation around cryptocurrency nirmala sitharaman,https://economictimes.indiatimes.comhttps://economictimes.indiatimes.com/wealth/invest/india-to-take-a-considerate-decision-on-regulation-around-cryptocurrency-nirmala-sitharaman/articleshow/91140642.cms
2022-04-29,forex reserves down 3 271 bn to 600 423 bn,https://economictimes.indiatimes.comhttps://economictimes.indiatimes.com/news/economy/finance/forex-reserves-down-3-271-bn-to-600-423-bn/articleshow/91182229.cms
2022-04-29,top cryptocurrency prices today bitcoin ethereum bnb gain up to 3 dogecoin shiba inu fall,https://economictimes.indiatimes.comhttps://economictimes.indiatimes.com/markets/cryptocurrency/top-cryptocurrency-prices-today-bitcoin-ethereum-bnb-gain-up-to-3-dogecoin-shiba-inu-fall/articleshow/91168646.cms
2022-04-30,top cryptocurrency prices today bitcoin ethereum dogecoin shiba inu fall up to 6,https://economictimes.indiatimes.comhttps://economictimes.indiatimes.com/markets/cryptocurrency/top-cryptocurrency-prices-today-bitcoin-ethereum-dogecoin-shiba-inu-fall-up-to-6/articleshow/91200734.cms
2022-05-01,ed seizes rs 5551 crore of xiaomi india for alleged forex violation,https://economictimes.indiatimes.comhttps://economictimes.indiatimes.com/industry/cons-products/electronics/ed-seizes-rs-5551-crore-of-xiaomi-india-for-alleged-forex-violation/articleshow/91207014.cms
2022-05-02,top cryptocurrency prices today bitcoin ether solana terra shiba inu gain up to 6,https://economictimes.indiatimes.comhttps://economictimes.indiatimes.com/markets/cryptocurrency/top-cryptocurrency-prices-today-bitcoin-ether-solana-terra-shiba-inu-gain-up-to-6/articleshow/91249366.cms
2022-05-03,top cryptocurrency prices today bitcoin ether terra shiba inu drop up to 3,https://economictimes.indiatimes.comhttps://economictimes.indiatimes.com/markets/cryptocurrency/top-cryptocurrency-prices-today-bitcoin-ether-terra-shiba-inu-drop-up-to-3/articleshow/91280893.cms
2022-05-04,rapid introduction of a central bank digital currency is fraught with risks especially for end users,https://economictimes.indiatimes.comhttps://economictimes.indiatimes.com/opinion/et-commentary/rapid-introduction-of-a-central-bank-digital-currency-is-fraught-with-risks-especially-for-end-users/articleshow/91324711.cms
2022-05-04,top cryptocurrency prices today bitcoin ether terra shiba inu drop up to 2,https://economictimes.indiatimes.comhttps://economictimes.indiatimes.com/markets/cryptocurrency/top-cryptocurrency-prices-today-bitcoin-ether-terra-shiba-inu-drop-up-to-2/articleshow/91303588.cms
2022-05-05,top cryptocurrency prices today bitcoin ether cardano avalanche rise up to 14,https://economictimes.indiatimes.comhttps://economictimes.indiatimes.com/markets/stocks/news/top-cryptocurrency-prices-today-bitcoin-ether-cardano-avalanche-rise-up-to-14/articleshow/91333810.cms
2022-05-06,top cryptocurrency prices today bitcoin avalanche cardano solana tank up to 15,https://economictimes.indiatimes.comhttps://economictimes.indiatimes.com/markets/cryptocurrency/top-cryptocurrency-prices-today-bitcoin-avalanche-cardano-solana-tank-up-to-15/articleshow/91364148.cms
2022-05-07,rbi may aim for forex reserves above 600 billion,https://economictimes.indiatimes.comhttps://economictimes.indiatimes.com/news/economy/policy/rbi-may-aim-for-forex-reserves-above-600-billion/articleshow/91388663.cms
2022-05-08,xiaomi accuses ed of physical violence threats during forex probe,https://economictimes.indiatimes.comhttps://economictimes.indiatimes.com/news/india/xiaomi-accuses-ed-of-physical-violence-threats-during-forex-probe/articleshow/91393727.cms
2022-05-09,rbi intervenes to defend rupee as currency slides to record low,https://economictimes.indiatimes.comhttps://economictimes.indiatimes.com/markets/forex/rbi-intervenes-to-defend-rupee-as-currency-slides-to-record-low/articleshow/91440056.cms
2022-05-10,rbi seen prudent in spending forex reserves to defend rupee,https://economictimes.indiatimes.comhttps://economictimes.indiatimes.com/markets/forex/rbi-seen-prudent-in-spending-forex-reserves-to-defend-rupee/articleshow/91468062.cms
2022-05-11,rbi takes futures ndf route to protect rupee forex,https://economictimes.indiatimes.comhttps://economictimes.indiatimes.com/news/economy/finance/rbi-takes-futures-ndf-route-to-protect-rupee-forex/articleshow/91479504.cms
2022-05-12,forex reserves fall by 28 05 billion in september 2021 march 2022 period rbi report,https://economictimes.indiatimes.comhttps://economictimes.indiatimes.com/news/economy/finance/forex-reserves-fall-by-28-05-billion-in-september-2021-march-2022-period-rbi-report/articleshow/91524158.cms
2022-05-12,share of gold in the forex reserves rises to 7,https://economictimes.indiatimes.comhttps://economictimes.indiatimes.com/news/economy/finance/share-of-gold-in-the-forex-reserves-rises-to-7/articleshow/91523107.cms
2022-05-13,forex reserves fell by 1 7 billion at a slow pace in the week ending may 6,https://economictimes.indiatimes.comhttps://economictimes.indiatimes.com/news/economy/finance/forex-reserves-fell-by-1-7-billion-at-a-slow-pace-in-the-week-ending-may-6/articleshow/91547779.cms
2022-05-13,import cover falls below dec levels as forex kitty shrinks,https://economictimes.indiatimes.comhttps://economictimes.indiatimes.com/markets/forex/import-cover-falls-below-dec-levels-as-forex-kitty-shrinks/articleshow/91529329.cms
2022-05-16,cryptocurrency exchanges want clarity on tds liability if they move operations overseas,https://economictimes.indiatimes.comhttps://economictimes.indiatimes.com/tech/technology/cryptocurrency-exchanges-want-clarity-on-tds-liability-if-they-move-operations-overseas/articleshow/91523701.cms
2022-05-16,vc firms exposed to terra ecosystem take a hit amid broader crash in cryptocurrency market,https://economictimes.indiatimes.comhttps://economictimes.indiatimes.com/tech/technology/vc-firms-exposed-to-terra-ecosystem-take-a-hit-amid-broader-crash-in-cryptocurrency-market/articleshow/91578818.cms
2022-05-17,rbi turns net seller of us currency in march sells 20 101 billion,https://economictimes.indiatimes.comhttps://economictimes.indiatimes.com/markets/forex/rbi-turns-net-seller-of-us-currency-in-march-sells-20-101-billion/articleshow/91623614.cms
2022-05-17,luna investors wealth wiped out what cryptocurrency investors should do,https://economictimes.indiatimes.comhttps://economictimes.indiatimes.com/wealth/invest/luna-investors-wealth-wiped-out-what-cryptocurrency-investors-should-do/articleshow/91548107.cms
2022-05-18,cryptocurrency exchange bitmex launches spot trading in india,https://economictimes.indiatimes.comhttps://economictimes.indiatimes.com/tech/technology/cryptocurrency-exchange-bitmex-launches-spot-trading-in-india/articleshow/91601317.cms
2022-05-19,data is the new currency,https://economictimes.indiatimes.comhttps://economictimes.indiatimes.com/opinion/et-citings/data-is-the-new-currency/articleshow/91672342.cms
2022-05-20,forex reserves down by usd 2 676 billion to usd 593 279 billion,https://economictimes.indiatimes.comhttps://economictimes.indiatimes.com/markets/forex/forex-reserves-down-by-usd-2-676-billion-to-usd-593-279-billion/articleshow/91693718.cms
2022-05-20,smartkarma research which em currency has suffered the most since russias invasion of ukraine,https://economictimes.indiatimes.comhttps://economictimes.indiatimes.com/markets/forex/smartkarma-research-which-em-currency-has-suffered-the-most-since-russias-invasion-of-ukraine/articleshow/91686285.cms
2022-05-20,top cryptocurrency prices today bitcoin ethereum xrp and bnb gain up to 5,https://economictimes.indiatimes.comhttps://economictimes.indiatimes.com/markets/cryptocurrency/top-cryptocurrency-prices-today-bitcoin-ethereum-xrp-and-bnb-gain-up-to-5/articleshow/91679117.cms
2022-05-24,top cryptocurrency prices today bitcoin ethereum solana avalanche drop up to 5 per cent,https://economictimes.indiatimes.comhttps://economictimes.indiatimes.com/markets/cryptocurrency/top-cryptocurrency-prices-today-bitcoin-ethereum-solana-avalanche-drop-up-to-5-per-cent/articleshow/91756897.cms
2022-05-24,forex kitty may fall furtherbut can fund 9 mths imports,https://economictimes.indiatimes.comhttps://economictimes.indiatimes.com/markets/forex/forex-kitty-may-fall-furtherbut-can-fund-9-mths-imports/articleshow/91754441.cms
2022-05-24,sri lanka seeks usd 500 million loan from india for fuel purchases amid forex crisis,https://economictimes.indiatimes.comhttps://economictimes.indiatimes.com/news/international/world-news/sri-lanka-seeks-usd-500-million-loan-from-india-for-fuel-purchases-amid-forex-crisis/articleshow/91760246.cms
2022-05-25,cryptocurrency crash devalues ukraines government crypto fundraise,https://economictimes.indiatimes.comhttps://economictimes.indiatimes.com/markets/cryptocurrency/cryptocurrency-crash-devalues-ukraines-government-crypto-fundraise/articleshow/91782244.cms
2022-05-25,top cryptocurrency prices today bitcoin bnb tron ethereum gain up to 6,https://economictimes.indiatimes.comhttps://economictimes.indiatimes.com/markets/cryptocurrency/top-cryptocurrency-prices-today-bitcoin-bnb-tron-ethereum-gain-up-to-6/articleshow/91779523.cms
2022-05-25,holcim takes a 5 billion currency cover against adani deal receivables,https://economictimes.indiatimes.comhttps://economictimes.indiatimes.com/industry/indl-goods/svs/cement/holcim-takes-a-5-billion-currency-cover-against-adani-deal-receivables/articleshow/91776566.cms
2022-05-26,top cryptocurrency prices today ethereum solana polkadot avalanche drop up to 5,https://economictimes.indiatimes.comhttps://economictimes.indiatimes.com/markets/cryptocurrency/top-cryptocurrency-prices-today-ethereum-solana-polkadot-avalanche-drop-up-to-5/articleshow/91803066.cms
2022-05-26,feds brainard sees case for central bank digital currency,https://economictimes.indiatimes.comhttps://economictimes.indiatimes.com/markets/cryptocurrency/feds-brainard-sees-case-for-central-bank-digital-currency/articleshow/91801765.cms
2022-05-26,no slump for pump and dump cryptocurrency gangs,https://economictimes.indiatimes.comhttps://economictimes.indiatimes.com/markets/cryptocurrency/no-slump-for-pump-and-dump-cryptocurrency-gangs/articleshow/91806786.cms
2022-05-27,russia mulls allowing cryptocurrency for international payments,https://economictimes.indiatimes.comhttps://economictimes.indiatimes.com/tech/technology/russia-mulls-allowing-cryptocurrency-for-international-payments/articleshow/91839654.cms
2022-05-27,forex reserves spiked snapping nine shrinkages now at 598 bn,https://economictimes.indiatimes.comhttps://economictimes.indiatimes.com/news/economy/indicators/forex-reserves-spiked-snapping-nine-shrinkages-now-at-598-bn/articleshow/91838064.cms
2022-05-28,growth in the value and volume of currency in circulation slowed in last fiscal,https://economictimes.indiatimes.comhttps://economictimes.indiatimes.com/news/economy/indicators/growth-in-the-value-and-volume-of-currency-in-circulation-slowed-in-last-fiscal/articleshow/91833197.cms
2022-05-29,us feds interest rate hike has made the dollar appreciate against every currency including the rupee,https://economictimes.indiatimes.comhttps://economictimes.indiatimes.com/opinion/et-commentary/us-feds-interest-rate-hike-has-made-the-dollar-appreciate-against-every-currency-including-the-rupee/articleshow/91875194.cms
2022-05-30,rupee trades firm vs us dollar rbis forex reserves rise after falling for nine straight weeks,https://economictimes.indiatimes.comhttps://economictimes.indiatimes.com/markets/forex/rupee-trades-firm-vs-us-dollar-rbis-forex-reserves-rise-after-falling-for-nine-straight-weeks/articleshow/91883576.cms
2022-05-30,how to step up handling of forex related issues faced by exporters,https://economictimes.indiatimes.comhttps://economictimes.indiatimes.com/small-biz/trade/exports/process/how-to-step-up-handling-of-forex-related-issues-faced-by-exporters/articleshow/91881950.cms
2022-05-30,forex dollar drifts toward monthly loss as fed bets ease,https://economictimes.indiatimes.comhttps://economictimes.indiatimes.com/markets/forex/forex-dollar-drifts-toward-monthly-loss-as-fed-bets-ease/articleshow/91878504.cms
2022-06-02,microsoft warns of forex hit cuts forecast,https://economictimes.indiatimes.comhttps://economictimes.indiatimes.com/markets/stocks/news/microsoft-warns-of-forex-hit-cuts-forecast/articleshow/91968268.cms
2022-06-02,currency turmoil risks undermining sovereign green bond sale,https://economictimes.indiatimes.comhttps://economictimes.indiatimes.com/markets/bonds/currency-turmoil-risks-undermining-sovereign-green-bond-sale/articleshow/91953938.cms
2022-06-03,forex reserves up by 3 854 billion to 601 363 billion,https://economictimes.indiatimes.comhttps://economictimes.indiatimes.com/news/economy/finance/forex-reserves-up-by-3-854-billion-to-601-363-billion/articleshow/91990409.cms
2022-06-06,rbi clarifies no change in existing indian currency and banknotes,https://economictimes.indiatimes.comhttps://economictimes.indiatimes.com/news/economy/policy/rbi-clarifies-no-change-in-existing-indian-currency-and-banknotes/articleshow/92035627.cms
2022-06-06,indias central bank denies reports that it is replacing mahatma gandhi with tagore and kalam on currency notes,https://economictimes.indiatimes.comhttps://economictimes.indiatimes.com/wealth/save/indias-central-bank-denies-reports-that-it-is-replacing-mahatma-gandhi-with-tagore-and-kalam-on-currency-notes/articleshow/92037998.cms
2022-06-06,need to make indian banks currency important part of international trade supply chain pm modi,https://economictimes.indiatimes.comhttps://economictimes.indiatimes.com/news/economy/policy/need-to-make-indian-banks-currency-important-part-of-international-trade-supply-chain-pm-modi/articleshow/92032854.cms
2022-06-07,us senators unveil bill to regulate cryptocurrency,https://economictimes.indiatimes.comhttps://economictimes.indiatimes.com/news/international/business/us-senators-unveil-bill-to-regulate-cryptocurrency/articleshow/92066649.cms
2022-06-07,cryptocurrency fraud pune police file charge sheet against ex ips officer cyber expert,https://economictimes.indiatimes.comhttps://economictimes.indiatimes.com/news/india/cryptocurrency-fraud-pune-police-file-charge-sheet-against-ex-ips-officer-cyber-expert/articleshow/92056090.cms
2022-06-08,limited impact on telcos from interest rate hike forex fluctuations jp morgan,https://economictimes.indiatimes.comhttps://economictimes.indiatimes.com/industry/telecom/telecom-news/limited-impact-on-telcos-from-interest-rate-hike-forex-fluctuations-jp-morgan/articleshow/92084074.cms
2022-06-08,top cryptocurrency prices today bitcoin ethereum cardano avalanche zoom up to 10,https://economictimes.indiatimes.comhttps://economictimes.indiatimes.com/markets/cryptocurrency/top-cryptocurrency-prices-today-bitcoin-ethereum-cardano-avalanche-zoom-up-to-10/articleshow/92072850.cms
2022-06-08,u s senators unveil bill to regulate cryptocurrency,https://economictimes.indiatimes.comhttps://economictimes.indiatimes.com/markets/cryptocurrency/crypto-influencers/u-s-senators-unveil-bill-to-regulate-cryptocurrency/articleshow/92071834.cms
2022-06-09,top cryptocurrency prices today avalanche drops 3 bitcoin solana shiba inu shed 2 each,https://economictimes.indiatimes.comhttps://economictimes.indiatimes.com/markets/cryptocurrency/top-cryptocurrency-prices-today-avalanche-drops-3-bitcoin-solana-shiba-inu-shed-2-each/articleshow/92095691.cms
2022-06-10,forex reserves down by usd 306 mn at usd 601 057 bn,https://economictimes.indiatimes.comhttps://economictimes.indiatimes.com/markets/forex/forex-reserves-down-by-usd-306-mn-at-usd-601-057-bn/articleshow/92131369.cms
2022-06-10,top cryptocurrency prices today solana polkadot rally up to 5 avalanche drops 3,https://economictimes.indiatimes.comhttps://economictimes.indiatimes.com/markets/cryptocurrency/top-cryptocurrency-prices-today-solana-polkadot-rally-up-to-5-avalanche-drops-3/articleshow/92118666.cms
2022-06-10,crypto currencies yet to pass test of fiat currency cea,https://economictimes.indiatimes.comhttps://economictimes.indiatimes.com/tech/technology/crypto-currencies-yet-to-pass-test-of-fiat-currency-cea/articleshow/92101005.cms
2022-06-11,forex reserves down by 306 million at 601 057 billion,https://economictimes.indiatimes.comhttps://economictimes.indiatimes.com/markets/forex/forex-reserves-down-by-306-million-at-601-057-billion/articleshow/92140490.cms
2022-06-13,big b introduces new kbc season with quip on gps enabled currency notes clip goes viral,https://economictimes.indiatimes.comhttps://economictimes.indiatimes.com/magazines/panache/big-b-introduces-new-kbc-season-with-quip-on-gps-enabled-currency-notes-clip-goes-viral/articleshow/92172863.cms
2022-06-13,top cryptocurrency prices today bitcoin ethereum hit 18 month lows avalanche xrp cardano solana plunge up to 15,https://economictimes.indiatimes.comhttps://economictimes.indiatimes.com/markets/cryptocurrency/top-cryptocurrency-prices-today-bitcoin-ethereum-hit-18-month-lows-avalanche-xrp-cardano-solana-plunge-up-to-15/articleshow/92171159.cms
2022-06-15,top cryptocurrency prices today bitcoin ethereum bnb solana zoom up to 6,https://economictimes.indiatimes.comhttps://economictimes.indiatimes.com/markets/cryptocurrency/top-cryptocurrency-prices-today-bitcoin-ethereum-bnb-solana-zoom-up-to-6/articleshow/92218874.cms
2022-06-16,cryptocurrency market turmoil underscores urgent need for regulation us treasury,https://economictimes.indiatimes.comhttps://economictimes.indiatimes.com/tech/technology/cryptocurrency-market-turmoil-underscores-urgent-need-for-regulation-us-treasury/articleshow/92259243.cms
2022-06-16,sri lanka in engagement with china to amend terms of usd 1 5 billion currency swap deal report,https://economictimes.indiatimes.comhttps://economictimes.indiatimes.com/news/international/world-news/sri-lanka-in-engagement-with-china-to-amend-terms-of-usd-1-5-billion-currency-swap-deal-report/articleshow/92250160.cms
2022-06-16,crypto prices today live news bitcoin dogecoin ethereum shibha inu cryptocurrency latest updates 16 june 2022,https://economictimes.indiatimes.comhttps://economictimes.indiatimes.com/markets/cryptocurrency/crypto-prices-today-live-news-bitcoin-dogecoin-ethereum-shibha-inu-cryptocurrency-latest-updates-16-june-2022/articleshow/92244141.cms
2022-06-17,forex reserves down by 4 599 billion to 596 458 billion,https://economictimes.indiatimes.comhttps://economictimes.indiatimes.com/news/economy/indicators/forex-reserves-down-by-4-599-billion-to-596-458-billion/articleshow/92285086.cms
2022-06-17,crypto prices today live news bitcoin dogecoin ethereum shibha inu cryptocurrency latest updates 17 june 2022,https://economictimes.indiatimes.comhttps://economictimes.indiatimes.com/markets/cryptocurrency/crypto-prices-today-live-news-bitcoin-dogecoin-ethereum-shibha-inu-cryptocurrency-latest-updates-17-june-2022/articleshow/92270731.cms
2022-06-18,rising cad outflows may force rbi to rethink currency plans,https://economictimes.indiatimes.comhttps://economictimes.indiatimes.com/markets/stocks/news/rising-cad-outflows-may-force-rbi-to-rethink-currency-plans/articleshow/92294202.cms
2022-06-20,crypto prices today live news bitcoin dogecoin ethereum shibha inu cryptocurrency latest updates 20 june 2022,https://economictimes.indiatimes.comhttps://economictimes.indiatimes.com/markets/cryptocurrency/crypto-prices-today-live-news-bitcoin-dogecoin-ethereum-shibha-inu-cryptocurrency-latest-updates-20-june-2022/articleshow/92326586.cms
2022-06-21,crypto prices today live news bitcoin dogecoin ethereum shibha inu cryptocurrency latest updates 21 june 2022,https://economictimes.indiatimes.comhttps://economictimes.indiatimes.com/markets/cryptocurrency/crypto-prices-today-live-news-bitcoin-dogecoin-ethereum-shibha-inu-cryptocurrency-latest-updates-21-june-2022/articleshow/92349559.cms
2022-06-22,next cryptocurrency to explode in 2022,https://economictimes.indiatimes.comhttps://economictimes.indiatimes.com/wealth/invest/next-cryptocurrency-to-explode-in-2022/articleshow/92383881.cms
2022-06-22,crypto prices today live news bitcoin dogecoin ethereum shibha inu cryptocurrency latest updates 22 june 2022,https://economictimes.indiatimes.comhttps://economictimes.indiatimes.com/markets/cryptocurrency/crypto-prices-today-live-news-bitcoin-dogecoin-ethereum-shibha-inu-cryptocurrency-latest-updates-22-june-2022/articleshow/92376350.cms
2022-06-23,brics working on new global reserve currency and alternative mechanism for intl payments vladimir putin,https://economictimes.indiatimes.comhttps://economictimes.indiatimes.com/news/international/world-news/brics-working-on-new-global-reserve-currency-and-alternative-mechanism-for-intl-payments-vladimir-putin/articleshow/92407851.cms
2022-06-23,crypto prices today live news bitcoin dogecoin ethereum shibha inu cryptocurrency latest updates 23 june 2022,https://economictimes.indiatimes.comhttps://economictimes.indiatimes.com/markets/cryptocurrency/crypto-prices-today-live-news-bitcoin-dogecoin-ethereum-shibha-inu-cryptocurrency-latest-updates-23-june-2022/articleshow/92401071.cms
2022-06-24,choosing your next ev will get easier as multi brand showrooms gain currency in india,https://economictimes.indiatimes.comhttps://economictimes.indiatimes.com/industry/renewables/choosing-your-next-ev-will-get-easier-as-multi-brand-showrooms-gain-currency-in-india/articleshow/92416002.cms
2022-06-24,indias forex reserves fell 11 billion in last three weeks,https://economictimes.indiatimes.comhttps://economictimes.indiatimes.com/news/economy/indicators/indias-forex-reserves-fell-11-billion-in-last-three-weeks/articleshow/92438856.cms
2022-06-24,as rupee plunges against dollar importers bet big on currency hedges,https://economictimes.indiatimes.comhttps://economictimes.indiatimes.com/news/economy/foreign-trade/as-rupee-plunges-against-dollar-importers-bet-big-on-currency-hedges/articleshow/92422809.cms
2022-06-25,sri lanka limits foreign currency possession by individuals to support dwindling forex reserve,https://economictimes.indiatimes.comhttps://economictimes.indiatimes.com/news/international/world-news/sri-lanka-limits-foreign-currency-possession-by-individuals-to-support-dwindling-forex-reserve/articleshow/92454605.cms
2022-06-25,currency woes rupee likely to weaken to rs 79 vs usd in 2 months,https://economictimes.indiatimes.comhttps://economictimes.indiatimes.com/markets/forex/currency-woes-rupee-likely-to-weaken-to-rs-79-vs-usd-in-2-months/articleshow/92448360.cms
2022-06-26,sensex bounces back but rupee falls could this be a sign of currency appreciation,https://economictimes.indiatimes.comhttps://economictimes.indiatimes.com/markets/stocks/news/sensex-bounces-back-but-rupee-falls-could-this-be-a-sign-of-currency-appreciation/articleshow/92469126.cms
2022-06-27,is cryptocurrency story over 4 things crypto investors should know to navigate the high risk arena,https://economictimes.indiatimes.comhttps://economictimes.indiatimes.com/wealth/invest/is-cryptocurrency-story-over-4-things-crypto-investors-should-know-to-navigate-the-high-risk-arena/articleshow/92441791.cms
2022-06-27,crypto prices today live news bitcoin dogecoin ethereum shibha inu cryptocurrency latest updates 27 june 2022,https://economictimes.indiatimes.comhttps://economictimes.indiatimes.com/markets/cryptocurrency/crypto-prices-today-live-news-bitcoin-dogecoin-ethereum-shibha-inu-cryptocurrency-latest-updates-27-june-2022/articleshow/92481429.cms
2022-06-28,crypto prices today live news bitcoin dogecoin ethereum shibha inu cryptocurrency latest updates 28 june 2022,https://economictimes.indiatimes.comhttps://economictimes.indiatimes.com/markets/cryptocurrency/crypto-prices-today-live-news-bitcoin-dogecoin-ethereum-shibha-inu-cryptocurrency-latest-updates-28-june-2022/articleshow/92507905.cms
2022-06-29,reserve bank of india may need to tweak forex strategy let rupee weaken say analysts,https://economictimes.indiatimes.comhttps://economictimes.indiatimes.com/news/economy/policy/reserve-bank-of-india-may-need-to-tweak-forex-strategy-let-rupee-weaken-say-analysts/articleshow/92542518.cms
2022-06-29,crypto prices today live news bitcoin dogecoin ethereum shibha inu cryptocurrency latest updates 29 june 2022,https://economictimes.indiatimes.comhttps://economictimes.indiatimes.com/markets/cryptocurrency/crypto-prices-today-live-news-bitcoin-dogecoin-ethereum-shibha-inu-cryptocurrency-latest-updates-29-june-2022/articleshow/92533468.cms
2022-06-30,crypto prices today live news bitcoin dogecoin ethereum shibha inu cryptocurrency latest updates 30 june 2022,https://economictimes.indiatimes.comhttps://economictimes.indiatimes.com/markets/cryptocurrency/crypto-prices-today-live-news-bitcoin-dogecoin-ethereum-shibha-inu-cryptocurrency-latest-updates-30-june-2022/articleshow/92560458.cms
2022-07-01,crypto prices today live news bitcoin dogecoin ethereum shibha inu cryptocurrency latest updates 01 july 2022,https://economictimes.indiatimes.comhttps://economictimes.indiatimes.com/markets/cryptocurrency/crypto-prices-today-live-news-bitcoin-dogecoin-ethereum-shibha-inu-cryptocurrency-latest-updates-01-july-2022/articleshow/92587594.cms
2022-07-01,dollar shortage may hit cos with overseas currency borrowings,https://economictimes.indiatimes.comhttps://economictimes.indiatimes.com/markets/forex/dollar-shortage-may-hit-cos-with-overseas-currency-borrowings/articleshow/92584712.cms
2022-07-02,indias forex reserves rise 2 73 billion after three week of fall,https://economictimes.indiatimes.comhttps://economictimes.indiatimes.com/news/economy/indicators/indias-forex-reserves-rise-2-73-billion-after-three-week-of-fall/articleshow/92613647.cms
2022-07-04,crypto prices today live news bitcoin dogecoin ethereum shibha inu cryptocurrency latest updates 04 july 2022,https://economictimes.indiatimes.comhttps://economictimes.indiatimes.com/markets/cryptocurrency/crypto-prices-today-live-news-bitcoin-dogecoin-ethereum-shibha-inu-cryptocurrency-latest-updates-04-july-2022/articleshow/92643413.cms
2022-07-05,redemption pressure of short term debt to add to rbis forex management challenges,https://economictimes.indiatimes.comhttps://economictimes.indiatimes.com/news/economy/finance/redemption-pressure-of-short-term-debt-to-add-to-rbis-forex-management-challenges/articleshow/92682610.cms
2022-07-05,crypto prices today live news bitcoin dogecoin ethereum shibha inu cryptocurrency latest updates 05 july 2022,https://economictimes.indiatimes.comhttps://economictimes.indiatimes.com/markets/cryptocurrency/crypto-prices-today-live-news-bitcoin-dogecoin-ethereum-shibha-inu-cryptocurrency-latest-updates-05-july-2022/articleshow/92666702.cms
2022-07-05,want to save bonds sacrifice equity want to save equity sacrifice currency maneesh dangi,https://economictimes.indiatimes.comhttps://economictimes.indiatimes.com/markets/expert-view/want-to-save-bonds-sacrifice-equity-want-to-save-equity-sacrifice-currency-maneesh-dangi/articleshow/92657564.cms
2022-07-06,rbi announces steps to increase forex inflows,https://economictimes.indiatimes.comhttps://economictimes.indiatimes.com/news/economy/policy/rbi-announces-steps-to-increase-forex-inflows/articleshow/92701665.cms
2022-07-06,crypto prices today live news bitcoin dogecoin ethereum shibha inu cryptocurrency latest updates 06 july 2022,https://economictimes.indiatimes.comhttps://economictimes.indiatimes.com/markets/cryptocurrency/crypto-prices-today-live-news-bitcoin-dogecoin-ethereum-shibha-inu-cryptocurrency-latest-updates-06-july-2022/articleshow/92690376.cms
2022-07-07,rbi notifies measures to boost forex inflows,https://economictimes.indiatimes.comhttps://economictimes.indiatimes.com/news/economy/finance/rbi-notifies-measures-to-boost-forex-inflows/articleshow/92729296.cms
2022-07-07,how rbis booster dose will fill up forex reserves and arrest res fall,https://economictimes.indiatimes.comhttps://economictimes.indiatimes.com/news/economy/finance/how-rbis-booster-dose-will-fill-up-forex-reserves-and-arrest-res-fall/articleshow/92707563.cms
2022-07-08,crypto prices today live news bitcoin dogecoin ethereum shibha inu cryptocurrency latest updates 08 july 2022,https://economictimes.indiatimes.comhttps://economictimes.indiatimes.com/markets/stocks/news/crypto-prices-today-live-news-bitcoin-dogecoin-ethereum-shibha-inu-cryptocurrency-latest-updates-08-july-2022/articleshow/92738765.cms
2022-07-08,crypto prices today live news bitcoin dogecoin ethereum shibha inu cryptocurrency latest updates 07 july 2022,https://economictimes.indiatimes.comhttps://economictimes.indiatimes.com/markets/cryptocurrency/crypto-prices-today-live-news-bitcoin-dogecoin-ethereum-shibha-inu-cryptocurrency-latest-updates-07-july-2022/articleshow/92713759.cms
2022-07-08,tcs q1 dollar revenue growth expected to be lower amid cross currency headwinds,https://economictimes.indiatimes.comhttps://economictimes.indiatimes.com/markets/stocks/earnings/tcs-q1-dollar-revenue-growth-expected-to-be-lower-amid-cross-currency-headwinds/articleshow/92722395.cms
2022-07-11,crypto prices today live news bitcoin dogecoin ethereum shibha inu cryptocurrency latest updates 11 july 2022,https://economictimes.indiatimes.comhttps://economictimes.indiatimes.com/markets/cryptocurrency/crypto-prices-today-live-news-bitcoin-dogecoin-ethereum-shibha-inu-cryptocurrency-latest-updates-11-july-2022/articleshow/92793483.cms
2022-07-11,best forex signals providers 2022,https://economictimes.indiatimes.comhttps://economictimes.indiatimes.com/wealth/invest/best-forex-signals-providers-2022/articleshow/92796031.cms
2022-07-12,crypto prices today live news bitcoin dogecoin ethereum shibha inu cryptocurrency latest updates 12 july 2022,https://economictimes.indiatimes.comhttps://economictimes.indiatimes.com/markets/cryptocurrency/crypto-prices-today-live-news-bitcoin-dogecoin-ethereum-shibha-inu-cryptocurrency-latest-updates-12-july-2022/articleshow/92816921.cms
2022-07-13,banks revise foreign currency deposit rates in response to rbi relaxation last week,https://economictimes.indiatimes.comhttps://economictimes.indiatimes.com/industry/banking/finance/banking/banks-revise-foreign-currency-deposit-rates-in-response-to-rbi-relaxation-last-week/articleshow/92852821.cms
2022-07-13,crypto prices today live news bitcoin dogecoin ethereum shibha inu cryptocurrency latest updates 13 july 2022,https://economictimes.indiatimes.comhttps://economictimes.indiatimes.com/markets/cryptocurrency/crypto-prices-today-live-news-bitcoin-dogecoin-ethereum-shibha-inu-cryptocurrency-latest-updates-13-july-2022/articleshow/92840822.cms
2022-07-13,sbi icici bank hike foreign currency deposit rates,https://economictimes.indiatimes.comhttps://economictimes.indiatimes.com/markets/forex/sbi-icici-bank-hike-foreign-currency-deposit-rates/articleshow/92839312.cms
2022-07-13,some mnc banks suggest earlier start to forex trades for t1 switch,https://economictimes.indiatimes.comhttps://economictimes.indiatimes.com/markets/forex/some-mnc-banks-suggest-earlier-start-to-forex-trades-for-t1-switch/articleshow/92839123.cms
2022-07-14,url crypto prices today live news bitcoin dogecoin ethereum shibha inu cryptocurrency latest updates 14 july 2022,https://economictimes.indiatimes.comhttps://economictimes.indiatimes.com/markets/cryptocurrency/url-crypto-prices-today-live-news-bitcoin-dogecoin-ethereum-shibha-inu-cryptocurrency-latest-updates-14-july-2022/articleshow/92865449.cms
2022-07-14,rupee settlement may bring annual savings of 36 billion in hard currency,https://economictimes.indiatimes.comhttps://economictimes.indiatimes.com/news/economy/finance/rupee-settlement-may-bring-annual-savings-of-36-billion-in-hard-currency/articleshow/92838666.cms
2022-07-14,cash strapped pak may face serious economic crisis amid fast depleting forex reserves,https://economictimes.indiatimes.comhttps://economictimes.indiatimes.com/news/international/business/cash-strapped-pak-may-face-serious-economic-crisis-amid-fast-depleting-forex-reserves/articleshow/92847714.cms
2022-07-15,crypto prices today live news bitcoin dogecoin ethereum shibha inu cryptocurrency latest updates 15 july 2022,https://economictimes.indiatimes.comhttps://economictimes.indiatimes.com/markets/cryptocurrency/crypto-prices-today-live-news-bitcoin-dogecoin-ethereum-shibha-inu-cryptocurrency-latest-updates-15-july-2022/articleshow/92889333.cms
2022-07-15,forex reserves fall to 580 3 billion,https://economictimes.indiatimes.comhttps://economictimes.indiatimes.com/news/economy/indicators/forex-reserves-fall-to-580-3-billion/articleshow/92903353.cms
2022-07-16,rbi dive in forex markets keeps rupee from sinking below 80,https://economictimes.indiatimes.comhttps://economictimes.indiatimes.com/news/economy/policy/rbi-dive-in-forex-markets-keeps-rupee-from-sinking-below-80/articleshow/92910469.cms
2022-07-18,crypto prices today live news bitcoin dogecoin ethereum shibha inu cryptocurrency latest updates 18 july 2022,https://economictimes.indiatimes.comhttps://economictimes.indiatimes.com/markets/cryptocurrency/crypto-prices-today-live-news-bitcoin-dogecoin-ethereum-shibha-inu-cryptocurrency-latest-updates-18-july-2022/articleshow/92945466.cms
2022-07-18,netherlands fines 3 million euros on cryptocurrency exchange binance,https://economictimes.indiatimes.comhttps://economictimes.indiatimes.com/tech/technology/netherlands-fines-3-million-euros-on-cryptocurrency-exchange-binance/articleshow/92956920.cms
2022-07-18,rupee near 80 vs dollar stocks that can gain lose from weakening currency,https://economictimes.indiatimes.comhttps://economictimes.indiatimes.com/markets/stocks/news/rupee-near-80-vs-dollar-stocks-that-can-gain-lose-from-weakening-currency/articleshow/92895111.cms
2022-07-18,companies with overseas liabilities rush to cover currency risk,https://economictimes.indiatimes.comhttps://economictimes.indiatimes.com/industry/banking/finance/companies-with-overseas-liabilities-rush-to-cover-currency-risk/articleshow/92943366.cms
2022-07-20,crypto prices today live news bitcoin dogecoin ethereum shibha inu cryptocurrency latest updates 20 july 2022,https://economictimes.indiatimes.comhttps://economictimes.indiatimes.com/markets/cryptocurrency/crypto-prices-today-live-news-bitcoin-dogecoin-ethereum-shibha-inu-cryptocurrency-latest-updates-20-july-2022/articleshow/92994519.cms
2022-07-20,shibani sircar kurian on how to protect portfolio against currency weakness,https://economictimes.indiatimes.comhttps://economictimes.indiatimes.com/markets/expert-view/shibani-sircar-kurian-on-how-to-protect-portfolio-against-currency-weakness/articleshow/92984642.cms
2022-07-20,rbi centre could take steps to halt currency slide,https://economictimes.indiatimes.comhttps://economictimes.indiatimes.com/news/economy/policy/rbi-centre-could-take-steps-to-halt-currency-slide/articleshow/92991405.cms
2022-07-21,crypto prices today live news bitcoin dogecoin ethereum shibha inu cryptocurrency latest updates 21 july 2022,https://economictimes.indiatimes.comhttps://economictimes.indiatimes.com/markets/cryptocurrency/crypto-prices-today-live-news-bitcoin-dogecoin-ethereum-shibha-inu-cryptocurrency-latest-updates-21-july-2022/articleshow/93018452.cms
2022-07-21,crypto prices today live news bitcoin dogecoin ethereum shibha inu cryptocurrency latest updates 19 july 2022,https://economictimes.indiatimes.comhttps://economictimes.indiatimes.com/markets/cryptocurrency/crypto-prices-today-live-news-bitcoin-dogecoin-ethereum-shibha-inu-cryptocurrency-latest-updates-19-july-2022/articleshow/92969446.cms
2022-07-21,reserve bank implementing central digital currency in phases rbi executive director ajay kumar choudhary,https://economictimes.indiatimes.comhttps://economictimes.indiatimes.com/news/economy/policy/reserve-bank-implementing-central-digital-currency-in-phases-rbi-executive-director-ajay-kumar-choudhary/articleshow/93013406.cms
2022-07-22,crypto prices today live news bitcoin dogecoin ethereum shibha inu cryptocurrency latest updates 22 july 2022,https://economictimes.indiatimes.comhttps://economictimes.indiatimes.com/markets/cryptocurrency/crypto-prices-today-live-news-bitcoin-dogecoin-ethereum-shibha-inu-cryptocurrency-latest-updates-22-july-2022/articleshow/93042884.cms
2022-07-22,crypto logical extension of fintech its use as asset currency a challenge mos it,https://economictimes.indiatimes.comhttps://economictimes.indiatimes.com/markets/cryptocurrency/crypto-logical-extension-of-fintech-its-use-as-asset-currency-a-challenge-mos-it/articleshow/93049204.cms
2022-07-22,two indian brothers their indian american friend charged in first ever cryptocurrency insider trading case,https://economictimes.indiatimes.comhttps://economictimes.indiatimes.com/markets/stocks/news/two-indian-brothers-their-indian-american-friend-charged-in-first-ever-cryptocurrency-insider-trading-case/articleshow/93045667.cms
2022-07-22,have zero tolerance for wild swings in the forex market rbi governor shaktikanta das,https://economictimes.indiatimes.comhttps://economictimes.indiatimes.com/news/economy/indicators/have-zero-tolerance-for-wild-swings-in-the-forex-market-rbi-governor-shaktikanta-das/articleshow/93044781.cms
2022-07-25,crypto prices today live news bitcoin dogecoin ethereum shibha inu cryptocurrency latest updates 25 july 2022,https://economictimes.indiatimes.comhttps://economictimes.indiatimes.com/markets/cryptocurrency/crypto-prices-today-live-news-bitcoin-dogecoin-ethereum-shibha-inu-cryptocurrency-latest-updates-25-july-2022/articleshow/93100520.cms
2022-07-26,crypto prices today live news bitcoin dogecoin ethereum shibha inu cryptocurrency latest updates 26 july 2022,https://economictimes.indiatimes.comhttps://economictimes.indiatimes.com/markets/cryptocurrency/crypto-prices-today-live-news-bitcoin-dogecoin-ethereum-shibha-inu-cryptocurrency-latest-updates-26-july-2022/articleshow/93125580.cms
2022-07-27,crypto prices today live news bitcoin dogecoin ethereum shibha inu cryptocurrency latest updates 27 july 2022,https://economictimes.indiatimes.comhttps://economictimes.indiatimes.com/markets/cryptocurrency/crypto-prices-today-live-news-bitcoin-dogecoin-ethereum-shibha-inu-cryptocurrency-latest-updates-27-july-2022/articleshow/93150912.cms
2022-07-27,isro earns 279 million in forex through satellite launches,https://economictimes.indiatimes.comhttps://economictimes.indiatimes.com/news/science/isro-earns-279-million-in-forex-through-satellite-launches/articleshow/93159973.cms
2022-07-27,8 new cryptocurrency presales to invest in for 10x 2022,https://economictimes.indiatimes.comhttps://economictimes.indiatimes.com/wealth/invest/8-new-cryptocurrency-presales-to-invest-in-for-10x-2022/articleshow/93155118.cms
2022-07-27,8 best cryptocurrency to invest in 2022,https://economictimes.indiatimes.comhttps://economictimes.indiatimes.com/wealth/invest/8-best-cryptocurrency-to-invest-in-2022/articleshow/93154770.cms
2022-07-28,crypto prices today live news bitcoin dogecoin ethereum shibha inu cryptocurrency latest updates 28 july 2022,https://economictimes.indiatimes.comhttps://economictimes.indiatimes.com/markets/cryptocurrency/crypto-prices-today-live-news-bitcoin-dogecoin-ethereum-shibha-inu-cryptocurrency-latest-updates-28-july-2022/articleshow/93176828.cms
2022-07-29,forex reserves fall by 1 152 billion during week ended july 22,https://economictimes.indiatimes.comhttps://economictimes.indiatimes.com/news/economy/finance/forex-reserves-fall-by-1-152-billion-during-week-ended-july-22/articleshow/93214268.cms
2022-07-29,8 best long term cryptocurrency projects to invest in,https://economictimes.indiatimes.comhttps://economictimes.indiatimes.com/wealth/invest/8-best-long-term-cryptocurrency-projects-to-invest-in/articleshow/93210336.cms
2022-07-29,crypto prices today live news bitcoin dogecoin ethereum shibha inu cryptocurrency latest updates 29 july 2022,https://economictimes.indiatimes.comhttps://economictimes.indiatimes.com/markets/cryptocurrency/crypto-prices-today-live-news-bitcoin-dogecoin-ethereum-shibha-inu-cryptocurrency-latest-updates-29-july-2022/articleshow/93201277.cms
2022-07-30,forex reserves down 1 15b to 571 56b,https://economictimes.indiatimes.comhttps://economictimes.indiatimes.com/markets/stocks/news/forex-reserves-down-1-15b-to-571-56b/articleshow/93225820.cms
2022-08-01,crypto prices today live news bitcoin dogecoin ethereum shibha inu cryptocurrency latest updates 01 august 2022,https://economictimes.indiatimes.comhttps://economictimes.indiatimes.com/markets/cryptocurrency/crypto-prices-today-live-news-bitcoin-dogecoin-ethereum-shibha-inu-cryptocurrency-latest-updates-01-august-2022/articleshow/93264075.cms
2022-08-02,crypto prices today live news bitcoin dogecoin ethereum shibha inu cryptocurrency latest updates 02 august 2022,https://economictimes.indiatimes.comhttps://economictimes.indiatimes.com/markets/cryptocurrency/crypto-prices-today-live-news-bitcoin-dogecoin-ethereum-shibha-inu-cryptocurrency-latest-updates-02-august-2022/articleshow/93287325.cms
2022-08-02,bullion exchange set to aid indias forex,https://economictimes.indiatimes.comhttps://economictimes.indiatimes.com/news/economy/finance/bullion-exchange-set-to-aid-indias-forex/articleshow/93281170.cms
2022-08-04,crypto prices today live news bitcoin dogecoin ethereum shibha inu cryptocurrency latest updates 04 august 2022,https://economictimes.indiatimes.comhttps://economictimes.indiatimes.com/markets/cryptocurrency/crypto-prices-today-live-news-bitcoin-dogecoin-ethereum-shibha-inu-cryptocurrency-latest-updates-04-august-2022/articleshow/93337087.cms
2022-08-04,crypto prices today live news bitcoin dogecoin ethereum shibha inu cryptocurrency latest updates 03 august 2022,https://economictimes.indiatimes.comhttps://economictimes.indiatimes.com/markets/cryptocurrency/crypto-prices-today-live-news-bitcoin-dogecoin-ethereum-shibha-inu-cryptocurrency-latest-updates-03-august-2022/articleshow/93313734.cms
2022-08-04,5 best cryptocurrency that crypto whales are buying in 2022,https://economictimes.indiatimes.comhttps://economictimes.indiatimes.com/wealth/invest/5-best-cryptocurrency-that-crypto-whales-are-buying-in-2022/articleshow/93326875.cms
2022-08-04,5 new cryptocurrency that could list on binance,https://economictimes.indiatimes.comhttps://economictimes.indiatimes.com/wealth/invest/5-new-cryptocurrency-that-could-list-on-binance/articleshow/93327203.cms
2022-08-04,asias central banks deploy forex reserves in fighting currency bears,https://economictimes.indiatimes.comhttps://economictimes.indiatimes.com/news/economy/finance/asias-central-banks-deploy-forex-reserves-in-fighting-currency-bears/articleshow/93338841.cms
2022-08-04,raids in jk over digital currency use to fund terror,https://economictimes.indiatimes.comhttps://economictimes.indiatimes.com/news/india/raids-in-jk-over-digital-currency-use-to-fund-terror/articleshow/93331866.cms
2022-08-05,crypto prices today live news bitcoin dogecoin ethereum shibha inu cryptocurrency latest updates 05 august 2022,https://economictimes.indiatimes.comhttps://economictimes.indiatimes.com/markets/cryptocurrency/crypto-prices-today-live-news-bitcoin-dogecoin-ethereum-shibha-inu-cryptocurrency-latest-updates-05-august-2022/articleshow/93361089.cms
2022-08-05,forex reserves rise after falling for four weeks,https://economictimes.indiatimes.comhttps://economictimes.indiatimes.com/news/economy/finance/forex-reserves-rise-after-falling-for-four-weeks/articleshow/93366643.cms
2022-08-08,small finance banks allowed to offer more forex products,https://economictimes.indiatimes.comhttps://economictimes.indiatimes.com/news/economy/policy/small-finance-banks-allowed-to-offer-more-forex-products/articleshow/93438183.cms
2022-08-08,reserve bank has taken steps to promote rupee as preferred currency for global trade fm nirmala sitharaman,https://economictimes.indiatimes.comhttps://economictimes.indiatimes.com/news/economy/policy/reserve-bank-has-taken-steps-to-promote-rupee-as-preferred-currency-for-global-trade-fm-nirmala-sitharaman/articleshow/93435980.cms
2022-08-08,crypto prices today live news bitcoin dogecoin ethereum shibha inu cryptocurrency latest updates 08 august 2022,https://economictimes.indiatimes.comhttps://economictimes.indiatimes.com/markets/cryptocurrency/crypto-prices-today-live-news-bitcoin-dogecoin-ethereum-shibha-inu-cryptocurrency-latest-updates-08-august-2022/articleshow/93420089.cms
2022-08-09,crypto prices today live news bitcoin dogecoin ethereum shibha inu cryptocurrency latest updates 09 august 2022,https://economictimes.indiatimes.comhttps://economictimes.indiatimes.com/markets/cryptocurrency/crypto-prices-today-live-news-bitcoin-dogecoin-ethereum-shibha-inu-cryptocurrency-latest-updates-09-august-2022/articleshow/93445264.cms
2022-08-10,crypto prices today live news bitcoin dogecoin ethereum shibha inu cryptocurrency latest updates 10 august 2022,https://economictimes.indiatimes.comhttps://economictimes.indiatimes.com/markets/cryptocurrency/crypto-prices-today-live-news-bitcoin-dogecoin-ethereum-shibha-inu-cryptocurrency-latest-updates-10-august-2022/articleshow/93468349.cms
2022-08-11,view is it time for inr to become rupee as reserve currency soon,https://economictimes.indiatimes.comhttps://economictimes.indiatimes.com/news/economy/policy/view-is-it-time-for-inr-to-become-rupee-as-reserve-currency-soon/articleshow/93493217.cms
2022-08-11,crypto prices today live news bitcoin dogecoin ethereum shibha inu cryptocurrency latest updates 11 august 2022,https://economictimes.indiatimes.comhttps://economictimes.indiatimes.com/markets/cryptocurrency/crypto-prices-today-live-news-bitcoin-dogecoin-ethereum-shibha-inu-cryptocurrency-latest-updates-11-august-2022/articleshow/93491404.cms
2022-08-12,crypto prices today live news bitcoin dogecoin ethereum shibha inu cryptocurrency latest updates 12 august 2022,https://economictimes.indiatimes.comhttps://economictimes.indiatimes.com/markets/cryptocurrency/crypto-prices-today-live-news-bitcoin-dogecoin-ethereum-shibha-inu-cryptocurrency-latest-updates-12-august-2022/articleshow/93512938.cms
2022-08-12,digital currency is more than just upi imps how it can change your money transactions,https://economictimes.indiatimes.comhttps://economictimes.indiatimes.com/wealth/tax/digital-currency-is-more-than-just-upi-imps-how-it-can-change-your-money-transactions/articleshow/93337197.cms
2022-08-16,freeze forex rate today to transfer money abroad and pay later service launched,https://economictimes.indiatimes.comhttps://economictimes.indiatimes.com/wealth/save/freeze-forex-rate-today-to-transfer-money-abroad-and-pay-later-service-launched/articleshow/93591482.cms
2022-08-16,crypto prices today live news bitcoin dogecoin ethereum shibha inu cryptocurrency latest updates 16 august 2022,https://economictimes.indiatimes.comhttps://economictimes.indiatimes.com/markets/cryptocurrency/crypto-prices-today-live-news-bitcoin-dogecoin-ethereum-shibha-inu-cryptocurrency-latest-updates-16-august-2022/articleshow/93583067.cms
2022-08-18,mercadolibre to create cryptocurrency as part of loyalty program,https://economictimes.indiatimes.comhttps://economictimes.indiatimes.com/tech/technology/mercadolibre-to-create-cryptocurrency-as-part-of-loyalty-program/articleshow/93643978.cms
2022-08-18,crypto prices today live news bitcoin dogecoin ethereum shibha inu cryptocurrency latest updates 17 august 2022,https://economictimes.indiatimes.comhttps://economictimes.indiatimes.com/markets/cryptocurrency/crypto-prices-today-live-news-bitcoin-dogecoin-ethereum-shibha-inu-cryptocurrency-latest-updates-17-august-2022/articleshow/93606640.cms
2022-08-18,crypto prices today live news bitcoin dogecoin ethereum shibha inu cryptocurrency latest updates 18 august 2022,https://economictimes.indiatimes.comhttps://economictimes.indiatimes.com/markets/cryptocurrency/crypto-prices-today-live-news-bitcoin-dogecoin-ethereum-shibha-inu-cryptocurrency-latest-updates-18-august-2022/articleshow/93633719.cms
2022-08-19,crypto prices today live news bitcoin dogecoin ethereum shibha inu cryptocurrency latest updates 19 august 2022,https://economictimes.indiatimes.comhttps://economictimes.indiatimes.com/markets/cryptocurrency/crypto-prices-today-live-news-bitcoin-dogecoin-ethereum-shibha-inu-cryptocurrency-latest-updates-19-august-2022/articleshow/93651775.cms
2022-08-22,crypto prices today live news bitcoin dogecoin ethereum shibha inu cryptocurrency latest updates 22 august 2022,https://economictimes.indiatimes.comhttps://economictimes.indiatimes.com/markets/cryptocurrency/crypto-prices-today-live-news-bitcoin-dogecoin-ethereum-shibha-inu-cryptocurrency-latest-updates-22-august-2022/articleshow/93699984.cms
2022-08-23,crypto prices today live news bitcoin dogecoin ethereum shibha inu cryptocurrency latest updates 23 august 2022,https://economictimes.indiatimes.comhttps://economictimes.indiatimes.com/markets/cryptocurrency/crypto-prices-today-live-news-bitcoin-dogecoin-ethereum-shibha-inu-cryptocurrency-latest-updates-23-august-2022/articleshow/93721165.cms
2022-08-24,crypto prices today live news bitcoin dogecoin ethereum shibha inu cryptocurrency latest updates 24 august 2022,https://economictimes.indiatimes.comhttps://economictimes.indiatimes.com/markets/cryptocurrency/crypto-prices-today-live-news-bitcoin-dogecoin-ethereum-shibha-inu-cryptocurrency-latest-updates-24-august-2022/articleshow/93744277.cms
2022-08-24,forex rule tweaks to let indians invest in foreign fintech companies,https://economictimes.indiatimes.comhttps://economictimes.indiatimes.com/news/economy/finance/forex-rule-tweaks-to-let-indians-invest-in-foreign-fintech-companies/articleshow/93739453.cms
2022-08-25,indias strong forex kitty to help it ride out any external challenge sp,https://economictimes.indiatimes.comhttps://economictimes.indiatimes.com/news/economy/indicators/indias-strong-forex-kitty-to-help-it-ride-out-any-external-challenge-sp/articleshow/93773666.cms
2022-08-25,crypto prices today live news bitcoin dogecoin ethereum shibha inu cryptocurrency latest updates 25 august 2022,https://economictimes.indiatimes.comhttps://economictimes.indiatimes.com/markets/cryptocurrency/crypto-prices-today-live-news-bitcoin-dogecoin-ethereum-shibha-inu-cryptocurrency-latest-updates-25-august-2022/articleshow/93767768.cms
2022-08-26,rising imports from china draining bhutans forex reserves,https://economictimes.indiatimes.comhttps://economictimes.indiatimes.com/news/international/rising-imports-from-china-draining-bhutans-forex-reserves/articleshow/93804399.cms
2022-08-26,crypto prices today live news bitcoin dogecoin ethereum shibha inu cryptocurrency latest updates 26 august 2022,https://economictimes.indiatimes.comhttps://economictimes.indiatimes.com/markets/cryptocurrency/crypto-prices-today-live-news-bitcoin-dogecoin-ethereum-shibha-inu-cryptocurrency-latest-updates-26-august-2022/articleshow/93791053.cms
2022-08-27,forex reserves dip 6 7 b to 564 billion,https://economictimes.indiatimes.comhttps://economictimes.indiatimes.com/markets/forex/forex-reserves-dip-6-7-b-to-564-billion/articleshow/93811636.cms
2022-08-29,crypto prices today live news bitcoin dogecoin ethereum shibha inu cryptocurrency latest updates 29 august 2022,https://economictimes.indiatimes.comhttps://economictimes.indiatimes.com/markets/cryptocurrency/crypto-prices-today-live-news-bitcoin-dogecoin-ethereum-shibha-inu-cryptocurrency-latest-updates-29-august-2022/articleshow/93846296.cms
2022-08-30,passenger held with foreign currency worth rs 41 lakh concealed in lehenga buttons at igi airport,https://economictimes.indiatimes.comhttps://economictimes.indiatimes.com/news/india/passenger-held-with-foreign-currency-worth-rs-41-lakh-concealed-in-lehenga-buttons-at-igi-airport/articleshow/93881323.cms
2022-08-30,crypto prices today live news bitcoin dogecoin ethereum shibha inu cryptocurrency latest updates 30 august 2022,https://economictimes.indiatimes.comhttps://economictimes.indiatimes.com/markets/cryptocurrency/crypto-prices-today-live-news-bitcoin-dogecoin-ethereum-shibha-inu-cryptocurrency-latest-updates-30-august-2022/articleshow/93868539.cms
2022-08-31,man held with rs 41l foreign currency in lehenga buttons,https://economictimes.indiatimes.comhttps://economictimes.indiatimes.com/news/new-updates/man-held-with-rs-41l-foreign-currency-in-lehenga-buttons/articleshow/93885199.cms
2022-09-01,crypto prices today live news bitcoin dogecoin ethereum shibha inu cryptocurrency latest updates 01 september 2022,https://economictimes.indiatimes.comhttps://economictimes.indiatimes.com/markets/stocks/news/crypto-prices-today-live-news-bitcoin-dogecoin-ethereum-shibha-inu-cryptocurrency-latest-updates-01-september-2022/articleshow/93918717.cms
2022-09-02,crypto prices today live news bitcoin dogecoin ethereum shibha inu cryptocurrency latest updates 02 september 2022,https://economictimes.indiatimes.comhttps://economictimes.indiatimes.com/markets/cryptocurrency/crypto-prices-today-live-news-bitcoin-dogecoin-ethereum-shibha-inu-cryptocurrency-latest-updates-02-september-2022/articleshow/93940692.cms
2022-09-02,forex betting apps lure unwitting investors as crypto craze wanes,https://economictimes.indiatimes.comhttps://economictimes.indiatimes.com/tech/technology/forex-betting-apps-lure-unwitting-investors-as-crypto-craze-wanes/articleshow/93934714.cms
2022-09-05,pes join late stage rounds forex betting apps lure unsuspecting investors,https://economictimes.indiatimes.comhttps://economictimes.indiatimes.com/tech/newsletters/morning-dispatch/pes-join-late-stage-rounds-forex-betting-apps-lure-unsuspecting-investors/articleshow/93935881.cms
2022-09-05,crypto prices today live news bitcoin dogecoin ethereum shibha inu cryptocurrency latest updates 05 september 2022,https://economictimes.indiatimes.comhttps://economictimes.indiatimes.com/markets/cryptocurrency/crypto-prices-today-live-news-bitcoin-dogecoin-ethereum-shibha-inu-cryptocurrency-latest-updates-05-september-2022/articleshow/93994898.cms
2022-09-05,chinas currency struggles spell trouble across ems,https://economictimes.indiatimes.comhttps://economictimes.indiatimes.com/markets/forex/chinas-currency-struggles-spell-trouble-across-ems/articleshow/93991750.cms
2022-09-06,crypto prices today live news bitcoin dogecoin ethereum shibha inu cryptocurrency latest updates 06 september 2022,https://economictimes.indiatimes.comhttps://economictimes.indiatimes.com/markets/cryptocurrency/crypto-prices-today-live-news-bitcoin-dogecoin-ethereum-shibha-inu-cryptocurrency-latest-updates-06-september-2022/articleshow/94016719.cms
2022-09-07,crypto prices today live news bitcoin dogecoin ethereum shibha inu cryptocurrency latest updates 07 september 2022,https://economictimes.indiatimes.comhttps://economictimes.indiatimes.com/markets/cryptocurrency/crypto-prices-today-live-news-bitcoin-dogecoin-ethereum-shibha-inu-cryptocurrency-latest-updates-07-september-2022/articleshow/94042228.cms
2022-09-08,crypto prices today live news bitcoin dogecoin ethereum shibha inu cryptocurrency latest updates 08 september 2022,https://economictimes.indiatimes.comhttps://economictimes.indiatimes.com/markets/cryptocurrency/crypto-prices-today-live-news-bitcoin-dogecoin-ethereum-shibha-inu-cryptocurrency-latest-updates-08-september-2022/articleshow/94064980.cms
2022-09-08,rbi places unauthorised forex dealers on alert list,https://economictimes.indiatimes.comhttps://economictimes.indiatimes.com/markets/forex/rbi-places-unauthorised-forex-dealers-on-alert-list/articleshow/94061984.cms
2022-09-09,what happens to the uk after queen elizabeths ii death changes in national anthem passport currency,https://economictimes.indiatimes.comhttps://economictimes.indiatimes.com/magazines/panache/what-happens-to-the-uk-after-queen-elizabeths-ii-death-changes-in-national-anthem-passport-currency/articleshow/94094958.cms
2022-09-09,japan ready for necessary response as currency slips,https://economictimes.indiatimes.comhttps://economictimes.indiatimes.com/news/international/world-news/japan-ready-for-necessary-response-as-currency-slips/articleshow/94083919.cms
2022-09-09,crypto prices today live news bitcoin dogecoin ethereum shibha inu cryptocurrency latest updates 09 september 2022,https://economictimes.indiatimes.comhttps://economictimes.indiatimes.com/markets/cryptocurrency/crypto-prices-today-live-news-bitcoin-dogecoin-ethereum-shibha-inu-cryptocurrency-latest-updates-09-september-2022/articleshow/94088949.cms
2022-09-10,rbi mulls pilot project for its digital currency will cdbc create an enigma for stable coins,https://economictimes.indiatimes.comhttps://economictimes.indiatimes.com/markets/cryptocurrency/rbi-mulls-pilot-project-for-its-digital-currency-will-cdbc-create-an-enigma-for-stable-coins/articleshow/94115590.cms
2022-09-10,rupee an outperformer and low volatility currency in the em space,https://economictimes.indiatimes.comhttps://economictimes.indiatimes.com/markets/forex/rupee-an-outperformer-and-low-volatility-currency-in-the-em-space/articleshow/94113375.cms
2022-09-12,indias external position has further speed bumps ahead as forex reserves hit near 2 yr low,https://economictimes.indiatimes.comhttps://economictimes.indiatimes.com/news/economy/indicators/indias-external-position-has-further-speed-bumps-ahead-as-forex-reserves-hit-near-2-yr-low/articleshow/94149615.cms
2022-09-12,crypto prices today live news bitcoin dogecoin ethereum shibha inu cryptocurrency latest updates 12 september 2022,https://economictimes.indiatimes.comhttps://economictimes.indiatimes.com/markets/cryptocurrency/crypto-prices-today-live-news-bitcoin-dogecoin-ethereum-shibha-inu-cryptocurrency-latest-updates-12-september-2022/articleshow/94142820.cms
2022-09-12,queen elizabeth ii is no more national anthem currency to passport changes uk can expect,https://economictimes.indiatimes.comhttps://economictimes.indiatimes.com/news/international/uk/queen-elizabeth-ii-is-no-more-national-anthem-currency-to-passport-changes-uk-can-expect/articleshow/94096770.cms
2022-09-13,forex reserves comfortable than tantrum period despite rapid fall,https://economictimes.indiatimes.comhttps://economictimes.indiatimes.com/news/economy/finance/forex-reserves-comfortable-than-tantrum-period-despite-rapid-fall/articleshow/94176416.cms
2022-09-13,crypto prices today live news bitcoin dogecoin ethereum shibha inu cryptocurrency latest updates 13 september 2022,https://economictimes.indiatimes.comhttps://economictimes.indiatimes.com/markets/cryptocurrency/crypto-prices-today-live-news-bitcoin-dogecoin-ethereum-shibha-inu-cryptocurrency-latest-updates-13-september-2022/articleshow/94166321.cms
2022-09-14,achieving target of 20 ethanol blending in petrol by 2025 to save rs 1 lakh crore forex amit shah,https://economictimes.indiatimes.comhttps://economictimes.indiatimes.com/industry/renewables/achieving-target-of-20-ethanol-blending-in-petrol-by-2025-to-save-rs-1-lakh-crore-forex-amit-shah/articleshow/94207331.cms
2022-09-14,crypto prices today live news bitcoin dogecoin ethereum shibha inu cryptocurrency latest updates 14 september 2022,https://economictimes.indiatimes.comhttps://economictimes.indiatimes.com/markets/cryptocurrency/crypto-prices-today-live-news-bitcoin-dogecoin-ethereum-shibha-inu-cryptocurrency-latest-updates-14-september-2022/articleshow/94191362.cms
2022-09-15,what happened to cryptocurrency today how to react to the current market conditions,https://economictimes.indiatimes.comhttps://economictimes.indiatimes.com/wealth/invest/what-happened-to-cryptocurrency-today-how-to-react-to-the-current-market-conditions/articleshow/94223489.cms
2022-09-15,top 5 cryptocurrency to invest in during a crypto bear market,https://economictimes.indiatimes.comhttps://economictimes.indiatimes.com/wealth/invest/top-5-cryptocurrency-to-invest-in-during-a-crypto-bear-market/articleshow/94220649.cms
2022-09-15,crypto prices today live news bitcoin dogecoin ethereum shibha inu cryptocurrency latest updates 15 september 2022,https://economictimes.indiatimes.comhttps://economictimes.indiatimes.com/markets/cryptocurrency/crypto-prices-today-live-news-bitcoin-dogecoin-ethereum-shibha-inu-cryptocurrency-latest-updates-15-september-2022/articleshow/94213253.cms
2022-09-16,indias forex reserves fall by 2 23 billion for week ending sep 9,https://economictimes.indiatimes.comhttps://economictimes.indiatimes.com/news/economy/indicators/indias-forex-reserves-fall-by-2-23-billion-for-week-ending-sep-9/articleshow/94249027.cms
2022-09-16,crypto prices today live news bitcoin dogecoin ethereum shibha inu cryptocurrency latest updates 16 september 2022,https://economictimes.indiatimes.comhttps://economictimes.indiatimes.com/markets/cryptocurrency/crypto-prices-today-live-news-bitcoin-dogecoin-ethereum-shibha-inu-cryptocurrency-latest-updates-16-september-2022/articleshow/94236565.cms
2022-09-19,crypto prices today live news bitcoin dogecoin ethereum shibha inu cryptocurrency latest updates 19 september 2022,https://economictimes.indiatimes.comhttps://economictimes.indiatimes.com/markets/cryptocurrency/crypto-prices-today-live-news-bitcoin-dogecoin-ethereum-shibha-inu-cryptocurrency-latest-updates-19-september-2022/articleshow/94292226.cms
2022-09-20,crypto prices today live news bitcoin dogecoin ethereum shibha inu cryptocurrency latest updates 20 september 2022,https://economictimes.indiatimes.comhttps://economictimes.indiatimes.com/markets/cryptocurrency/crypto-prices-today-live-news-bitcoin-dogecoin-ethereum-shibha-inu-cryptocurrency-latest-updates-20-september-2022/articleshow/94316263.cms
2022-09-20,rbi economists optimistic on cad bankers flag fall in forex reserves rupee,https://economictimes.indiatimes.comhttps://economictimes.indiatimes.com/markets/stocks/news/rbi-economists-optimistic-on-cad-bankers-flag-fall-in-forex-reserves-rupee/articleshow/94313252.cms
2022-09-21,crypto prices today live news bitcoin dogecoin ethereum shibha inu cryptocurrency latest updates 21 september 2022,https://economictimes.indiatimes.comhttps://economictimes.indiatimes.com/markets/cryptocurrency/crypto-prices-today-live-news-bitcoin-dogecoin-ethereum-shibha-inu-cryptocurrency-latest-updates-21-september-2022/articleshow/94341149.cms
2022-09-22,rs 19500 cr pli ii for solar equipment to save rs 1 4 lakh cr forex says r k singh,https://economictimes.indiatimes.comhttps://economictimes.indiatimes.com/industry/renewables/rs-19500-cr-pli-ii-for-solar-equipment-to-save-rs-1-4-lakh-cr-forex-says-r-k-singh/articleshow/94356512.cms
2022-09-22,crypto prices today live news bitcoin dogecoin ethereum shibha inu cryptocurrency latest updates 22 september 2022,https://economictimes.indiatimes.comhttps://economictimes.indiatimes.com/markets/cryptocurrency/crypto-prices-today-live-news-bitcoin-dogecoin-ethereum-shibha-inu-cryptocurrency-latest-updates-22-september-2022/articleshow/94365055.cms
2022-09-23,indias forex reserves fall by 5 22 billion for week ending sep 16,https://economictimes.indiatimes.comhttps://economictimes.indiatimes.com/news/economy/indicators/indias-forex-reserves-fall-by-5-22-billion-for-week-ending-sep-16/articleshow/94398778.cms
2022-09-23,indias forex reserves drop 5 2 billion to 545 652 billion as of september 16,https://economictimes.indiatimes.comhttps://economictimes.indiatimes.com/news/economy/finance/indias-forex-reserves-drop-5-2-billion-to-545-652-billion-as-of-september-16/articleshow/94400318.cms
2022-09-23,crypto prices today live news bitcoin dogecoin ethereum shibha inu cryptocurrency latest updates 23 september 2022,https://economictimes.indiatimes.comhttps://economictimes.indiatimes.com/markets/cryptocurrency/crypto-prices-today-live-news-bitcoin-dogecoin-ethereum-shibha-inu-cryptocurrency-latest-updates-23-september-2022/articleshow/94390781.cms
2022-09-26,crypto prices today live news bitcoin dogecoin ethereum shibha inu cryptocurrency latest updates 26 september 2022,https://economictimes.indiatimes.comhttps://economictimes.indiatimes.com/markets/cryptocurrency/crypto-prices-today-live-news-bitcoin-dogecoin-ethereum-shibha-inu-cryptocurrency-latest-updates-26-september-2022/articleshow/94445048.cms
2022-09-26,rupee trade with bangladesh likely as it fights forex crunch say bankers,https://economictimes.indiatimes.comhttps://economictimes.indiatimes.com/news/economy/foreign-trade/rupee-trade-with-bangladesh-likely-as-it-fights-forex-crunch-say-bankers/articleshow/94440303.cms
2022-09-27,massive currency market intervention may not impact monetary policy independence report,https://economictimes.indiatimes.comhttps://economictimes.indiatimes.com/news/economy/policy/massive-currency-market-intervention-may-not-impact-monetary-policy-independence-report/articleshow/94488887.cms
2022-09-27,india has fairly large forex reserve to deal with current situation economic affairs secretary,https://economictimes.indiatimes.comhttps://economictimes.indiatimes.com/news/economy/indicators/india-has-fairly-large-forex-reserve-to-deal-with-current-situation-economic-affairs-secretary/articleshow/94481296.cms
2022-09-27,crypto prices today live news bitcoin dogecoin ethereum shibha inu cryptocurrency latest updates 27 september 2022,https://economictimes.indiatimes.comhttps://economictimes.indiatimes.com/markets/cryptocurrency/crypto-prices-today-live-news-bitcoin-dogecoin-ethereum-shibha-inu-cryptocurrency-latest-updates-27-september-2022/articleshow/94468496.cms
2022-09-28,crypto prices today live news bitcoin dogecoin ethereum shibha inu cryptocurrency latest updates 28 september 2022,https://economictimes.indiatimes.comhttps://economictimes.indiatimes.com/markets/cryptocurrency/crypto-prices-today-live-news-bitcoin-dogecoin-ethereum-shibha-inu-cryptocurrency-latest-updates-28-september-2022/articleshow/94496433.cms
2022-09-29,crypto prices today live news bitcoin dogecoin ethereum shibha inu cryptocurrency latest updates 29 september 2022,https://economictimes.indiatimes.comhttps://economictimes.indiatimes.com/markets/cryptocurrency/crypto-prices-today-live-news-bitcoin-dogecoin-ethereum-shibha-inu-cryptocurrency-latest-updates-29-september-2022/articleshow/94523964.cms
2022-09-29,inflation weak currency we are not out of the woods yet mitul kotecha,https://economictimes.indiatimes.comhttps://economictimes.indiatimes.com/markets/expert-view/inflation-weak-currency-we-are-not-out-of-the-woods-yet-mitul-kotecha/articleshow/94523491.cms
2022-09-30,forex reserves down usd 8 13 bn to usd 537 51 bn,https://economictimes.indiatimes.comhttps://economictimes.indiatimes.com/news/economy/finance/forex-reserves-down-usd-8-13-bn-to-usd-537-51-bn/articleshow/94570319.cms
2022-09-30,indias forex umbrella continues to remain strong despite uncertainty valuation changes rbi governor shaktikanta das,https://economictimes.indiatimes.comhttps://economictimes.indiatimes.com/news/economy/finance/indias-forex-umbrella-continues-to-remain-strong-despite-uncertainty-valuation-changes-rbi-governor-shaktikanta-das/articleshow/94550809.cms
2022-09-30,currency movements are not guiding factors for monetary policy shaktikanta das,https://economictimes.indiatimes.comhttps://economictimes.indiatimes.com/news/economy/policy/currency-movements-are-not-guiding-factors-for-monetary-policy-shaktikanta-das/articleshow/94555319.cms
2022-09-30,crypto prices today live news bitcoin dogecoin ethereum shibha inu cryptocurrency latest updates 30 september 2022,https://economictimes.indiatimes.comhttps://economictimes.indiatimes.com/markets/cryptocurrency/crypto-prices-today-live-news-bitcoin-dogecoin-ethereum-shibha-inu-cryptocurrency-latest-updates-30-september-2022/articleshow/94549306.cms
2022-10-01,decoded currency volatility and its trend to current equity market,https://economictimes.indiatimes.comhttps://economictimes.indiatimes.com/markets/forex/decoded-currency-volatility-and-its-trend-to-current-equity-market/articleshow/94576990.cms
2022-10-03,brics explores creating new reserve currency,https://economictimes.indiatimes.comhttps://economictimes.indiatimes.com/news/economy/policy/brics-explores-creating-new-reserve-currency/articleshow/94628034.cms
2022-10-03,crypto prices today live news bitcoin dogecoin ethereum shibha inu cryptocurrency latest updates 03 october 2022,https://economictimes.indiatimes.comhttps://economictimes.indiatimes.com/markets/cryptocurrency/crypto-prices-today-live-news-bitcoin-dogecoin-ethereum-shibha-inu-cryptocurrency-latest-updates-03-october-2022/articleshow/94611208.cms
2022-10-04,crypto prices today live news bitcoin dogecoin ethereum shibha inu cryptocurrency latest updates 04 october 2022,https://economictimes.indiatimes.comhttps://economictimes.indiatimes.com/markets/cryptocurrency/crypto-prices-today-live-news-bitcoin-dogecoin-ethereum-shibha-inu-cryptocurrency-latest-updates-04-october-2022/articleshow/94633850.cms
2022-10-04,taliban bans pakistan currency,https://economictimes.indiatimes.comhttps://economictimes.indiatimes.com/news/international/world-news/taliban-bans-pakistan-currency/articleshow/94628509.cms
2022-10-06,crypto prices today live news bitcoin dogecoin ethereum shibha inu cryptocurrency latest updates 06 october 2022,https://economictimes.indiatimes.comhttps://economictimes.indiatimes.com/markets/cryptocurrency/crypto-prices-today-live-news-bitcoin-dogecoin-ethereum-shibha-inu-cryptocurrency-latest-updates-06-october-2022/articleshow/94671964.cms
2022-10-06,world currency reserves shrink by 1 trillion in record drawdown,https://economictimes.indiatimes.comhttps://economictimes.indiatimes.com/news/economy/indicators/world-currency-reserves-shrink-by-1-trillion-in-record-drawdown/articleshow/94669026.cms
2022-10-07,crypto prices today live news bitcoin dogecoin ethereum shibha inu cryptocurrency latest updates 07 october 2022,https://economictimes.indiatimes.comhttps://economictimes.indiatimes.com/markets/cryptocurrency/crypto-prices-today-live-news-bitcoin-dogecoin-ethereum-shibha-inu-cryptocurrency-latest-updates-07-october-2022/articleshow/94696082.cms
2022-10-08,rbi releases concept note on central bank digital currency to commence pilot launch of e rupee soon,https://economictimes.indiatimes.comhttps://economictimes.indiatimes.com/news/economy/policy/rbi-releases-concept-note-on-central-bank-digital-currency-to-commence-pilot-launch-of-e-rupee-soon/articleshow/94704437.cms
2022-10-08,forex reserves dip 4 9 billion to 532 66 billion,https://economictimes.indiatimes.comhttps://economictimes.indiatimes.com/markets/forex/forex-reserves-dip-4-9-billion-to-532-66-billion/articleshow/94718894.cms
2022-10-08,fear of fraud here are 5 steps to take for secure cryptocurrency investments,https://economictimes.indiatimes.comhttps://economictimes.indiatimes.com/small-biz/security-tech/technology/fear-of-fraud-here-are-5-steps-to-take-for-secure-cryptocurrency-investments/articleshow/94719210.cms
2022-10-09,indias forex reserves fall to over two year low of 532 66 billion,https://economictimes.indiatimes.comhttps://economictimes.indiatimes.com/news/economy/indicators/indias-forex-reserves-fall-to-over-two-year-low-of-532-66-billion/articleshow/94709316.cms
2022-10-10,when would the rbi be tempted not to protect the currency indranil sengupta replies,https://economictimes.indiatimes.comhttps://economictimes.indiatimes.com/markets/expert-view/when-would-the-rbi-be-tempted-not-to-protect-the-currency-indranil-sengupta-replies/articleshow/94760174.cms
2022-10-10,crypto prices today live news bitcoin dogecoin ethereum shibha inu cryptocurrency latest updates 10 october 2022,https://economictimes.indiatimes.comhttps://economictimes.indiatimes.com/markets/cryptocurrency/crypto-prices-today-live-news-bitcoin-dogecoin-ethereum-shibha-inu-cryptocurrency-latest-updates-10-october-2022/articleshow/94753231.cms
2022-10-11,forex trading transactions with unauthorised dealers websites can lead to trouble how to check authorised list,https://economictimes.indiatimes.comhttps://economictimes.indiatimes.com/wealth/save/forex-trading-transactions-with-unauthorised-dealers-websites-can-lead-to-trouble-how-to-check-authorised-list/articleshow/94700075.cms
2022-10-11,crypto prices today live news bitcoin dogecoin ethereum shibha inu cryptocurrency latest updates 11 october 2022,https://economictimes.indiatimes.comhttps://economictimes.indiatimes.com/markets/cryptocurrency/crypto-prices-today-live-news-bitcoin-dogecoin-ethereum-shibha-inu-cryptocurrency-latest-updates-11-october-2022/articleshow/94776531.cms
2022-10-11,oecd finalises global framework on cryptocurrency,https://economictimes.indiatimes.comhttps://economictimes.indiatimes.com/tech/technology/oecd-finalises-global-framework-on-cryptocurrency/articleshow/94776853.cms
2022-10-12,rbi tightens rules for uncovered foreign currency exposures,https://economictimes.indiatimes.comhttps://economictimes.indiatimes.com/news/economy/policy/rbi-tightens-rules-for-uncovered-foreign-currency-exposures/articleshow/94801819.cms
2022-10-13,infosys reports 4 revenue growth in constant currency announces 9300 crore worth buyback of shares,https://economictimes.indiatimes.comhttps://economictimes.indiatimes.com/markets/stocks/news/infosys-reports-4-revenue-growth-in-constant-currency-announces-9300-crore-worth-buyback-of-shares/articleshow/94838572.cms
2022-10-13,crypto prices today live news bitcoin dogecoin ethereum shibha inu cryptocurrency latest updates 13 october 2022,https://economictimes.indiatimes.comhttps://economictimes.indiatimes.com/markets/cryptocurrency/crypto-prices-today-live-news-bitcoin-dogecoin-ethereum-shibha-inu-cryptocurrency-latest-updates-13-october-2022/articleshow/94827933.cms
2022-10-14,crypto prices today live news bitcoin dogecoin ethereum shibha inu cryptocurrency latest updates 14 october 2022,https://economictimes.indiatimes.comhttps://economictimes.indiatimes.com/markets/cryptocurrency/crypto-prices-today-live-news-bitcoin-dogecoin-ethereum-shibha-inu-cryptocurrency-latest-updates-14-october-2022/articleshow/94851051.cms
2022-10-15,indias forex reserve declined due to dollar appreciation fm,https://economictimes.indiatimes.comhttps://economictimes.indiatimes.com/news/india/indias-forex-reserve-declined-due-to-dollar-appreciation-fm/articleshow/94872555.cms
2022-10-16,india aims at developing tech driven regulatory framework for cryptocurrency fm nirmala sitharaman,https://economictimes.indiatimes.comhttps://economictimes.indiatimes.com/news/economy/policy/india-aims-at-developing-tech-driven-regulatory-framework-for-cryptocurrency-fm-nirmala-sitharaman/articleshow/94891216.cms
2022-10-17,crypto prices today live news bitcoin dogecoin ethereum shibha inu cryptocurrency latest updates 17 october 2022,https://economictimes.indiatimes.comhttps://economictimes.indiatimes.com/markets/cryptocurrency/crypto-prices-today-live-news-bitcoin-dogecoin-ethereum-shibha-inu-cryptocurrency-latest-updates-17-october-2022/articleshow/94908444.cms
2022-10-17,currency outweighs inflation relief for monetary panel for now,https://economictimes.indiatimes.comhttps://economictimes.indiatimes.com/markets/stocks/news/currency-outweighs-inflation-relief-for-monetary-panel-for-now/articleshow/94903583.cms
2022-10-19,fitch sees limited risks to indias sovereign rating from external headwinds remains confident of forex reserves,https://economictimes.indiatimes.comhttps://economictimes.indiatimes.com/news/economy/policy/fitch-sees-limited-risks-to-indias-sovereign-rating-from-external-headwinds-remains-confident-of-forex-reserves/articleshow/94964821.cms
2022-10-19,rbis currency intervention ends up hurting rupee carry trade,https://economictimes.indiatimes.comhttps://economictimes.indiatimes.com/markets/forex/rbis-currency-intervention-ends-up-hurting-rupee-carry-trade/articleshow/94961216.cms
2022-10-20,who is anna may wong heres all about the first asian woman to be featured on us currency,https://economictimes.indiatimes.comhttps://economictimes.indiatimes.com/news/international/us/who-is-anna-may-wong-heres-all-about-the-first-asian-woman-to-be-featured-on-us-currency/articleshow/94996470.cms
2022-10-20,crypto prices today live news bitcoin dogecoin ethereum shibha inu cryptocurrency latest updates 20 october 2022,https://economictimes.indiatimes.comhttps://economictimes.indiatimes.com/markets/cryptocurrency/crypto-prices-today-live-news-bitcoin-dogecoin-ethereum-shibha-inu-cryptocurrency-latest-updates-20-october-2022/articleshow/94982230.cms
2022-10-22,indias forex reserves hit multi year low as rbi burns 114 billion to support rupee,https://economictimes.indiatimes.comhttps://economictimes.indiatimes.com/news/economy/indicators/indias-forex-reserves-hit-multi-year-low-as-rbi-burns-114-billion-to-support-rupee/articleshow/95013903.cms
2022-10-22,as more indians head overseas forex outflows double,https://economictimes.indiatimes.comhttps://economictimes.indiatimes.com/nri/invest/as-more-indians-head-overseas-forex-outflows-double/articleshow/95021661.cms
2022-10-25,crypto prices today live news bitcoin dogecoin ethereum shibha inu cryptocurrency latest updates 25 october 2022,https://economictimes.indiatimes.comhttps://economictimes.indiatimes.com/markets/cryptocurrency/crypto-prices-today-live-news-bitcoin-dogecoin-ethereum-shibha-inu-cryptocurrency-latest-updates-25-october-2022/articleshow/95071911.cms
2022-10-26,height of u turn bjp on kejriwals demand for ganesha lakshmi images on currency notes,https://economictimes.indiatimes.comhttps://economictimes.indiatimes.com/news/politics-and-nation/height-of-u-turn-bjp-on-kejriwals-demand-for-ganesha-lakshmi-images-on-currency-notes/articleshow/95097864.cms
2022-10-26,lakshmi and ganeshas photos on currency notes will help india to prosper kejriwal says,https://economictimes.indiatimes.comhttps://economictimes.indiatimes.com/news/india/lakshmi-and-ganeshas-photos-on-currency-notes-will-help-india-to-prosper-kejriwal-says/articleshow/95093326.cms
2022-10-27,lakshmi ganesh images on currency dont misuse religion for political purposes like bjp says brinda karat,https://economictimes.indiatimes.comhttps://economictimes.indiatimes.com/news/politics-and-nation/lakshmi-ganesh-images-on-currency-dont-misuse-religion-for-political-purposes-like-bjp-says-brinda-karat/articleshow/95118219.cms
2022-10-27,airtel africa fy2q net profit falls 21 on year amid forex losses,https://economictimes.indiatimes.comhttps://economictimes.indiatimes.com/industry/telecom/telecom-news/airtel-africa-fy2q-net-profit-falls-21-on-year-amid-forex-losses/articleshow/95119466.cms
2022-10-27,kejriwal asks for lakshmi ganesh on indian currency notes congress asks why not br ambedkar,https://economictimes.indiatimes.comhttps://economictimes.indiatimes.com/news/politics-and-nation/kejriwal-asks-for-lakshmi-ganesh-on-indian-currency-notes-congress-asks-why-not-br-ambedkar/articleshow/95113426.cms
2022-10-27,arvind kejriwal wants lakshmi and ganesh images too on currency notes,https://economictimes.indiatimes.comhttps://economictimes.indiatimes.com/news/politics-and-nation/arvind-kejriwal-wants-lakshmi-and-ganesh-images-too-on-currency-notes/articleshow/95107492.cms
2022-10-27,crypto prices today live news bitcoin dogecoin ethereum shibha inu cryptocurrency latest updates 27 0ctober 2022,https://economictimes.indiatimes.comhttps://economictimes.indiatimes.com/markets/cryptocurrency/crypto-prices-today-live-news-bitcoin-dogecoin-ethereum-shibha-inu-cryptocurrency-latest-updates-27-0ctober-2022/articleshow/95112838.cms
2022-10-28,arvind kejriwal writes to pm narendra modi reiterates demand for lakshmi ganesh photos on currency notes,https://economictimes.indiatimes.comhttps://economictimes.indiatimes.com/news/politics-and-nation/arvind-kejriwal-writes-to-pm-narendra-modi-reiterates-demand-for-lakshmi-ganesh-photos-on-currency-notes/articleshow/95137646.cms
2022-10-28,crypto prices today live news bitcoin dogecoin ethereum shibha inu cryptocurrency latest updates 28 october 2022,https://economictimes.indiatimes.comhttps://economictimes.indiatimes.com/markets/cryptocurrency/crypto-prices-today-live-news-bitcoin-dogecoin-ethereum-shibha-inu-cryptocurrency-latest-updates-28-october-2022/articleshow/95135987.cms
2022-10-30,the indian currency might slide further in the coming months experts,https://economictimes.indiatimes.comhttps://economictimes.indiatimes.com/markets/forex/the-indian-currency-might-slide-further-in-the-coming-months-experts/articleshow/95175661.cms
2022-10-31,crypto prices today live news bitcoin dogecoin ethereum shibha inu cryptocurrency latest updates 31 october 2022,https://economictimes.indiatimes.comhttps://economictimes.indiatimes.com/markets/cryptocurrency/crypto-prices-today-live-news-bitcoin-dogecoin-ethereum-shibha-inu-cryptocurrency-latest-updates-31-october-2022/articleshow/95195344.cms
2022-11-01,indias central bank digital currency makes glitch free start in the world of real time trades,https://economictimes.indiatimes.comhttps://economictimes.indiatimes.com/news/economy/policy/indias-central-bank-digital-currency-makes-glitch-free-start-in-the-world-of-real-time-trades/articleshow/95236452.cms
2022-11-03,crypto prices today live news bitcoin dogecoin ethereum shibha inu cryptocurrency latest updates 3 november 2022,https://economictimes.indiatimes.comhttps://economictimes.indiatimes.com/markets/cryptocurrency/crypto-prices-today-live-news-bitcoin-dogecoin-ethereum-shibha-inu-cryptocurrency-latest-updates-3-november-2022/articleshow/95269041.cms
2022-11-04,crypto prices today live news bitcoin dogecoin ethereum shibha inu cryptocurrency latest updates 4 november 2022,https://economictimes.indiatimes.comhttps://economictimes.indiatimes.com/markets/cryptocurrency/crypto-prices-today-live-news-bitcoin-dogecoin-ethereum-shibha-inu-cryptocurrency-latest-updates-4-november-2022/articleshow/95293004.cms
2022-11-07,currency in circulation dips in diwali week sbi research report,https://economictimes.indiatimes.comhttps://economictimes.indiatimes.com/news/economy/finance/currency-in-circulation-dips-in-diwali-week-sbi-research-report/articleshow/95364448.cms
2022-11-07,reserve bank of india should judiciously use the forex reserves let rupee to depreciate gradually cea anantha nageswaran,https://economictimes.indiatimes.comhttps://economictimes.indiatimes.com/news/economy/policy/reserve-bank-of-india-should-judiciously-use-the-forex-reserves-let-rupee-to-depreciate-gradually-cea-anantha-nageswaran/articleshow/95361634.cms
2022-11-07,crypto prices today live news bitcoin dogecoin ethereum shibha inu cryptocurrency latest updates 07 november 2022,https://economictimes.indiatimes.comhttps://economictimes.indiatimes.com/markets/cryptocurrency/crypto-prices-today-live-news-bitcoin-dogecoin-ethereum-shibha-inu-cryptocurrency-latest-updates-07-november-2022/articleshow/95347833.cms
2022-11-07,currency headwinds likely to impact pricing benefits of it majors,https://economictimes.indiatimes.comhttps://economictimes.indiatimes.com/tech/information-tech/currency-headwinds-likely-to-impact-pricing-benefits-of-it-majors/articleshow/95341857.cms
2022-11-08,forex reserves log fastest growth in 14 months,https://economictimes.indiatimes.comhttps://economictimes.indiatimes.com/markets/forex/forex-reserves-log-fastest-growth-in-14-months/articleshow/95367335.cms
2022-11-10,crypto prices today live news bitcoin dogecoin ethereum shibha inu cryptocurrency latest updates 10 november 2022,https://economictimes.indiatimes.comhttps://economictimes.indiatimes.com/markets/cryptocurrency/crypto-prices-today-live-news-bitcoin-dogecoin-ethereum-shibha-inu-cryptocurrency-latest-updates-10-november-2022/articleshow/95418741.cms
2022-11-10,central bank digital currency could end rbi esma row,https://economictimes.indiatimes.comhttps://economictimes.indiatimes.com/industry/banking/finance/banking/central-bank-digital-currency-could-end-rbi-esma-row/articleshow/95411409.cms
2022-11-11,faces places and going vertical on currency notes,https://economictimes.indiatimes.comhttps://economictimes.indiatimes.com/opinion/et-commentary/faces-places-and-going-vertical-on-currency-notes/articleshow/95459622.cms
2022-11-11,local cryptocurrency traders brace for ftx deal impact,https://economictimes.indiatimes.comhttps://economictimes.indiatimes.com/tech/technology/local-cryptocurrency-traders-brace-for-ftx-deal-impact/articleshow/95442151.cms
2022-11-11,us department of treasury removes india from its currency monitoring list,https://economictimes.indiatimes.comhttps://economictimes.indiatimes.com/news/india/us-department-of-treasury-removes-india-from-its-currency-monitoring-list/articleshow/95458091.cms
2022-11-11,indias forex reserves down by 1 087 billion to 529 994 billion,https://economictimes.indiatimes.comhttps://economictimes.indiatimes.com/news/economy/finance/indias-forex-reserves-down-by-1-087-billion-to-529-994-billion/articleshow/95457673.cms
2022-11-11,crypto prices today live news bitcoin dogecoin ethereum shibha inu cryptocurrency latest updates 11 november 2022,https://economictimes.indiatimes.comhttps://economictimes.indiatimes.com/markets/cryptocurrency/crypto-prices-today-live-news-bitcoin-dogecoin-ethereum-shibha-inu-cryptocurrency-latest-updates-11-november-2022/articleshow/95443652.cms
2022-11-14,forex card for international travel who can apply documents required charges,https://economictimes.indiatimes.comhttps://economictimes.indiatimes.com/wealth/spend/forex-card-for-international-travel-who-can-apply-documents-required-charges/articleshow/95466370.cms
2022-11-15,sbi icici idfc hdfc in rbis list for digital currency pilot,https://economictimes.indiatimes.comhttps://economictimes.indiatimes.com/news/economy/finance/sbi-icici-idfc-hdfc-in-rbis-list-for-digital-currency-pilot/articleshow/95518321.cms
2022-11-15,crypto prices today live news bitcoin dogecoin ethereum shibha inu cryptocurrency latest updates 15 november 2022,https://economictimes.indiatimes.comhttps://economictimes.indiatimes.com/markets/cryptocurrency/crypto-prices-today-live-news-bitcoin-dogecoin-ethereum-shibha-inu-cryptocurrency-latest-updates-15-november-2022/articleshow/95523573.cms
2022-11-17,crypto prices today live news bitcoin dogecoin ethereum shibha inu cryptocurrency latest updates 17 november 2022,https://economictimes.indiatimes.comhttps://economictimes.indiatimes.com/markets/cryptocurrency/crypto-prices-today-live-news-bitcoin-dogecoin-ethereum-shibha-inu-cryptocurrency-latest-updates-17-november-2022/articleshow/95572164.cms
2022-11-19,forex kitty surges record 14 7b in a week,https://economictimes.indiatimes.comhttps://economictimes.indiatimes.com/markets/forex/forex-kitty-surges-record-14-7b-in-a-week/articleshow/95617199.cms
2022-11-21,crypto prices today live news bitcoin dogecoin ethereum shibha inu cryptocurrency latest updates 21 november 2022,https://economictimes.indiatimes.comhttps://economictimes.indiatimes.com/markets/cryptocurrency/crypto-prices-today-live-news-bitcoin-dogecoin-ethereum-shibha-inu-cryptocurrency-latest-updates-21-november-2022/articleshow/95652069.cms
2022-11-21,forex reserves pile up may not keep pace,https://economictimes.indiatimes.comhttps://economictimes.indiatimes.com/news/economy/finance/forex-reserves-pile-up-may-not-keep-pace/articleshow/95644455.cms
2022-11-22,crypto prices today live news bitcoin dogecoin ethereum shibha inu cryptocurrency latest updates 22 november 2022,https://economictimes.indiatimes.comhttps://economictimes.indiatimes.com/markets/cryptocurrency/crypto-prices-today-live-news-bitcoin-dogecoin-ethereum-shibha-inu-cryptocurrency-latest-updates-22-november-2022/articleshow/95677187.cms
2022-11-22,ftx has collapsed but dont write off the cryptocurrency just yet,https://economictimes.indiatimes.comhttps://economictimes.indiatimes.com/opinion/et-commentary/ftx-has-collapsed-but-dont-write-off-the-cryptocurrency-just-yet/articleshow/95668865.cms
2022-11-23,crypto prices today live news bitcoin dogecoin ethereum shibha inu cryptocurrency latest updates 23 november 2022,https://economictimes.indiatimes.comhttps://economictimes.indiatimes.com/markets/cryptocurrency/crypto-prices-today-live-news-bitcoin-dogecoin-ethereum-shibha-inu-cryptocurrency-latest-updates-23-november-2022/articleshow/95704539.cms
2022-11-24,why india may not face ftx kind of cryptocurrency meltdown,https://economictimes.indiatimes.comhttps://economictimes.indiatimes.com/opinion/et-commentary/why-india-may-not-face-ftx-kind-of-cryptocurrency-meltdown/articleshow/95748482.cms
2022-11-24,crypto prices today live news bitcoin dogecoin ethereum shibha inu cryptocurrency latest updates 24 november 2022,https://economictimes.indiatimes.comhttps://economictimes.indiatimes.com/markets/cryptocurrency/crypto-prices-today-live-news-bitcoin-dogecoin-ethereum-shibha-inu-cryptocurrency-latest-updates-24-november-2022/articleshow/95729603.cms
2022-11-24,digital currency potential and challenges,https://economictimes.indiatimes.comhttps://economictimes.indiatimes.com/markets/forex/digital-currency-potential-and-challenges/articleshow/95413120.cms
2022-11-25,what happened to worlds largest cryptocurrency exchanges ftx a timeline,https://economictimes.indiatimes.comhttps://economictimes.indiatimes.com/news/international/us/what-happened-to-worlds-largest-cryptocurrency-exchanges-ftx-a-timeline/articleshow/95768995.cms
2022-11-25,learn why binomo is better than forex,https://economictimes.indiatimes.comhttps://economictimes.indiatimes.com/wealth/invest/learn-why-binomo-is-better-than-forex/articleshow/95706498.cms
2022-11-25,crypto prices today live news bitcoin dogecoin ethereum shibha inu cryptocurrency latest updates 25 november 2022,https://economictimes.indiatimes.comhttps://economictimes.indiatimes.com/markets/cryptocurrency/crypto-prices-today-live-news-bitcoin-dogecoin-ethereum-shibha-inu-cryptocurrency-latest-updates-25-november-2022/articleshow/95755560.cms
2022-11-28,large cryptocurrency moved to binance ether sinks here are the details,https://economictimes.indiatimes.comhttps://economictimes.indiatimes.com/news/international/us/large-cryptocurrency-moved-to-binance-ether-sinks-here-are-the-details/articleshow/95833476.cms
2022-11-28,how rbis central bank digital currency digital rupee will work how e rupee is different from digital money,https://economictimes.indiatimes.comhttps://economictimes.indiatimes.com/wealth/save/how-rbis-central-bank-digital-currency-digital-rupee-will-work-how-e-rupee-is-different-from-digital-money/articleshow/94705498.cms
2022-11-29,most indian rated corporates well protected against currency risks moodys,https://economictimes.indiatimes.comhttps://economictimes.indiatimes.com/news/economy/indicators/most-indian-rated-corporates-well-protected-against-currency-risks-moodys/articleshow/95856500.cms
2022-11-29,crypto prices today live news bitcoin dogecoin ethereum shibha inu cryptocurrency latest updates 29 november 2022,https://economictimes.indiatimes.comhttps://economictimes.indiatimes.com/markets/cryptocurrency/crypto-prices-today-live-news-bitcoin-dogecoin-ethereum-shibha-inu-cryptocurrency-latest-updates-29-november-2022/articleshow/95846063.cms
2022-11-30,bookmyforex launches a zero markup travel card,https://economictimes.indiatimes.comhttps://economictimes.indiatimes.com/wealth/personal-finance-news/bookmyforex-launches-a-zero-markup-travel-card/articleshow/95882235.cms
2022-11-30,hackers demand rs 200cr in cryptocurrency from aiims delhi as server remains down for 6th day,https://economictimes.indiatimes.comhttps://economictimes.indiatimes.com/news/india/hackers-demand-rs-200cr-in-cryptocurrency-from-aiims-delhi-as-server-remains-down-for-6th-day/articleshow/95831248.cms
2022-12-01,crypto prices today live news bitcoin dogecoin ethereum shibha inu cryptocurrency latest updates 1 december 2022,https://economictimes.indiatimes.comhttps://economictimes.indiatimes.com/markets/cryptocurrency/crypto-prices-today-live-news-bitcoin-dogecoin-ethereum-shibha-inu-cryptocurrency-latest-updates-1-december-2022/articleshow/95904029.cms
2022-12-05,fake currency and black money like jarasandha should be cut into pieces centre tells sc on demonetisation challenge,https://economictimes.indiatimes.comhttps://economictimes.indiatimes.com/news/india/fake-currency-and-black-money-like-jarasandha-should-be-cut-into-pieces-centre-tells-sc-on-demonetisation-challenge/articleshow/96008452.cms
2022-12-05,crypto prices today live news bitcoin dogecoin ethereum shibha inu cryptocurrency latest updates 5 december 2022,https://economictimes.indiatimes.comhttps://economictimes.indiatimes.com/markets/cryptocurrency/crypto-prices-today-live-news-bitcoin-dogecoin-ethereum-shibha-inu-cryptocurrency-latest-updates-5-december-2022/articleshow/95993752.cms
2022-12-06,no procedural lapse in demonetisation of 500 and 1000 currency notes in 2016 rbi to sc,https://economictimes.indiatimes.comhttps://economictimes.indiatimes.com/news/india/no-procedural-lapse-in-demonetisation-of-500-and-1000-currency-notes-in-2016-rbi-to-sc/articleshow/96037581.cms
2022-12-06,crypto prices today live news bitcoin dogecoin ethereum shibha inu cryptocurrency latest updates 06 december 2022,https://economictimes.indiatimes.comhttps://economictimes.indiatimes.com/markets/cryptocurrency/crypto-prices-today-live-news-bitcoin-dogecoin-ethereum-shibha-inu-cryptocurrency-latest-updates-06-december-2022/articleshow/96020511.cms
2022-12-06,rbi response sought on pil seeking uniform banking code for forex transactions,https://economictimes.indiatimes.comhttps://economictimes.indiatimes.com/industry/banking/finance/banking/rbi-response-sought-on-pil-seeking-uniform-banking-code-for-forex-transactions/articleshow/96011374.cms
2022-12-07,central bank digital currency will be as anonymous as the currency note rbi,https://economictimes.indiatimes.comhttps://economictimes.indiatimes.com/news/economy/policy/central-bank-digital-currency-will-be-as-anonymous-as-the-currency-note-rbi/articleshow/96057879.cms
2022-12-07,crypto prices today live news bitcoin dogecoin ethereum shibha inu cryptocurrency latest updates 07 december 2022,https://economictimes.indiatimes.comhttps://economictimes.indiatimes.com/markets/cryptocurrency/crypto-prices-today-live-news-bitcoin-dogecoin-ethereum-shibha-inu-cryptocurrency-latest-updates-07-december-2022/articleshow/96047536.cms
2022-12-07,indias forex reserves up at 561 2 billion as on december 2 rbi governor shaktikanta das says,https://economictimes.indiatimes.comhttps://economictimes.indiatimes.com/news/economy/indicators/indias-forex-reserves-up-at-561-2-billion-as-on-december-2-rbi-governor-shaktikanta-das-says/articleshow/96047585.cms
2022-12-07,new forex rules pose challenges to angels investing in foreign startups,https://economictimes.indiatimes.comhttps://economictimes.indiatimes.com/tech/startups/new-forex-rules-pose-challenges-to-angels-investing-in-foreign-startups/articleshow/96036936.cms
2022-12-07,systemically important platforms may face more scrutiny angels investing in foreign startups face forex hurdle,https://economictimes.indiatimes.comhttps://economictimes.indiatimes.com/tech/newsletters/morning-dispatch/systemically-important-platforms-may-face-more-scrutiny-angels-investing-in-foreign-startups-face-forex-hurdle/articleshow/96042731.cms
2022-12-07,forex inflows likely to rise says rbi governor,https://economictimes.indiatimes.comhttps://economictimes.indiatimes.com/news/economy/policy/forex-inflows-likely-to-rise-says-rbi-governor/articleshow/96050403.cms
2022-12-08,forex flows to help india tackle cad challenges,https://economictimes.indiatimes.comhttps://economictimes.indiatimes.com/markets/forex/forex-flows-to-help-india-tackle-cad-challenges/articleshow/96070203.cms
2022-12-08,do consecutive holidays hit forex other global trade rbi asks banks,https://economictimes.indiatimes.comhttps://economictimes.indiatimes.com/industry/banking/finance/banking/do-consecutive-holidays-hit-forex-other-global-trade-rbi-asks-banks/articleshow/96065729.cms
2022-12-09,forex kitty soars usd 11 bn to usd 561 16 billion,https://economictimes.indiatimes.comhttps://economictimes.indiatimes.com/markets/forex/forex-kitty-soars-usd-11-bn-to-usd-561-16-billion/articleshow/96115332.cms
2022-12-09,crypto prices today live news bitcoin dogecoin ethereum shibha inu cryptocurrency latest updates 09 december 2022,https://economictimes.indiatimes.comhttps://economictimes.indiatimes.com/markets/cryptocurrency/crypto-prices-today-live-news-bitcoin-dogecoin-ethereum-shibha-inu-cryptocurrency-latest-updates-09-december-2022/articleshow/96101474.cms
2022-12-12,finance minister nirmala sitharaman says indian rupee strong against every currency,https://economictimes.indiatimes.comhttps://economictimes.indiatimes.com/news/economy/finance/finance-minister-nirmala-sitharaman-says-indian-rupee-strong-against-every-currency/articleshow/96166882.cms
2022-12-14,crypto prices today live news bitcoin dogecoin ethereum shibha inu cryptocurrency latest updates 14 december 2022,https://economictimes.indiatimes.comhttps://economictimes.indiatimes.com/markets/cryptocurrency/crypto-prices-today-live-news-bitcoin-dogecoin-ethereum-shibha-inu-cryptocurrency-latest-updates-14-december-2022/articleshow/96215805.cms
2022-12-15,crypto prices today live news bitcoin dogecoin ethereum shibha inu cryptocurrency latest updates 15 december 2022,https://economictimes.indiatimes.comhttps://economictimes.indiatimes.com/markets/cryptocurrency/crypto-prices-today-live-news-bitcoin-dogecoin-ethereum-shibha-inu-cryptocurrency-latest-updates-15-december-2022/articleshow/96242907.cms
2022-12-16,indias forex kitty rises by 2 9 billion to 564 01 billion,https://economictimes.indiatimes.comhttps://economictimes.indiatimes.com/news/economy/indicators/indias-forex-kitty-rises-by-2-9-billion-to-564-01-billion/articleshow/96279640.cms
2022-12-16,crypto prices today live news bitcoin dogecoin ethereum shibha inu cryptocurrency latest updates 16 december 2022,https://economictimes.indiatimes.comhttps://economictimes.indiatimes.com/markets/cryptocurrency/crypto-prices-today-live-news-bitcoin-dogecoin-ethereum-shibha-inu-cryptocurrency-latest-updates-16-december-2022/articleshow/96269510.cms
2022-12-19,crypto prices today live news bitcoin dogecoin ethereum shibha inu cryptocurrency latest updates 19 december 2022,https://economictimes.indiatimes.comhttps://economictimes.indiatimes.com/markets/cryptocurrency/crypto-prices-today-live-news-bitcoin-dogecoin-ethereum-shibha-inu-cryptocurrency-latest-updates-19-december-2022/articleshow/96334315.cms
2022-12-23,forex reserves decline 571 mn to 563 5 bln,https://economictimes.indiatimes.comhttps://economictimes.indiatimes.com/markets/forex/forex-reserves-decline-571-mn-to-563-5-bln/articleshow/96462495.cms
2022-12-23,bottle of 500 ml sees huge savings in forex govt subsidy,https://economictimes.indiatimes.comhttps://economictimes.indiatimes.com/industry/indl-goods/svs/chem-/-fertilisers/iffco-to-soon-launch-nano-dap-at-rs-600/bottle-of-500-ml-sees-huge-savings-in-forex-govt-subsidy/articleshow/96461355.cms
2022-12-26,missed inflation target digital currency pilot mark rbis 2022 map growth vector to dominate ahead,https://economictimes.indiatimes.comhttps://economictimes.indiatimes.com/news/economy/policy/missed-inflation-target-digital-currency-pilot-mark-rbis-2022-map-growth-vector-to-dominate-ahead/articleshow/96512173.cms
2022-12-27,planning an international trip top 5 travel cards for best discounts forex rate,https://economictimes.indiatimes.comhttps://economictimes.indiatimes.com/wealth/spend/planning-an-international-trip-top-5-travel-cards-for-best-discounts-forex-rate/articleshow/96536224.cms
2022-12-28,us charges cryptocurrency trader with fraud manipulation in mango markets case,https://economictimes.indiatimes.comhttps://economictimes.indiatimes.com/news/international/us/us-charges-cryptocurrency-trader-with-fraud-manipulation-in-mango-markets-case/articleshow/96578072.cms
2022-12-28,5 new cryptocurrency coin launches to invest in 2023,https://economictimes.indiatimes.comhttps://economictimes.indiatimes.com/wealth/invest/5-new-cryptocurrency-coin-launches-to-invest-in-2023/articleshow/96574384.cms
2022-12-28,top 5 cryptocurrency projects to buy in 2023,https://economictimes.indiatimes.comhttps://economictimes.indiatimes.com/wealth/invest/top-5-cryptocurrency-projects-to-buy-in-2023/articleshow/96575273.cms
2022-12-28,crypto prices today live news bitcoin dogecoin ethereum shibha inu cryptocurrency latest updates 28 december 2022,https://economictimes.indiatimes.comhttps://economictimes.indiatimes.com/markets/cryptocurrency/crypto-prices-today-live-news-bitcoin-dogecoin-ethereum-shibha-inu-cryptocurrency-latest-updates-28-december-2022/articleshow/96563080.cms
2022-12-29,7 cryptocurrency to buy in 2023 with the most potential,https://economictimes.indiatimes.comhttps://economictimes.indiatimes.com/wealth/invest/7-cryptocurrency-to-buy-in-2023-with-the-most-potential/articleshow/96570606.cms
2022-12-29,crypto prices today live news bitcoin dogecoin ethereum shibha inu cryptocurrency latest updates 29 december 2022,https://economictimes.indiatimes.comhttps://economictimes.indiatimes.com/markets/cryptocurrency/crypto-prices-today-live-news-bitcoin-dogecoin-ethereum-shibha-inu-cryptocurrency-latest-updates-29-december-2022/articleshow/96590143.cms
2022-12-30,indias forex reserves fall slightly to 562 81 billion from 563 49 billion,https://economictimes.indiatimes.comhttps://economictimes.indiatimes.com/news/economy/indicators/indias-forex-reserves-fall-slightly-to-562-81-billion-from-563-49-billion/articleshow/96622849.cms
2023-01-02,circulation of fake currency notes continues to pose challenge,https://economictimes.indiatimes.comhttps://economictimes.indiatimes.com/news/india/circulation-of-fake-currency-notes-continues-to-pose-challenge/articleshow/96684502.cms
2023-01-02,currency in circulation up 83 since demonetisation in 2016,https://economictimes.indiatimes.comhttps://economictimes.indiatimes.com/news/economy/indicators/currency-in-circulation-up-83-since-demonetisation-in-2016/articleshow/96678802.cms
2023-01-02,supreme court verdict on pleas challenging the governments 2016 decision to demonetise currency today,https://economictimes.indiatimes.comhttps://economictimes.indiatimes.com/news/india/supreme-court-verdict-on-pleas-challenging-the-governments-2016-decision-to-demonetise-currency-today/articleshow/96667266.cms
2023-01-03,etmarkets smart talk expensive valuations cad currency among top headwinds for indian markets in 2023,https://economictimes.indiatimes.comhttps://economictimes.indiatimes.com/markets/expert-view/etmarkets-smart-talk-expensive-valuations-cad-currency-among-top-headwinds-for-indian-markets-in-2023/articleshow/96697512.cms
2023-01-04,crypto prices today live news bitcoin dogecoin ethereum shibha inu cryptocurrency latest updates 04 january 2022,https://economictimes.indiatimes.comhttps://economictimes.indiatimes.com/markets/cryptocurrency/crypto-prices-today-live-news-bitcoin-dogecoin-ethereum-shibha-inu-cryptocurrency-latest-updates-04-january-2022/articleshow/96732290.cms
2023-01-06,rupee worst emerging asia currency of 2022 may fall further,https://economictimes.indiatimes.comhttps://economictimes.indiatimes.com/markets/forex/rupee-worst-emerging-asia-currency-of-2022-may-fall-further/articleshow/96797081.cms
2023-01-09,speculation on prashant kishors political plunge gains currency as supporters pitch for fighting lok sabha polls,https://economictimes.indiatimes.comhttps://economictimes.indiatimes.com/news/politics-and-nation/speculation-on-prashant-kishors-political-plunge-gains-currency-as-supporters-pitch-for-fighting-lok-sabha-polls/articleshow/96856725.cms
2023-01-10,forex kitty grows in q3 on better external factors but headwinds need close watch,https://economictimes.indiatimes.comhttps://economictimes.indiatimes.com/markets/forex/forex-kitty-grows-in-q3-on-better-external-factors-but-headwinds-need-close-watch/articleshow/96866757.cms
2023-01-12,it dept seizes huge quantities of currency notes from tmc mlas offices residences,https://economictimes.indiatimes.comhttps://economictimes.indiatimes.com/news/politics-and-nation/it-dept-seizes-huge-quantities-of-currency-notes-from-tmc-mlas-offices-residences/articleshow/96937383.cms
2023-01-13,indias forex reserves shrink by usd 1 268 bn to usd 561 583 bn,https://economictimes.indiatimes.comhttps://economictimes.indiatimes.com/news/economy/indicators/indias-forex-reserves-shrink-by-usd-1-268-bn-to-usd-561-583-bn/articleshow/96969761.cms
2023-01-13,crypto prices today live news bitcoin dogecoin ethereum shibha inu cryptocurrency latest updates 04 january 2022,https://economictimes.indiatimes.comhttps://economictimes.indiatimes.com/markets/cryptocurrency/crypto-prices-today-live-news-bitcoin-dogecoin-ethereum-shibha-inu-cryptocurrency-latest-updates-04-january-2022/articleshow/96961105.cms
2023-01-16,crypto prices today live news bitcoin dogecoin ethereum shibha inu cryptocurrency latest updates 16 january 2023,https://economictimes.indiatimes.comhttps://economictimes.indiatimes.com/markets/stocks/news/crypto-prices-today-live-news-bitcoin-dogecoin-ethereum-shibha-inu-cryptocurrency-latest-updates-16-january-2023/articleshow/97020831.cms
2023-01-18,crypto prices today live news bitcoin dogecoin ethereum shibha inu cryptocurrency latest updates 18 january 2023,https://economictimes.indiatimes.comhttps://economictimes.indiatimes.com/markets/cryptocurrency/crypto-prices-today-live-news-bitcoin-dogecoin-ethereum-shibha-inu-cryptocurrency-latest-updates-18-january-2023/articleshow/97084651.cms
2023-01-20,crypto prices today live news bitcoin dogecoin ethereum shibha inu cryptocurrency latest updates 20 january 2023,https://economictimes.indiatimes.comhttps://economictimes.indiatimes.com/markets/cryptocurrency/crypto-prices-today-live-news-bitcoin-dogecoin-ethereum-shibha-inu-cryptocurrency-latest-updates-20-january-2023/articleshow/97166970.cms
2023-01-23,iraqi prime minister replaces central bank governor over currency drop,https://economictimes.indiatimes.comhttps://economictimes.indiatimes.com/news/international/world-news/iraqi-prime-minister-replaces-central-bank-governor-over-currency-drop/articleshow/97246553.cms
2023-01-23,pakistan forex reserves slip to 4 3 billion can cover 3 weeks of imports says financial post,https://economictimes.indiatimes.comhttps://economictimes.indiatimes.com/news/international/world-news/pakistan-forex-reserves-slip-to-4-3-billion-can-cover-3-weeks-of-imports-says-financial-post/articleshow/97241547.cms
2023-01-23,state bank of pakistans forex reserves reach 4 34 billion islamabad left with three weeks of import cover,https://economictimes.indiatimes.comhttps://economictimes.indiatimes.com/news/international/business/state-bank-of-pakistans-forex-reserves-reach-4-34-billion-islamabad-left-with-three-weeks-of-import-cover/articleshow/97241261.cms
2023-01-23,crypto prices today live news bitcoin dogecoin ethereum shibha inu cryptocurrency latest updates 23 january 2023,https://economictimes.indiatimes.comhttps://economictimes.indiatimes.com/markets/cryptocurrency/crypto-prices-today-live-news-bitcoin-dogecoin-ethereum-shibha-inu-cryptocurrency-latest-updates-23-january-2023/articleshow/97244031.cms
2023-01-24,watch video man throws rs 10 currency notes from flyover in bengaluru people rush to collect money,https://economictimes.indiatimes.comhttps://economictimes.indiatimes.com/news/new-updates/watch-video-man-throws-rs-10-currency-notes-from-flyover-in-bengaluru-people-rush-to-collect-money/articleshow/97275781.cms
2023-01-25,india should consider reducing tds rate on cryptocurrency trade report,https://economictimes.indiatimes.comhttps://economictimes.indiatimes.com/tech/technology/india-should-consider-reducing-tds-rate-on-cryptocurrency-trade-report/articleshow/97318283.cms
2023-01-25,digital currency to further bolster digital economy says rbi,https://economictimes.indiatimes.comhttps://economictimes.indiatimes.com/news/economy/finance/digital-currency-to-further-bolster-digital-economy-says-rbi/articleshow/97317727.cms
2023-01-26,anand mahindra buys fruits using indias first ever digital currency e rupee shares video on twitter to show how it works,https://economictimes.indiatimes.comhttps://economictimes.indiatimes.com/news/new-updates/anand-mahindra-buys-fruits-using-indias-first-ever-digital-currency-e-rupee-shares-video-on-twitter-to-show-how-it-works/articleshow/97345235.cms
2023-01-27,indias forex reserves rise by 1 727 bn to 573 727 bn,https://economictimes.indiatimes.comhttps://economictimes.indiatimes.com/news/economy/finance/indias-forex-reserves-rise-by-1-727-bn-to-573-727-bn/articleshow/97376700.cms
2023-01-27,pakistans currency plummets to record low of 255 against us dollar,https://economictimes.indiatimes.comhttps://economictimes.indiatimes.com/news/international/world-news/pakistans-currency-plummets-to-record-low-of-255-against-us-dollar/articleshow/97355596.cms
2023-01-27,crypto prices today live news bitcoin dogecoin ethereum shibha inu cryptocurrency latest updates 27 january 2023,https://economictimes.indiatimes.comhttps://economictimes.indiatimes.com/markets/cryptocurrency/crypto-prices-today-live-news-bitcoin-dogecoin-ethereum-shibha-inu-cryptocurrency-latest-updates-27-january-2023/articleshow/97368834.cms
2023-01-30,ettech explainer how are fintechs impacted by rbis ban on sbm banks forex transactions,https://economictimes.indiatimes.comhttps://economictimes.indiatimes.com/tech/technology/ettech-explainer-how-are-fintechs-impacted-by-rbis-ban-on-sbm-banks-forex-transactions/articleshow/97447682.cms
2023-01-30,razorpays forex service to help founders transfer funding to india,https://economictimes.indiatimes.comhttps://economictimes.indiatimes.com/tech/startups/razorpays-forex-service-to-help-founders-transfer-funding-to-india/articleshow/97423905.cms
2023-01-31,economic survey 2023 sees rbis digital currency as a booster shot for financial services,https://economictimes.indiatimes.comhttps://economictimes.indiatimes.com/tech/technology/economic-survey-2023-sees-rbis-digital-currency-as-a-booster-shot-for-financial-services/articleshow/97497559.cms
2023-01-31,promoting international trade in rupee to help reduce currency volatility survey,https://economictimes.indiatimes.comhttps://economictimes.indiatimes.com/news/economy/finance/promoting-international-trade-in-rupee-to-help-reduce-currency-volatility-survey/articleshow/97491613.cms
2023-01-31,economic survey 2023 whats in it for ecommerce and cryptocurrency sectors,https://economictimes.indiatimes.comhttps://economictimes.indiatimes.com/tech/technology/economic-survey-2023-whats-in-it-for-ecommerce-and-cryptocurrency-sectors/articleshow/97489575.cms
2023-02-01,crypto prices today live news bitcoin dogecoin ethereum shibha inu cryptocurrency latest updates 01 february 2023,https://economictimes.indiatimes.comhttps://economictimes.indiatimes.com/markets/cryptocurrency/crypto-prices-today-live-news-bitcoin-dogecoin-ethereum-shibha-inu-cryptocurrency-latest-updates-01-february-2023/articleshow/97519932.cms
2023-02-03,indias forex kitty jumps usd 3 03 bn to usd 576 76 bn in third weekly rise,https://economictimes.indiatimes.comhttps://economictimes.indiatimes.com/news/economy/indicators/indias-forex-kitty-jumps-usd-3-03-bn-to-usd-576-76-bn-in-third-weekly-rise/articleshow/97582352.cms
2023-02-03,pakistans forex exchange reserves hit 10 year low,https://economictimes.indiatimes.comhttps://economictimes.indiatimes.com/news/international/business/pakistans-forex-exchange-reserves-hit-10-year-low/articleshow/97577245.cms
2023-02-06,crypto prices today live news bitcoin dogecoin ethereum shibha inu cryptocurrency latest updates 06 february 2023,https://economictimes.indiatimes.comhttps://economictimes.indiatimes.com/markets/cryptocurrency/crypto-prices-today-live-news-bitcoin-dogecoin-ethereum-shibha-inu-cryptocurrency-latest-updates-06-february-2023/articleshow/97639111.cms
2023-02-08,digital currency has 50000 users 5000 merchants rbi,https://economictimes.indiatimes.comhttps://economictimes.indiatimes.com/news/economy/finance/digital-currency-has-50000-users-5000-merchants-rbi/articleshow/97732477.cms
2023-02-08,reliance bpcl among buyers using uae currency for russian oil,https://economictimes.indiatimes.comhttps://economictimes.indiatimes.com/industry/energy/oil-gas/reliance-bpcl-among-buyers-using-uae-currency-for-russian-oil/articleshow/97727901.cms
2023-02-09,what is rbi digital rupee important features how it is different from cryptocurrency,https://economictimes.indiatimes.comhttps://economictimes.indiatimes.com/wealth/save/what-is-rbi-digital-rupee-important-features-how-it-is-different-from-cryptocurrency/articleshow/95875376.cms
2023-02-10,indias forex kitty drops 1 49 billion to 575 27 billion,https://economictimes.indiatimes.comhttps://economictimes.indiatimes.com/markets/forex/indias-forex-kitty-drops-1-49-billion-to-575-27-billion/articleshow/97806858.cms
2023-02-10,rbi updates alert list of entities not authorised to deal in forex trading,https://economictimes.indiatimes.comhttps://economictimes.indiatimes.com/markets/stocks/news/rbi-updates-alert-list-of-entities-not-authorised-to-deal-in-forex-trading/articleshow/97806768.cms
2023-02-10,indias forex reserves drop by 1 5 billion to 575 3 billion as on february 3,https://economictimes.indiatimes.comhttps://economictimes.indiatimes.com/news/economy/finance/indias-forex-reserves-drop-by-1-5-billion-to-575-3-billion-as-on-february-3/articleshow/97802340.cms
2023-02-11,rbi issues updated list of unauthorised forex trading platforms,https://economictimes.indiatimes.comhttps://economictimes.indiatimes.com/news/economy/finance/rbi-issues-updated-list-of-unauthorised-forex-trading-platforms/articleshow/97802644.cms
2023-02-12,g20 exploring cryptocurrency regulation nirmala sitharaman says,https://economictimes.indiatimes.comhttps://economictimes.indiatimes.com/news/economy/policy/g20-exploring-cryptocurrency-regulation-nirmala-sitharaman-says/articleshow/97821993.cms
2023-02-14,crypto prices today live news bitcoin dogecoin ethereum shibha inu cryptocurrency latest updates 14 february 2023,https://economictimes.indiatimes.comhttps://economictimes.indiatimes.com/markets/cryptocurrency/crypto-prices-today-live-news-bitcoin-dogecoin-ethereum-shibha-inu-cryptocurrency-latest-updates-14-february-2023/articleshow/97906944.cms
2023-02-16,crypto prices today live news bitcoin dogecoin ethereum shibha inu cryptocurrency latest updates 16 february 2023,https://economictimes.indiatimes.comhttps://economictimes.indiatimes.com/markets/cryptocurrency/crypto-prices-today-live-news-bitcoin-dogecoin-ethereum-shibha-inu-cryptocurrency-latest-updates-16-february-2023/articleshow/97973701.cms
2023-02-17,indias forex reserve falls by 8 319 billion to 566 94 billion 2nd consecutive week of decline,https://economictimes.indiatimes.comhttps://economictimes.indiatimes.com/news/economy/indicators/indias-forex-reserve-falls-by-8-319-billion-to-566-94-billion-2nd-consecutive-week-of-decline/articleshow/98016997.cms
2023-02-17,indias forex reserves decline by 8 31 bn to 566 94 billion,https://economictimes.indiatimes.comhttps://economictimes.indiatimes.com/news/economy/indicators/indias-forex-reserves-decline-by-8-31-bn-to-566-94-billion/articleshow/98013805.cms
2023-02-17,crypto prices today live news bitcoin dogecoin ethereum shibha inu cryptocurrency latest updates 17 february 2023,https://economictimes.indiatimes.comhttps://economictimes.indiatimes.com/markets/cryptocurrency/crypto-prices-today-live-news-bitcoin-dogecoin-ethereum-shibha-inu-cryptocurrency-latest-updates-17-february-2023/articleshow/98005985.cms
2023-02-21,crypto prices today live news bitcoin dogecoin ethereum shibha inu cryptocurrency latest updates 21 february 2023,https://economictimes.indiatimes.comhttps://economictimes.indiatimes.com/markets/cryptocurrency/crypto-prices-today-live-news-bitcoin-dogecoin-ethereum-shibha-inu-cryptocurrency-latest-updates-21-february-2023/articleshow/98115763.cms
2023-02-22,mumbai airport customs officials seize foreign currency worth rs 8 3 crore,https://economictimes.indiatimes.comhttps://economictimes.indiatimes.com/news/india/mumbai-airport-customs-officials-seize-foreign-currency-worth-rs-8-3-crore/articleshow/98159488.cms
2023-02-22,keywords bitcoin price ethereum price cryptocurrency crypto price today dogecoin shiba inu price,https://economictimes.indiatimes.comhttps://economictimes.indiatimes.com/markets/cryptocurrency/keywords-bitcoin-price-ethereum-price-cryptocurrency-crypto-price-today-dogecoin-shiba-inu-price/articleshow/98145739.cms
2023-02-24,indias forex reserves drop by usd 5 68 bn to usd 561 27 bn as on feb 17,https://economictimes.indiatimes.comhttps://economictimes.indiatimes.com/news/economy/indicators/indias-forex-reserves-drop-by-usd-5-68-bn-to-usd-561-27-bn-as-on-feb-17/articleshow/98212384.cms
2023-02-28,crypto prices today live news bitcoin dogecoin ethereum shibha inu cryptocurrency latest updates 28 february 2023,https://economictimes.indiatimes.comhttps://economictimes.indiatimes.com/markets/cryptocurrency/crypto-prices-today-live-news-bitcoin-dogecoin-ethereum-shibha-inu-cryptocurrency-latest-updates-28-february-2023/articleshow/98293787.cms
2023-03-01,crypto prices today live news bitcoin dogecoin ethereum shibha inu cryptocurrency latest updates 1 march 2023,https://economictimes.indiatimes.comhttps://economictimes.indiatimes.com/markets/cryptocurrency/crypto-prices-today-live-news-bitcoin-dogecoin-ethereum-shibha-inu-cryptocurrency-latest-updates-1-march-2023/articleshow/98325391.cms
2023-03-02,crypto prices today live news bitcoin dogecoin ethereum shibha inu cryptocurrency latest updates 02 march 2023,https://economictimes.indiatimes.comhttps://economictimes.indiatimes.com/markets/cryptocurrency/crypto-prices-today-live-news-bitcoin-dogecoin-ethereum-shibha-inu-cryptocurrency-latest-updates-02-march-2023/articleshow/98356216.cms
2023-03-03,indias forex reserves fall for fourth week in a row,https://economictimes.indiatimes.comhttps://economictimes.indiatimes.com/news/economy/indicators/indias-forex-reserves-fall-for-fourth-week-in-a-row/articleshow/98391506.cms
2023-03-03,private cryptocurrencies will never replace fiat currency nandan nilekani,https://economictimes.indiatimes.comhttps://economictimes.indiatimes.com/tech/technology/private-cryptocurrencies-will-never-replace-fiat-currency-nandan-nilekani/articleshow/98392062.cms
2023-03-03,crypto prices today live news bitcoin dogecoin ethereum shibha inu cryptocurrency latest updates 3 march 2023,https://economictimes.indiatimes.comhttps://economictimes.indiatimes.com/markets/cryptocurrency/crypto-prices-today-live-news-bitcoin-dogecoin-ethereum-shibha-inu-cryptocurrency-latest-updates-3-march-2023/articleshow/98385568.cms
2023-03-04,royaltys losing currency not just for filthy lucre,https://economictimes.indiatimes.comhttps://economictimes.indiatimes.com/opinion/et-commentary/royaltys-losing-currency-not-just-for-filthy-lucre/articleshow/98416315.cms
2023-03-06,more dollar sales likely accretion to forex reserves may be slow,https://economictimes.indiatimes.comhttps://economictimes.indiatimes.com/news/economy/finance/more-dollar-sales-likely-accretion-to-forex-reserves-may-be-slow/articleshow/98431996.cms
2023-03-06,crypto prices today live news bitcoin dogecoin ethereum shibha inu cryptocurrency latest updates 06 march 2022,https://economictimes.indiatimes.comhttps://economictimes.indiatimes.com/markets/cryptocurrency/crypto-prices-today-live-news-bitcoin-dogecoin-ethereum-shibha-inu-cryptocurrency-latest-updates-06-march-2022/articleshow/98445042.cms
2023-03-08,crypto prices today live news bitcoin dogecoin ethereum shibha inu cryptocurrency latest updates 08 march 2023,https://economictimes.indiatimes.comhttps://economictimes.indiatimes.com/markets/cryptocurrency/crypto-prices-today-live-news-bitcoin-dogecoin-ethereum-shibha-inu-cryptocurrency-latest-updates-08-march-2023/articleshow/98493790.cms
2023-03-09,high forex transaction charges for smaller customers worrisome rbi deputy governor rajeshwar rao,https://economictimes.indiatimes.comhttps://economictimes.indiatimes.com/news/economy/policy/high-forex-transaction-charges-for-smaller-customers-worrisome-rbi-deputy-governor-rajeshwar-rao/articleshow/98525884.cms
2023-03-09,crypto prices today live news bitcoin dogecoin ethereum shibha inu cryptocurrency latest updates 09 march 2023,https://economictimes.indiatimes.comhttps://economictimes.indiatimes.com/markets/cryptocurrency/crypto-prices-today-live-news-bitcoin-dogecoin-ethereum-shibha-inu-cryptocurrency-latest-updates-09-march-2023/articleshow/98513591.cms
2023-03-10,indias forex reserves rise to 562 40 billion as of march 3,https://economictimes.indiatimes.comhttps://economictimes.indiatimes.com/industry/banking/finance/indias-forex-reserves-rise-to-562-40-billion-as-of-march-3/articleshow/98548037.cms
2023-03-10,indias forex reserves increase snapping four week losing streak,https://economictimes.indiatimes.comhttps://economictimes.indiatimes.com/news/economy/indicators/indias-forex-reserves-increase-snapping-four-week-losing-streak/articleshow/98544947.cms
2023-03-10,crypto prices today live news bitcoin dogecoin ethereum shibha inu cryptocurrency latest updates 10 march 2023,https://economictimes.indiatimes.comhttps://economictimes.indiatimes.com/markets/cryptocurrency/crypto-prices-today-live-news-bitcoin-dogecoin-ethereum-shibha-inu-cryptocurrency-latest-updates-10-march-2023/articleshow/98538060.cms
2023-03-11,forex reserves rise by usd 1 46 billion to usd 562 4 billion rbi,https://economictimes.indiatimes.comhttps://economictimes.indiatimes.com/markets/forex/forex-reserves-rise-by-usd-1-46-billion-to-usd-562-4-billion-rbi/articleshow/98563344.cms
2023-03-13,crypto prices today live news bitcoin dogecoin ethereum shibha inu cryptocurrency latest updates 13 march 2023,https://economictimes.indiatimes.comhttps://economictimes.indiatimes.com/markets/cryptocurrency/crypto-prices-today-live-news-bitcoin-dogecoin-ethereum-shibha-inu-cryptocurrency-latest-updates-13-march-2023/articleshow/98602263.cms
2023-03-13,currency in circulation at rs 31 22 lakh crore as of march 2022,https://economictimes.indiatimes.comhttps://economictimes.indiatimes.com/news/economy/finance/currency-in-circulation-at-rs-31-22-lakh-crore-as-of-march-2022/articleshow/98603816.cms
2023-03-14,crypto prices today live news bitcoin dogecoin ethereum shibha inu cryptocurrency latest updates 14 march 2023,https://economictimes.indiatimes.comhttps://economictimes.indiatimes.com/markets/cryptocurrency/crypto-prices-today-live-news-bitcoin-dogecoin-ethereum-shibha-inu-cryptocurrency-latest-updates-14-march-2023/articleshow/98628128.cms
2023-03-15,ed investigating several cryptocurrency related crimes proceeds worth rs 953 crore seized fm,https://economictimes.indiatimes.comhttps://economictimes.indiatimes.com/tech/technology/ed-investigating-several-cryptocurrency-related-crimes-proceeds-worth-rs-953-crore-seized-fm/articleshow/98639504.cms
2023-03-15,crypto prices today live news bitcoin dogecoin ethereum shibha inu cryptocurrency latest updates 15 march 2023,https://economictimes.indiatimes.comhttps://economictimes.indiatimes.com/markets/cryptocurrency/crypto-prices-today-live-news-bitcoin-dogecoin-ethereum-shibha-inu-cryptocurrency-latest-updates-15-march-2023/articleshow/98650793.cms
2023-03-16,crypto prices today live news bitcoin dogecoin ethereum shibha inu cryptocurrency latest updates 16 march 2023,https://economictimes.indiatimes.comhttps://economictimes.indiatimes.com/markets/cryptocurrency/crypto-prices-today-live-news-bitcoin-dogecoin-ethereum-shibha-inu-cryptocurrency-latest-updates-16-march-2023/articleshow/98690045.cms
2023-03-17,indias forex reserves fall 2 40 billion to 560 billion,https://economictimes.indiatimes.comhttps://economictimes.indiatimes.com/news/economy/indicators/indias-forex-reserves-fall-2-40-billion-to-560-billion/articleshow/98734696.cms
2023-03-17,crypto prices today live news bitcoin dogecoin ethereum shibha inu cryptocurrency latest updates 17 march 2023,https://economictimes.indiatimes.comhttps://economictimes.indiatimes.com/markets/cryptocurrency/crypto-prices-today-live-news-bitcoin-dogecoin-ethereum-shibha-inu-cryptocurrency-latest-updates-17-march-2023/articleshow/98727345.cms
2023-03-19,special steel production under pli schemes to save forex outgo faggan kulaste,https://economictimes.indiatimes.comhttps://economictimes.indiatimes.com/industry/indl-goods/svs/steel/special-steel-production-under-pli-schemes-to-save-forex-outgo-faggan-kulaste/articleshow/98769087.cms
2023-03-20,crypto prices today live news bitcoin dogecoin ethereum shibha inu cryptocurrency latest updates 20 march 2022,https://economictimes.indiatimes.comhttps://economictimes.indiatimes.com/markets/cryptocurrency/crypto-prices-today-live-news-bitcoin-dogecoin-ethereum-shibha-inu-cryptocurrency-latest-updates-20-march-2022/articleshow/98799851.cms
2023-03-21,crypto prices today live news bitcoin dogecoin ethereum shibha inu cryptocurrency latest updates 21 march 2023,https://economictimes.indiatimes.comhttps://economictimes.indiatimes.com/markets/cryptocurrency/crypto-prices-today-live-news-bitcoin-dogecoin-ethereum-shibha-inu-cryptocurrency-latest-updates-21-march-2023/articleshow/98857601.cms
2023-03-22,crypto prices today live news bitcoin dogecoin ethereum shibha inu cryptocurrency latest updates 22 march 2022,https://economictimes.indiatimes.comhttps://economictimes.indiatimes.com/markets/cryptocurrency/crypto-prices-today-live-news-bitcoin-dogecoin-ethereum-shibha-inu-cryptocurrency-latest-updates-22-march-2022/articleshow/98904325.cms
2023-03-23,currency risks a concern for india moodys analytics,https://economictimes.indiatimes.comhttps://economictimes.indiatimes.com/news/economy/indicators/currency-risks-a-concern-for-india-moodys-analytics/articleshow/98937942.cms
2023-03-23,crypto prices today live news bitcoin dogecoin ethereum shibha inu cryptocurrency latest updates 231 march 2023,https://economictimes.indiatimes.comhttps://economictimes.indiatimes.com/markets/cryptocurrency/crypto-prices-today-live-news-bitcoin-dogecoin-ethereum-shibha-inu-cryptocurrency-latest-updates-231-march-2023/articleshow/98935750.cms
2023-03-24,indias forex kitty jumps by usd 12 8 bn to usd 572 8 bn,https://economictimes.indiatimes.comhttps://economictimes.indiatimes.com/markets/forex/indias-forex-kitty-jumps-by-usd-12-8-bn-to-usd-572-8-bn/articleshow/98977480.cms
2023-03-24,indias forex jumps 12 8 billion to record six week high of 572 801 billion,https://economictimes.indiatimes.comhttps://economictimes.indiatimes.com/news/economy/indicators/indias-forex-jumps-12-8-billion-to-record-six-week-high-of-572-801-billion/articleshow/98974762.cms
2023-03-24,indias forex reserves rise 12 8 billion to 6 week high of 572 8 billion,https://economictimes.indiatimes.comhttps://economictimes.indiatimes.com/news/economy/indicators/indias-forex-reserves-rise-12-8-billion-to-6-week-high-of-572-8-billion/articleshow/98971399.cms
2023-03-24,crypto prices today live news bitcoin dogecoin ethereum shibha inu cryptocurrency latest updates 24 march 2023,https://economictimes.indiatimes.comhttps://economictimes.indiatimes.com/markets/cryptocurrency/crypto-prices-today-live-news-bitcoin-dogecoin-ethereum-shibha-inu-cryptocurrency-latest-updates-24-march-2023/articleshow/98964259.cms
2023-03-27,what to do if you get a fake note whats the punishment for offence related to counterfeit currency,https://economictimes.indiatimes.comhttps://economictimes.indiatimes.com/news/how-to/what-to-do-if-you-get-a-fake-note-whats-the-punishment-for-offence-related-to-counterfeit-currency/articleshow/99035131.cms
2023-03-27,crypto prices today live news bitcoin dogecoin ethereum shibha inu cryptocurrency latest updates 27 march 2022,https://economictimes.indiatimes.comhttps://economictimes.indiatimes.com/markets/cryptocurrency/crypto-prices-today-live-news-bitcoin-dogecoin-ethereum-shibha-inu-cryptocurrency-latest-updates-27-march-2022/articleshow/99028351.cms
2023-03-28,crypto prices today live news bitcoin dogecoin ethereum shibha inu cryptocurrency latest updates 28 march 2022,https://economictimes.indiatimes.comhttps://economictimes.indiatimes.com/markets/cryptocurrency/crypto-prices-today-live-news-bitcoin-dogecoin-ethereum-shibha-inu-cryptocurrency-latest-updates-28-march-2022/articleshow/99057143.cms
2023-03-29,crypto prices today live news bitcoin dogecoin ethereum shibha inu cryptocurrency latest updates 29 march 2022,https://economictimes.indiatimes.comhttps://economictimes.indiatimes.com/markets/cryptocurrency/crypto-prices-today-live-news-bitcoin-dogecoin-ethereum-shibha-inu-cryptocurrency-latest-updates-29-march-2022/articleshow/99085252.cms
2023-03-31,indias forex reserves rise 5 98 bn to 578 7 bn,https://economictimes.indiatimes.comhttps://economictimes.indiatimes.com/news/economy/indicators/indias-forex-reserves-rise-5-98-bn-to-578-7-bn/articleshow/99138861.cms
2023-03-31,rupee rises by 17 paise to 82 17 against us dollar on forex inflows stocks rally,https://economictimes.indiatimes.comhttps://economictimes.indiatimes.com/markets/forex/rupee-rises-by-17-paise-to-82-17-against-us-dollar-on-forex-inflows-stocks-rally/articleshow/99143627.cms
2023-03-31,crypto prices today live news bitcoin dogecoin ethereum shibha inu cryptocurrency latest updates 31 march 2023,https://economictimes.indiatimes.comhttps://economictimes.indiatimes.com/markets/cryptocurrency/crypto-prices-today-live-news-bitcoin-dogecoin-ethereum-shibha-inu-cryptocurrency-latest-updates-31-march-2023/articleshow/99138488.cms
2023-03-31,india ready to trade in inr with countries facing currency crises says commerce secy sunil barthwal,https://economictimes.indiatimes.comhttps://economictimes.indiatimes.com/news/economy/policy/india-ready-to-trade-in-inr-with-countries-facing-currency-crises-says-commerce-secy-sunil-barthwal/articleshow/99137858.cms
2023-04-03,digital currency frauds mos finance,https://economictimes.indiatimes.comhttps://economictimes.indiatimes.com/tech/technology/ed-investigating-several-cases-related-to-crypto/digital-currency-frauds-mos-finance/articleshow/99217545.cms
2023-04-03,digital currency frauds mos finance,https://economictimes.indiatimes.comhttps://economictimes.indiatimes.com/news/india/ed-investigating-several-cases-related-to-crypto/digital-currency-frauds-mos-finance/articleshow/99217705.cms
2023-04-03,go first partners with bookmyforex to provide foreign exchange services to international flyers,https://economictimes.indiatimes.comhttps://economictimes.indiatimes.com/industry/transportation/airlines-/-aviation/go-first-partners-with-bookmyforex-to-provide-foreign-exchange-services-to-international-flyers/articleshow/99212906.cms
2023-04-03,crypto prices today live news bitcoin dogecoin ethereum shibha inu cryptocurrency latest updates 3 april 2023,https://economictimes.indiatimes.comhttps://economictimes.indiatimes.com/markets/cryptocurrency/crypto-influencers/crypto-prices-today-live-news-bitcoin-dogecoin-ethereum-shibha-inu-cryptocurrency-latest-updates-3-april-2023/articleshow/99207519.cms
2023-04-03,crypto prices today live news bitcoin dogecoin ethereum shibha inu cryptocurrency latest updates 3 april 2023,https://economictimes.indiatimes.comhttps://economictimes.indiatimes.com/markets/cryptocurrency/crypto-prices-today-live-news-bitcoin-dogecoin-ethereum-shibha-inu-cryptocurrency-latest-updates-3-april-2023/articleshow/99207498.cms
2023-04-04,after 3 bln reliance and jio raise 2 bln forex loan,https://economictimes.indiatimes.comhttps://economictimes.indiatimes.com/news/company/corporate-trends/after-3-bln-reliance-and-jio-raise-2-bln-forex-loan/articleshow/99247331.cms
2023-04-06,illegal forex trading enforcement directorate attaches assets worth over rs 118 crore,https://economictimes.indiatimes.comhttps://economictimes.indiatimes.com/news/india/illegal-forex-trading-enforcement-directorate-attaches-assets-worth-over-rs-118-crore/articleshow/99303165.cms
2023-04-07,china forex reserves rise to 3 18 trllion in march,https://economictimes.indiatimes.comhttps://economictimes.indiatimes.com/news/international/world-news/china-forex-reserves-rise-to-3-18-trllion-in-march/articleshow/99316659.cms
2023-04-08,indias forex reserves drop by 329 m to 578 45 b,https://economictimes.indiatimes.comhttps://economictimes.indiatimes.com/markets/stocks/news/indias-forex-reserves-drop-by-329-m-to-578-45-b/articleshow/99331515.cms
2023-04-10,crypto prices today live news bitcoin dogecoin ethereum shibha inu cryptocurrency latest updates 10 april 2023,https://economictimes.indiatimes.comhttps://economictimes.indiatimes.com/markets/cryptocurrency/crypto-prices-today-live-news-bitcoin-dogecoin-ethereum-shibha-inu-cryptocurrency-latest-updates-10-april-2023/articleshow/99375115.cms
2023-04-12,how investors can track the impact of currency on their portfolio tarun birani explains,https://economictimes.indiatimes.comhttps://economictimes.indiatimes.com/markets/expert-view/how-investors-can-track-the-impact-of-currency-on-their-portfolio-tarun-birani-explains/articleshow/99423302.cms
2023-04-12,g7 to discuss digital currency standards crypto regulation,https://economictimes.indiatimes.comhttps://economictimes.indiatimes.com/tech/technology/g7-to-discuss-digital-currency-standards-crypto-regulation/articleshow/99422308.cms
2023-04-12,crypto prices today live news bitcoin dogecoin ethereum shibha inu cryptocurrency latest updates 12 april 2023,https://economictimes.indiatimes.comhttps://economictimes.indiatimes.com/markets/cryptocurrency/crypto-prices-today-live-news-bitcoin-dogecoin-ethereum-shibha-inu-cryptocurrency-latest-updates-12-april-2023/articleshow/99427205.cms
2023-04-13,crypto prices today live news bitcoin dogecoin ethereum shibha inu cryptocurrency latest updates 13 april 2023,https://economictimes.indiatimes.comhttps://economictimes.indiatimes.com/markets/cryptocurrency/-crypto-prices-today-live-news-bitcoin-dogecoin-ethereum-shibha-inu-cryptocurrency-latest-updates-13-april-2023/articleshow/99457590.cms
2023-04-14,indias forex reserves rises by usd 6 3 billion to usd 584 755 billion,https://economictimes.indiatimes.comhttps://economictimes.indiatimes.com/news/economy/indicators/indias-forex-reserves-rises-by-usd-6-3-billion-to-usd-584-755-billion/articleshow/99488480.cms
2023-04-14,how to spot a fake currency note what to do if you get one,https://economictimes.indiatimes.comhttps://economictimes.indiatimes.com/wealth/save/how-to-spot-a-fake-currency-note-what-to-do-if-you-get-one/articleshow/99332428.cms
2023-04-17,crypto prices today live news bitcoin dogecoin ethereum shibha inu cryptocurrency latest updates 17 april 2023,https://economictimes.indiatimes.comhttps://economictimes.indiatimes.com/markets/cryptocurrency/crypto-prices-today-live-news-bitcoin-dogecoin-ethereum-shibha-inu-cryptocurrency-latest-updates-17-april-2023/articleshow/99552296.cms
2023-04-17,forex kitty rebounds on better outlook,https://economictimes.indiatimes.comhttps://economictimes.indiatimes.com/markets/forex/forex-kitty-rebounds-on-better-outlook/articleshow/99543739.cms
2023-04-18,crypto prices today live news bitcoin dogecoin ethereum shibha inu cryptocurrency latest updates 18 april 2023,https://economictimes.indiatimes.comhttps://economictimes.indiatimes.com/markets/cryptocurrency/crypto-prices-today-live-news-bitcoin-dogecoin-ethereum-shibha-inu-cryptocurrency-latest-updates-18-april-2023/articleshow/99580947.cms
2023-04-19,crypto prices today live news bitcoin dogecoin ethereum shibha inu cryptocurrency latest updates 19 april 2023,https://economictimes.indiatimes.comhttps://economictimes.indiatimes.com/markets/cryptocurrency/crypto-prices-today-live-news-bitcoin-dogecoin-ethereum-shibha-inu-cryptocurrency-latest-updates-19-april-2023/articleshow/99608644.cms
2023-04-19,infosys has beaten tcs in constant currency revenue growth in four of the last five years,https://economictimes.indiatimes.comhttps://economictimes.indiatimes.com/markets/stocks/news/infosys-has-beaten-tcs-in-constant-currency-revenue-growth-in-four-of-the-last-five-years/articleshow/99579312.cms
2023-04-20,crypto prices today live news bitcoin dogecoin ethereum shibha inu cryptocurrency latest updates 20 april 2023,https://economictimes.indiatimes.comhttps://economictimes.indiatimes.com/markets/cryptocurrency/crypto-prices-today-live-news-bitcoin-dogecoin-ethereum-shibha-inu-cryptocurrency-latest-updates-20-april-2023/articleshow/99635528.cms
2023-04-21,indias forex reserves rise 1 65 billion to 586 41 billion,https://economictimes.indiatimes.comhttps://economictimes.indiatimes.com/news/economy/indicators/indias-forex-reserves-rise-1-65-billion-to-586-41-billion/articleshow/99668640.cms
2023-04-21,crypto prices today live news bitcoin dogecoin ethereum shibha inu cryptocurrency latest updates 21 april 2023,https://economictimes.indiatimes.comhttps://economictimes.indiatimes.com/markets/cryptocurrency/crypto-prices-today-live-news-bitcoin-dogecoin-ethereum-shibha-inu-cryptocurrency-latest-updates-21-april-2023/articleshow/99662475.cms
2023-04-24,adani group plans 650 m foreign currency bond buyback at apsez,https://economictimes.indiatimes.comhttps://economictimes.indiatimes.com/markets/bonds/adani-group-plans-650-m-foreign-currency-bond-buyback-at-apsez/articleshow/99717277.cms
2023-04-24,govt urged to allow foreign currency transactions in country via rbi,https://economictimes.indiatimes.comhttps://economictimes.indiatimes.com/news/economy/policy/govt-urged-to-allow-foreign-currency-transactions-in-country-via-rbi/articleshow/99725659.cms
2023-04-24,crypto prices today live news bitcoin dogecoin ethereum shibha inu cryptocurrency latest updates 24 april 2023,https://economictimes.indiatimes.comhttps://economictimes.indiatimes.com/markets/stocks/news/crypto-prices-today-live-news-bitcoin-dogecoin-ethereum-shibha-inu-cryptocurrency-latest-updates-24-april-2023/articleshow/99726122.cms
2023-04-24,allow foreign currency transactions in country via rbi consultants service providers urge govt,https://economictimes.indiatimes.comhttps://economictimes.indiatimes.com/wealth/save/allow-foreign-currency-transactions-in-country-via-rbi-consultants-service-providers-urge-govt/articleshow/99725741.cms
2023-04-25,crypto prices today live news bitcoin dogecoin ethereum shibha inu cryptocurrency latest updates 25 april 2023,https://economictimes.indiatimes.comhttps://economictimes.indiatimes.com/markets/cryptocurrency/crypto-prices-today-live-news-bitcoin-dogecoin-ethereum-shibha-inu-cryptocurrency-latest-updates-25-april-2023/articleshow/99755008.cms
2023-04-28,indias forex reserves fall 2 17 billion to 584 25 billion,https://economictimes.indiatimes.comhttps://economictimes.indiatimes.com/news/economy/indicators/indias-forex-reserves-fall-2-17-billion-to-584-25-billion/articleshow/99845759.cms
2023-04-29,crypto prices today live news bitcoin dogecoin ethereum shibha inu cryptocurrency latest updates 27 april 2023,https://economictimes.indiatimes.comhttps://economictimes.indiatimes.com/markets/cryptocurrency/crypto-prices-today-live-news-bitcoin-dogecoin-ethereum-shibha-inu-cryptocurrency-latest-updates-27-april-2023/articleshow/99809686.cms
2023-04-30,byjus under ed lens over forex violations,https://economictimes.indiatimes.comhttps://economictimes.indiatimes.com/tech/startups/byjus-under-ed-lens-over-forex-violations/articleshow/99862114.cms
2023-05-04,crypto prices today live news bitcoin dogecoin ethereum shibha inu cryptocurrency latest updates 4 may 2023,https://economictimes.indiatimes.comhttps://economictimes.indiatimes.com/markets/cryptocurrency/crypto-prices-today-live-news-bitcoin-dogecoin-ethereum-shibha-inu-cryptocurrency-latest-updates-4-may-2023/articleshow/99981459.cms
2023-05-05,indias forex reserves rise 4 532 billion to 588 780 billion,https://economictimes.indiatimes.comhttps://economictimes.indiatimes.com/news/economy/indicators/indias-forex-reserves-rise-4-532-billion-to-588-780-billion/articleshow/100012797.cms
2023-05-06,forex reserves surge to 10 month high of 588 7 billion,https://economictimes.indiatimes.comhttps://economictimes.indiatimes.com/markets/forex/forex-reserves-surge-to-10-month-high-of-588-7-billion/articleshow/100025074.cms
2023-05-08,crypto prices today live news bitcoin dogecoin ethereum shibha inu cryptocurrency latest updates 8 may 2023,https://economictimes.indiatimes.comhttps://economictimes.indiatimes.com/markets/cryptocurrency/crypto-prices-today-live-news-bitcoin-dogecoin-ethereum-shibha-inu-cryptocurrency-latest-updates-8-may-2023/articleshow/100069483.cms
2023-05-09,rbi directs users to pay fee charges on forex cards in rupees,https://economictimes.indiatimes.comhttps://economictimes.indiatimes.com/news/economy/policy/rbi-directs-users-to-pay-fee-charges-on-forex-cards-in-rupees/articleshow/100105019.cms
2023-05-09,80 of rbis forex assets deployed in overseas sovereign bonds and securities,https://economictimes.indiatimes.comhttps://economictimes.indiatimes.com/markets/forex/80-of-rbis-forex-assets-deployed-in-overseas-sovereign-bonds-and-securities/articleshow/100080627.cms
2023-05-10,forex cards travel cards fee should be settled in rupees not in foreign currency rbi,https://economictimes.indiatimes.comhttps://economictimes.indiatimes.com/wealth/personal-finance-news/forex-cards-travel-cards-fee-should-be-settled-in-rupees-not-in-foreign-currency-rbi/articleshow/100121817.cms
2023-05-10,crypto prices today live news bitcoin dogecoin ethereum shibha inu cryptocurrency latest updates 10 may 2023,https://economictimes.indiatimes.comhttps://economictimes.indiatimes.com/markets/cryptocurrency/crypto-prices-today-live-news-bitcoin-dogecoin-ethereum-shibha-inu-cryptocurrency-latest-updates-10-may-2023/articleshow/100126947.cms
2023-05-10,improving forex reserve ratios point to lower volatility for rupee,https://economictimes.indiatimes.comhttps://economictimes.indiatimes.com/markets/forex/improving-forex-reserve-ratios-point-to-lower-volatility-for-rupee/articleshow/100114957.cms
2023-05-12,indias forex reserves up 7 2 billion to 595 98 billion,https://economictimes.indiatimes.comhttps://economictimes.indiatimes.com/news/economy/indicators/indias-forex-reserves-up-7-2-billion-to-595-98-billion/articleshow/100187372.cms
2023-05-12,crypto prices today live news bitcoin dogecoin ethereum shibha inu cryptocurrency latest updates 12 may 2023,https://economictimes.indiatimes.comhttps://economictimes.indiatimes.com/markets/cryptocurrency/crypto-prices-today-live-news-bitcoin-dogecoin-ethereum-shibha-inu-cryptocurrency-latest-updates-12-may-2023/articleshow/100179423.cms
2023-05-12,10 tips about buying forex you should know before travelling abroad for vacation,https://economictimes.indiatimes.comhttps://economictimes.indiatimes.com/wealth/spend/10-tips-about-buying-forex-you-should-know-before-travelling-abroad-for-vacation/articleshow/100158095.cms
2023-05-13,indias forex reserves surge to a 11 month high of 595 9,https://economictimes.indiatimes.comhttps://economictimes.indiatimes.com/markets/forex/indias-forex-reserves-surge-to-a-11-month-high-of-595-9/articleshow/100201883.cms
2023-05-15,ongc arm raises 500m in foreign currency loan,https://economictimes.indiatimes.comhttps://economictimes.indiatimes.com/industry/energy/oil-gas/ongc-arm-raises-500m-in-foreign-currency-loan/articleshow/100234296.cms
2023-05-16,crypto prices today live news bitcoin dogecoin ethereum shibha inu cryptocurrency latest updates 16 may 2023,https://economictimes.indiatimes.comhttps://economictimes.indiatimes.com/markets/cryptocurrency/crypto-prices-today-live-news-bitcoin-dogecoin-ethereum-shibha-inu-cryptocurrency-latest-updates-16-may-2023/articleshow/100270953.cms
2023-05-17,credit card spend in forex to come under rbis remittance scheme,https://economictimes.indiatimes.comhttps://economictimes.indiatimes.com/industry/banking/finance/banking/credit-card-spend-in-forex-to-come-under-rbis-remittance-scheme/articleshow/100307228.cms
2023-05-17,crypto prices today live news bitcoin dogecoin ethereum shibha inu cryptocurrency latest updates 17 may 2023,https://economictimes.indiatimes.comhttps://economictimes.indiatimes.com/markets/cryptocurrency/crypto-prices-today-live-news-bitcoin-dogecoin-ethereum-shibha-inu-cryptocurrency-latest-updates-17-may-2023/articleshow/100300455.cms
2023-05-19,typical of our self styled vishwaguru congress targets pm modi over withdrawal of rs 2000 currency notes,https://economictimes.indiatimes.comhttps://economictimes.indiatimes.com/news/india/typical-of-our-self-styled-vishwaguru-congress-targets-pm-modi-over-withdrawal-of-rs-2000-currency-notes/articleshow/100363258.cms
2023-05-19,20 tcs on credit card forex payments from july 1 to come under lrs how it will impact you,https://economictimes.indiatimes.comhttps://economictimes.indiatimes.com/wealth/spend/20-tcs-on-credit-card-forex-payments-from-july-1-to-come-under-lrs-how-it-will-impact-you/articleshow/100327402.cms
2023-05-19,credit card spends in foreign currency to attract 20 tcs,https://economictimes.indiatimes.comhttps://economictimes.indiatimes.com/industry/banking/finance/banking/credit-card-spends-in-foreign-currency-to-attract-20-tcs/articleshow/100342046.cms
2023-05-20,rbis announcement to withdraw rs 2000 currency notes triggers meme fest on twitter,https://economictimes.indiatimes.comhttps://economictimes.indiatimes.com/magazines/panache/rbis-announcement-to-withdraw-rs-2000-currency-notes-triggers-meme-fest-on-twitter/articleshow/100370895.cms
2023-05-22,no tcs on debit or credit card forex payments of up to rs 7 lakh govt,https://economictimes.indiatimes.comhttps://economictimes.indiatimes.com/wealth/save/no-tcs-on-debit-or-credit-card-forex-payments-of-up-to-rs-7-lakh-govt/articleshow/100360969.cms
2023-05-23,overseas travel boom takes indians foreign currency spends to record highs,https://economictimes.indiatimes.comhttps://economictimes.indiatimes.com/nri/visit/overseas-travel-boom-takes-indians-foreign-currency-spends-to-record-highs/articleshow/100447803.cms
2023-05-23,raghuram rajans rs 10000 currency note idea and why it didnt take off,https://economictimes.indiatimes.comhttps://economictimes.indiatimes.com/news/economy/policy/raghuram-rajans-rs-10000-currency-note-idea-and-why-it-didnt-take-off/articleshow/100441441.cms
2023-05-23,rs 2000 currency notes folding or unfolding,https://economictimes.indiatimes.comhttps://economictimes.indiatimes.com/opinion/et-commentary/rs-2000-currency-notes-folding-or-unfolding/articleshow/100428407.cms
2023-05-24,ed raids at 25 locations for alleged forex violations by gaming apps,https://economictimes.indiatimes.comhttps://economictimes.indiatimes.com/news/india/ed-raids-at-25-locations-for-alleged-forex-violations-by-gaming-apps/articleshow/100479968.cms
2023-05-24,indias forex reserves at comfortable position to meet any requirements piyush goyal,https://economictimes.indiatimes.comhttps://economictimes.indiatimes.com/news/economy/indicators/indias-forex-reserves-at-comfortable-position-to-meet-any-requirements-piyush-goyal/articleshow/100468646.cms
2023-05-25,crypto prices today live news bitcoin dogecoin ethereum shibha inu cryptocurrency latest updates 25 may 2023,https://economictimes.indiatimes.comhttps://economictimes.indiatimes.com/markets/cryptocurrency/crypto-prices-today-live-news-bitcoin-dogecoin-ethereum-shibha-inu-cryptocurrency-latest-updates-25-may-2023/articleshow/100496553.cms
2023-05-25,indias forex reserves comfortable for next 5 6 years ftas to generate surplus piyush goyal,https://economictimes.indiatimes.comhttps://economictimes.indiatimes.com/news/economy/finance/indias-forex-reserves-comfortable-for-next-5-6-years-ftas-to-generate-surplus-piyush-goyal/articleshow/100469867.cms
2023-05-26,forex reserves dip 6 1 billion to 593 48 billion,https://economictimes.indiatimes.comhttps://economictimes.indiatimes.com/news/economy/indicators/forex-reserves-dip-6-1-billion-to-593-48-billion/articleshow/100530089.cms
2023-05-27,forex reserves drop by 6 billion to 593 45 billion,https://economictimes.indiatimes.comhttps://economictimes.indiatimes.com/markets/forex/forex-reserves-drop-by-6-billion-to-593-45-billion/articleshow/100541133.cms
2023-05-29,finance minister nirmala sitharaman slams chidambarams comments on rs 2000 currency note withdrawal,https://economictimes.indiatimes.comhttps://economictimes.indiatimes.com/news/politics-and-nation/finance-minister-nirmala-sitharaman-slams-chidambarams-comments-on-rs-2000-currency-note-withdrawal/articleshow/100591647.cms
2023-05-29,rs 2000 currency note withdrawal causing headaches for indians in gulf,https://economictimes.indiatimes.comhttps://economictimes.indiatimes.com/nri/invest/rs-2000-currency-note-withdrawal-causing-headaches-for-indians-in-gulf/articleshow/100592061.cms
2023-05-29,crypto prices today live news bitcoin dogecoin ethereum shibha inu cryptocurrency latest updates 29 may 2023,https://economictimes.indiatimes.comhttps://economictimes.indiatimes.com/markets/cryptocurrency/crypto-prices-today-live-news-bitcoin-dogecoin-ethereum-shibha-inu-cryptocurrency-latest-updates-29-may-2023/articleshow/100588605.cms
2023-05-29,introduction and withdrawal of rs 2000 note cast doubt on integrity stability of indias currency chidambaram,https://economictimes.indiatimes.comhttps://economictimes.indiatimes.com/news/politics-and-nation/introduction-and-withdrawal-of-rs-2000-note-cast-doubt-on-integrity-stability-of-indias-currency-chidambaram/articleshow/100589236.cms
2023-05-29,nris rupee forex deposits bolstered reserves in fy23,https://economictimes.indiatimes.comhttps://economictimes.indiatimes.com/nri/invest/nris-rupee-forex-deposits-bolstered-reserves-in-fy23/articleshow/100575065.cms
2023-05-30,the dollar is americas currency but its everyones problem,https://economictimes.indiatimes.comhttps://economictimes.indiatimes.com/opinion/et-commentary/the-dollar-is-americas-currency-but-its-everyones-problem/articleshow/100630734.cms
2023-05-30,rs 2k currency notes rbi doesnt have power to withdraw banknotes petitioner tells hc court reserves verdict,https://economictimes.indiatimes.comhttps://economictimes.indiatimes.com/news/india/rs-2k-currency-notes-rbi-doesnt-have-power-to-withdraw-banknotes-petitioner-tells-hc-court-reserves-verdict/articleshow/100623883.cms
2023-05-31,why is india caught up in a currency paradox the rbi explains,https://economictimes.indiatimes.comhttps://economictimes.indiatimes.com/news/economy/indicators/why-is-india-caught-up-in-a-currency-paradox-the-rbi-explains/articleshow/100653417.cms
2023-05-31,crypto prices today live news bitcoin dogecoin ethereum shibha inu cryptocurrency latest updates 31 may 2023,https://economictimes.indiatimes.comhttps://economictimes.indiatimes.com/markets/cryptocurrency/crypto-prices-today-live-news-bitcoin-dogecoin-ethereum-shibha-inu-cryptocurrency-latest-updates-31-may-2023/articleshow/100646119.cms
2023-06-01,crypto prices today live news bitcoin dogecoin ethereum shibha inu cryptocurrency latest updates 1 june 2023,https://economictimes.indiatimes.comhttps://economictimes.indiatimes.com/markets/cryptocurrency/crypto-prices-today-live-news-bitcoin-dogecoin-ethereum-shibha-inu-cryptocurrency-latest-updates-1-june-2023/articleshow/100673126.cms
2023-06-01,currency in circulation down rs 36000 cr week after rs 2k note move,https://economictimes.indiatimes.comhttps://economictimes.indiatimes.com/markets/forex/currency-in-circulation-down-rs-36000-cr-week-after-rs-2k-note-move/articleshow/100663044.cms
2023-06-02,indias forex reserves fall to lowest in a month,https://economictimes.indiatimes.comhttps://economictimes.indiatimes.com/news/economy/indicators/indias-forex-reserves-fall-to-lowest-in-a-month/articleshow/100707141.cms
2023-06-02,crypto prices today live news bitcoin dogecoin ethereum shibha inu cryptocurrency latest updates 2 june 2023,https://economictimes.indiatimes.comhttps://economictimes.indiatimes.com/markets/cryptocurrency/crypto-prices-today-live-news-bitcoin-dogecoin-ethereum-shibha-inu-cryptocurrency-latest-updates-2-june-2023/articleshow/100701127.cms
2023-06-05,crypto prices today live news bitcoin dogecoin ethereum shibha inu cryptocurrency latest updates 5 june 2023,https://economictimes.indiatimes.comhttps://economictimes.indiatimes.com/markets/cryptocurrency/crypto-prices-today-live-news-bitcoin-dogecoin-ethereum-shibha-inu-cryptocurrency-latest-updates-5-june-2023/articleshow/100762023.cms
2023-06-05,jpmorgan to use blockchain to settle us dollar forex trades in india hub,https://economictimes.indiatimes.comhttps://economictimes.indiatimes.com/tech/technology/jpmorgan-to-use-blockchain-to-settle-us-dollar-forex-trades-in-india-hub/articleshow/100761439.cms
2023-06-06,crypto prices today live news bitcoin dogecoin ethereum shibha inu cryptocurrency latest updates 6 june 2023,https://economictimes.indiatimes.comhttps://economictimes.indiatimes.com/markets/cryptocurrency/crypto-prices-today-live-news-bitcoin-dogecoin-ethereum-shibha-inu-cryptocurrency-latest-updates-6-june-2023/articleshow/100787999.cms
2023-06-07,rbi updates alert list of entities not authorised to deal in forex trading,https://economictimes.indiatimes.comhttps://economictimes.indiatimes.com/markets/stocks/news/rbi-updates-alert-list-of-entities-not-authorised-to-deal-in-forex-trading/articleshow/100828562.cms
2023-06-07,commodity talk currency fluctuations to keep oil prices volatile says anuj gupta of iifl securities,https://economictimes.indiatimes.comhttps://economictimes.indiatimes.com/markets/commodities/news/commodity-talk-currency-fluctuations-to-keep-oil-prices-volatile-says-anuj-gupta-of-iifl-securities/articleshow/100828125.cms
2023-06-07,crypto prices today live news bitcoin dogecoin ethereum shibha inu cryptocurrency latest updates 7 june 2023,https://economictimes.indiatimes.comhttps://economictimes.indiatimes.com/markets/cryptocurrency/crypto-prices-today-live-news-bitcoin-dogecoin-ethereum-shibha-inu-cryptocurrency-latest-updates-7-june-2023/articleshow/100814821.cms
2023-06-07,banks to offer non deliverable forex derivatives to residents,https://economictimes.indiatimes.comhttps://economictimes.indiatimes.com/markets/forex/banks-to-offer-non-deliverable-forex-derivatives-to-residents/articleshow/100805888.cms
2023-06-08,crypto prices today live news bitcoin dogecoin ethereum shibha inu cryptocurrency latest updates 8 june 2023,https://economictimes.indiatimes.comhttps://economictimes.indiatimes.com/markets/cryptocurrency/crypto-prices-today-live-news-bitcoin-dogecoin-ethereum-shibha-inu-cryptocurrency-latest-updates-8-june-2023/articleshow/100845033.cms
2023-06-08,rupay forex cards to be issued soon can be used at overseas atms pos machines online merchants,https://economictimes.indiatimes.comhttps://economictimes.indiatimes.com/wealth/personal-finance-news/rupay-forex-cards-to-be-issued-soon-can-be-used-at-overseas-atms-pos-machines-online-merchants/articleshow/100839227.cms
2023-06-08,rbi issues fresh list of unauthorised forex trading platforms how to check authorised list,https://economictimes.indiatimes.comhttps://economictimes.indiatimes.com/wealth/save/rbi-issues-fresh-list-of-unauthorised-forex-trading-platforms-how-to-check-authorised-list/articleshow/100842643.cms
2023-06-09,indias forex reserves up 5 9 billion to 595 1 billion as on june 2,https://economictimes.indiatimes.comhttps://economictimes.indiatimes.com/news/economy/indicators/indias-forex-reserves-up-5-9-billion-to-595-1-billion-as-on-june-2/articleshow/100877387.cms
2023-06-10,why is internationalisation of rupee not gaining currency lessons from the india russia oil trade deal,https://economictimes.indiatimes.comhttps://economictimes.indiatimes.com/small-biz/trade/exports/insights/why-is-internationalisation-of-rupee-not-gaining-currency-lessons-from-the-india-russia-oil-trade-deal/articleshow/100838083.cms
2023-06-13,crypto prices today live news bitcoin dogecoin ethereum shibha inu cryptocurrency latest updates 13 june 2023,https://economictimes.indiatimes.comhttps://economictimes.indiatimes.com/markets/cryptocurrency/crypto-prices-today-live-news-bitcoin-dogecoin-ethereum-shibha-inu-cryptocurrency-latest-updates-13-june-2023/articleshow/100959057.cms
2023-06-16,indias forex reserves drop to 593 75 billion,https://economictimes.indiatimes.comhttps://economictimes.indiatimes.com/news/economy/indicators/indias-forex-reserves-drop-to-593-75-billion/articleshow/101047511.cms
2023-06-16,itr forms for ay 2023 24 fy 2022 23 have new section for cryptocurrency income these details will be needed when filing,https://economictimes.indiatimes.comhttps://economictimes.indiatimes.com/wealth/tax/itr-forms-for-ay-2023-24-fy-2022-23-have-new-section-for-cryptocurrency-income-these-details-will-be-needed-when-filing/articleshow/97918658.cms
2023-06-19,crypto prices today live news bitcoin dogecoin ethereum shibha inu cryptocurrency latest updates 19 june 2023,https://economictimes.indiatimes.comhttps://economictimes.indiatimes.com/markets/cryptocurrency/crypto-prices-today-live-news-bitcoin-dogecoin-ethereum-shibha-inu-cryptocurrency-latest-updates-19-june-2023/articleshow/101103404.cms
2023-06-20,trio arrested for fake work from home job scam involving youtube likes and cryptocurrency,https://economictimes.indiatimes.comhttps://economictimes.indiatimes.com/news/new-updates/trio-arrested-for-fake-work-from-home-job-scam-involving-youtube-likes-and-cryptocurrency/articleshow/101135324.cms
2023-06-20,cryptocurrency trading company coinswitch plans to trade stocks too,https://economictimes.indiatimes.comhttps://economictimes.indiatimes.com/tech/technology/cryptocurrency-trading-company-coinswitch-plans-to-trade-stocks-too/articleshow/101088615.cms
2023-06-21,crypto prices today live news bitcoin dogecoin ethereum shibha inu cryptocurrency latest updates 21 june 2023,https://economictimes.indiatimes.comhttps://economictimes.indiatimes.com/markets/cryptocurrency/crypto-prices-today-live-news-bitcoin-dogecoin-ethereum-shibha-inu-cryptocurrency-latest-updates-21-june-2023/articleshow/101158583.cms
2023-06-22,crypto prices today live news bitcoin dogecoin ethereum shibha inu cryptocurrency latest updates 22 june 2023,https://economictimes.indiatimes.comhttps://economictimes.indiatimes.com/markets/cryptocurrency/crypto-prices-today-live-news-bitcoin-dogecoin-ethereum-shibha-inu-cryptocurrency-latest-updates-22-june-2023/articleshow/101182328.cms
2023-06-23,indias forex reserves inch closer to 600 billion,https://economictimes.indiatimes.comhttps://economictimes.indiatimes.com/news/economy/indicators/indias-forex-reserves-inch-closer-to-600-billion/articleshow/101222624.cms
2023-06-23,indias forex reserves up 2 4 bn to 596 1 bn,https://economictimes.indiatimes.comhttps://economictimes.indiatimes.com/news/economy/indicators/indias-forex-reserves-up-2-4-bn-to-596-1-bn/articleshow/101220288.cms
2023-06-23,crypto prices today live news bitcoin dogecoin ethereum shibha inu cryptocurrency latest updates 23 june 2023,https://economictimes.indiatimes.comhttps://economictimes.indiatimes.com/markets/cryptocurrency/crypto-prices-today-live-news-bitcoin-dogecoin-ethereum-shibha-inu-cryptocurrency-latest-updates-23-june-2023/articleshow/101210936.cms
2023-06-26,crypto prices today live news bitcoin dogecoin ethereum shibha inu cryptocurrency latest updates 26 june 2023,https://economictimes.indiatimes.comhttps://economictimes.indiatimes.com/markets/cryptocurrency/crypto-prices-today-live-news-bitcoin-dogecoin-ethereum-shibha-inu-cryptocurrency-latest-updates-26-june-2023/articleshow/101274600.cms
2023-06-27,ratan tata says have no associations with cryptocurrency of any form,https://economictimes.indiatimes.comhttps://economictimes.indiatimes.com/tech/technology/ratan-tata-says-have-no-associations-with-cryptocurrency-of-any-form/articleshow/101315392.cms
2023-06-27,crypto prices today live news bitcoin dogecoin ethereum shibha inu cryptocurrency latest updates 27 june 2023,https://economictimes.indiatimes.comhttps://economictimes.indiatimes.com/markets/cryptocurrency/crypto-prices-today-live-news-bitcoin-dogecoin-ethereum-shibha-inu-cryptocurrency-latest-updates-27-june-2023/articleshow/101300008.cms
2023-06-28,will zerodha go into crypto currency space in the future nithin kamath answers,https://economictimes.indiatimes.comhttps://economictimes.indiatimes.com/markets/expert-view/will-zerodha-go-into-crypto-currency-space-in-the-future-nithin-kamath-answers/articleshow/101325278.cms
2023-06-28,crypto prices today live news bitcoin dogecoin ethereum shibha inu cryptocurrency latest updates 28 june 2023,https://economictimes.indiatimes.comhttps://economictimes.indiatimes.com/markets/cryptocurrency/crypto-prices-today-live-news-bitcoin-dogecoin-ethereum-shibha-inu-cryptocurrency-latest-updates-28-june-2023/articleshow/101332062.cms
2023-06-29,hedge against currency risk tarfs increasingly popular amid low carry environment,https://economictimes.indiatimes.comhttps://economictimes.indiatimes.com/markets/stocks/news/hedge-against-currency-risk-tarfs-increasingly-popular-amid-low-carry-environment/articleshow/101362838.cms
2023-06-30,china has 3 trillion of hidden currency reserves says economist brad setser,https://economictimes.indiatimes.comhttps://economictimes.indiatimes.com/news/international/world-news/china-has-3-trillion-of-hidden-currency-reserves-says-economist-brad-setser/articleshow/101381022.cms
2023-06-30,indias forex reserves fall 2 91 billion to 593 2 billion as of june 23,https://economictimes.indiatimes.comhttps://economictimes.indiatimes.com/news/economy/indicators/indias-forex-reserves-fall-2-91-billion-to-593-2-billion-as-of-june-23/articleshow/101395343.cms
2023-07-03,delhi hc dismisses pil challenging rbis notification on exchange of rs 2000 currency notes,https://economictimes.indiatimes.comhttps://economictimes.indiatimes.com/news/india/delhi-hc-dismisses-pil-challenging-rbis-notification-on-exchange-of-rs-2000-currency-notes/articleshow/101447935.cms
2023-07-03,crypto prices today live news bitcoin dogecoin ethereum shibha inu cryptocurrency latest updates 3 july 2023,https://economictimes.indiatimes.comhttps://economictimes.indiatimes.com/markets/cryptocurrency/crypto-prices-today-live-news-bitcoin-dogecoin-ethereum-shibha-inu-cryptocurrency-latest-updates-3-july-2023/articleshow/101450270.cms
2023-07-04,it engineer fakes kidnapping to extort money from family after he loses big on cryptocurrency investment,https://economictimes.indiatimes.comhttps://economictimes.indiatimes.com/news/new-updates/it-engineer-fakes-kidnapping-to-extort-money-from-family-after-he-loses-big-on-cryptocurrency-investment/articleshow/101474999.cms
2023-07-05,crypto prices today live news bitcoin dogecoin ethereum shibha inu cryptocurrency latest updates 5 july 2023,https://economictimes.indiatimes.comhttps://economictimes.indiatimes.com/markets/cryptocurrency/crypto-prices-today-live-news-bitcoin-dogecoin-ethereum-shibha-inu-cryptocurrency-latest-updates-5-july-2023/articleshow/101510209.cms
2023-07-05,ed questions tina ambani in alleged forex violation case,https://economictimes.indiatimes.comhttps://economictimes.indiatimes.com/news/india/ed-questions-tina-ambani-in-alleged-forex-violation-case/articleshow/101495821.cms
2023-07-06,crypto prices today live news bitcoin dogecoin ethereum shibha inu cryptocurrency latest updates 6 july 2023,https://economictimes.indiatimes.comhttps://economictimes.indiatimes.com/markets/cryptocurrency/crypto-prices-today-live-news-bitcoin-dogecoin-ethereum-shibha-inu-cryptocurrency-latest-updates-6-july-2023/articleshow/101538352.cms
2023-07-06,no plans as of now to create a common currency brics bank cfo,https://economictimes.indiatimes.comhttps://economictimes.indiatimes.com/markets/forex/no-plans-as-of-now-to-create-a-common-currency-brics-bank-cfo/articleshow/101528081.cms
2023-07-06,rupee needs a bit of push to gain currency in cross border trade,https://economictimes.indiatimes.comhttps://economictimes.indiatimes.com/markets/forex/rupee-needs-a-bit-of-push-to-gain-currency-in-cross-border-trade/articleshow/101528111.cms
2023-07-07,indias forex reserves up by 1 9 bn to 595 1 bn as of june 30,https://economictimes.indiatimes.comhttps://economictimes.indiatimes.com/news/economy/indicators/indias-forex-reserves-up-by-1-9-bn-to-595-1-bn-as-of-june-30/articleshow/101574898.cms
2023-07-07,crypto prices today live news bitcoin dogecoin ethereum shibha inu cryptocurrency latest updates 7 july 2023,https://economictimes.indiatimes.comhttps://economictimes.indiatimes.com/markets/cryptocurrency/crypto-prices-today-live-news-bitcoin-dogecoin-ethereum-shibha-inu-cryptocurrency-latest-updates-7-july-2023/articleshow/101567422.cms
2023-07-07,forex outflows via pe exits mnc profit repatriation surge,https://economictimes.indiatimes.comhttps://economictimes.indiatimes.com/markets/forex/forex-outflows-via-pe-exits-mnc-profit-repatriation-surge/articleshow/101557068.cms
2023-07-08,ed searches cos for forex violations money laundering,https://economictimes.indiatimes.comhttps://economictimes.indiatimes.com/news/india/ed-searches-cos-for-forex-violations-money-laundering/articleshow/101581957.cms
2023-07-12,currency conversion error leaves us couple with rs 24 lakh uber bill,https://economictimes.indiatimes.comhttps://economictimes.indiatimes.com/news/new-updates/currency-conversion-error-leaves-us-couple-with-rs-24-lakh-uber-bill/articleshow/101688678.cms
2023-07-12,crypto prices today live news bitcoin dogecoin ethereum shibha inu cryptocurrency latest updates 12 july 2023,https://economictimes.indiatimes.comhttps://economictimes.indiatimes.com/markets/cryptocurrency/crypto-prices-today-live-news-bitcoin-dogecoin-ethereum-shibha-inu-cryptocurrency-latest-updates-12-july-2023/articleshow/101691155.cms
2023-07-13,crypto prices today live news bitcoin dogecoin ethereum shibha inu cryptocurrency latest updates 13 july 2023,https://economictimes.indiatimes.comhttps://economictimes.indiatimes.com/markets/cryptocurrency/crypto-prices-today-live-news-bitcoin-dogecoin-ethereum-shibha-inu-cryptocurrency-latest-updates-13-july-2023/articleshow/101723768.cms
2023-07-14,indias forex reserves up by 1 23 bn to 596 2 bn,https://economictimes.indiatimes.comhttps://economictimes.indiatimes.com/news/economy/indicators/indias-forex-reserves-up-by-1-23-bn-to-596-2-bn/articleshow/101759155.cms
2023-07-14,crypto prices today live news bitcoin dogecoin ethereum shibha inu cryptocurrency latest updates 14 july 2023,https://economictimes.indiatimes.comhttps://economictimes.indiatimes.com/markets/cryptocurrency/crypto-prices-today-live-news-bitcoin-dogecoin-ethereum-shibha-inu-cryptocurrency-latest-updates-14-july-2023/articleshow/101756104.cms
2023-07-15,sri lanka not averse to using indian rupee as common currency president wickremesinghe,https://economictimes.indiatimes.comhttps://economictimes.indiatimes.com/news/international/world-news/sri-lanka-not-averse-to-using-indian-rupee-as-common-currency-president-wickremesinghe/articleshow/101777410.cms
2023-07-18,import restrictions saved sri lanka usd 1 7 billion during forex crisis state finance minister,https://economictimes.indiatimes.comhttps://economictimes.indiatimes.com/news/international/world-news/import-restrictions-saved-sri-lanka-usd-1-7-billion-during-forex-crisis-state-finance-minister/articleshow/101858766.cms
2023-07-18,rbi replenishes forex reserves buys 7 4 billion in spot market in may,https://economictimes.indiatimes.comhttps://economictimes.indiatimes.com/markets/forex/rbi-replenishes-forex-reserves-buys-7-4-billion-in-spot-market-in-may/articleshow/101840368.cms
2023-07-20,crypto prices today live news bitcoin dogecoin ethereum shibha inu cryptocurrency latest updates 20 july 2023,https://economictimes.indiatimes.comhttps://economictimes.indiatimes.com/markets/cryptocurrency/crypto-prices-today-live-news-bitcoin-dogecoin-ethereum-shibha-inu-cryptocurrency-latest-updates-20-july-2023/articleshow/101979479.cms
2023-07-21,indias forex reserves up by 12 74 billion to 609 02 billion as on july 14 2023,https://economictimes.indiatimes.comhttps://economictimes.indiatimes.com/news/economy/indicators/indias-forex-reserves-up-by-12-74-billion-to-609-02-billion-as-on-july-14-2023/articleshow/102006935.cms
2023-07-21,crypto prices today live news bitcoin dogecoin ethereum shibha inu cryptocurrency latest updates 21 july 2023,https://economictimes.indiatimes.comhttps://economictimes.indiatimes.com/markets/cryptocurrency/crypto-prices-today-live-news-bitcoin-dogecoin-ethereum-shibha-inu-cryptocurrency-latest-updates-21-july-2023/articleshow/102008004.cms
2023-07-22,customs makes biggest ever seizure of foreign currency worth over rs 10 crore at delhi airport,https://economictimes.indiatimes.comhttps://economictimes.indiatimes.com/news/india/customs-makes-biggest-ever-seizure-of-foreign-currency-worth-over-rs-10-crore-at-delhi-airport/articleshow/102022603.cms
2023-07-25,crypto prices today live news bitcoin dogecoin ethereum shibha inu cryptocurrency latest updates 25 july 2023,https://economictimes.indiatimes.comhttps://economictimes.indiatimes.com/markets/cryptocurrency/crypto-prices-today-live-news-bitcoin-dogecoin-ethereum-shibha-inu-cryptocurrency-latest-updates-25-july-2023/articleshow/102102084.cms
2023-07-26,traders in dilemma over disclosing cryptocurrency as foreign asset,https://economictimes.indiatimes.comhttps://economictimes.indiatimes.com/tech/technology/traders-in-dilemma-over-disclosing-cryptocurrency-as-foreign-asset/articleshow/102115549.cms
2023-07-27,currency note with symbol in number panel valid note says rbi,https://economictimes.indiatimes.comhttps://economictimes.indiatimes.com/news/economy/policy/currency-note-with-symbol-in-number-panel-valid-note-says-rbi/articleshow/102176016.cms
2023-07-28,indias forex reserves fall by 1 9 billion to 607 03 billion,https://economictimes.indiatimes.comhttps://economictimes.indiatimes.com/news/economy/indicators/indias-forex-reserves-fall-by-1-9-billion-to-607-03-billion/articleshow/102213008.cms
2023-07-28,good opportunities available for indian investors in currency market ajay kedia,https://economictimes.indiatimes.comhttps://economictimes.indiatimes.com/markets/expert-view/good-opportunities-available-for-indian-investors-in-currency-market-ajay-kedia/articleshow/102199098.cms
2023-07-29,rbi takes wholesale digital currency trials to call market,https://economictimes.indiatimes.comhttps://economictimes.indiatimes.com/markets/bonds/rbi-takes-wholesale-digital-currency-trials-to-call-market/articleshow/102221099.cms
2023-07-31,crypto prices today live news bitcoin dogecoin ethereum shibha inu cryptocurrency latest updates 31 july 2023,https://economictimes.indiatimes.comhttps://economictimes.indiatimes.com/markets/cryptocurrency/crypto-prices-today-live-news-bitcoin-dogecoin-ethereum-shibha-inu-cryptocurrency-latest-updates-31-july-2023/articleshow/102274028.cms
2023-07-31,hedging currency risk across various market scenarios,https://economictimes.indiatimes.comhttps://economictimes.indiatimes.com/markets/forex/hedging-currency-risk-across-various-market-scenarios/articleshow/102268332.cms
2023-08-02,only two months left to exchange rs 2000 currency note a step by step guide on how to exchange rs 2000 notes at a bank,https://economictimes.indiatimes.comhttps://economictimes.indiatimes.com/wealth/save/only-two-months-left-to-exchange-rs-2000-currency-note-a-step-by-step-guide-on-how-to-exchange-rs-2000-notes-at-a-bank/articleshow/102348083.cms
2023-08-02,crypto prices today live news bitcoin dogecoin ethereum shibha inu cryptocurrency latest updates 2 august 2023,https://economictimes.indiatimes.comhttps://economictimes.indiatimes.com/markets/cryptocurrency/crypto-prices-today-live-news-bitcoin-dogecoin-ethereum-shibha-inu-cryptocurrency-latest-updates-2-august-2023/articleshow/102342717.cms
2023-08-03,crypto prices today live news bitcoin dogecoin ethereum shibha inu cryptocurrency latest updates 3 august 2023,https://economictimes.indiatimes.comhttps://economictimes.indiatimes.com/markets/cryptocurrency/crypto-prices-today-live-news-bitcoin-dogecoin-ethereum-shibha-inu-cryptocurrency-latest-updates-3-august-2023/articleshow/102385469.cms
2023-08-04,indias forex reserves fall by 3 2 billion to 603 87 billion as on july 28,https://economictimes.indiatimes.comhttps://economictimes.indiatimes.com/news/economy/indicators/indias-forex-reserves-fall-by-3-2-billion-to-603-87-billion-as-on-july-28/articleshow/102428750.cms
2023-08-04,how can corporates use the etcd platform to hedge their forex gaurang somaiya explains,https://economictimes.indiatimes.comhttps://economictimes.indiatimes.com/markets/expert-view/how-can-corporates-use-the-etcd-platform-to-hedge-their-forex-gaurang-somaiya-explains/articleshow/102420263.cms
2023-08-07,crypto prices today live news bitcoin dogecoin ethereum shibha inu cryptocurrency latest updates 7 august 2023,https://economictimes.indiatimes.comhttps://economictimes.indiatimes.com/markets/cryptocurrency/crypto-prices-today-live-news-bitcoin-dogecoin-ethereum-shibha-inu-cryptocurrency-latest-updates-7-august-2023/articleshow/102495789.cms
2023-08-08,cryptocurrency scam economic offences wing exposes rs 1000 crore fraud spanning across india,https://economictimes.indiatimes.comhttps://economictimes.indiatimes.com/news/india/cryptocurrency-scam-economic-offences-wing-exposes-rs-1000-crore-fraud-spanning-across-india/articleshow/102517942.cms
2023-08-09,crypto prices today live news bitcoin dogecoin ethereum shibha inu cryptocurrency latest updates 9 august 2023,https://economictimes.indiatimes.comhttps://economictimes.indiatimes.com/markets/cryptocurrency/crypto-prices-today-live-news-bitcoin-dogecoin-ethereum-shibha-inu-cryptocurrency-latest-updates-9-august-2023/articleshow/102564328.cms
2023-08-10,harnessing the potential of currency options a comprehensive guide,https://economictimes.indiatimes.comhttps://economictimes.indiatimes.com/markets/forex/harnessing-the-potential-of-currency-options-a-comprehensive-guide/articleshow/102600513.cms
2023-08-11,world bank mulling local currency lending in countries like india official,https://economictimes.indiatimes.comhttps://economictimes.indiatimes.com/news/economy/finance/world-bank-mulling-local-currency-lending-in-countries-like-india-official/articleshow/102656384.cms
2023-08-11,indias forex reserves fall 2 41 billion to 601 453 billion as on august 4,https://economictimes.indiatimes.comhttps://economictimes.indiatimes.com/news/economy/indicators/indias-forex-reserves-fall-2-41-billion-to-601-453-billion-as-on-august-4/articleshow/102649494.cms
2023-08-11,crypto prices today live news bitcoin dogecoin ethereum shibha inu cryptocurrency latest updates 11 august 2023,https://economictimes.indiatimes.comhttps://economictimes.indiatimes.com/markets/cryptocurrency/crypto-prices-today-live-news-bitcoin-dogecoin-ethereum-shibha-inu-cryptocurrency-latest-updates-11-august-2023/articleshow/102642582.cms
2023-08-14,crypto prices today live news bitcoin dogecoin ethereum shibha inu cryptocurrency latest updates 14 august 2023,https://economictimes.indiatimes.comhttps://economictimes.indiatimes.com/markets/cryptocurrency/crypto-influencers/crypto-prices-today-live-news-bitcoin-dogecoin-ethereum-shibha-inu-cryptocurrency-latest-updates-14-august-2023/articleshow/102717043.cms
2023-08-16,ameristar launches high yield cd programme with cryptocurrency payment option,https://economictimes.indiatimes.comhttps://economictimes.indiatimes.com/wealth/invest/ameristar-launches-high-yield-cd-programme-with-cryptocurrency-payment-option/articleshow/102760391.cms
2023-08-16,crypto prices today live news bitcoin dogecoin ethereum shibha inu cryptocurrency latest updates 16 august 2023,https://economictimes.indiatimes.comhttps://economictimes.indiatimes.com/markets/cryptocurrency/crypto-prices-today-live-news-bitcoin-dogecoin-ethereum-shibha-inu-cryptocurrency-latest-updates-16-august-2023/articleshow/102765077.cms
2023-08-17,crypto prices today live news bitcoin dogecoin ethereum shibha inu cryptocurrency latest updates 17 august 2023,https://economictimes.indiatimes.comhttps://economictimes.indiatimes.com/markets/cryptocurrency/crypto-prices-today-live-news-bitcoin-dogecoin-ethereum-shibha-inu-cryptocurrency-latest-updates-17-august-2023/articleshow/102795726.cms
2023-08-18,rupee below 83 not abnormal currency fluctuation not exclusive to india finance ministry official,https://economictimes.indiatimes.comhttps://economictimes.indiatimes.com/news/economy/policy/rupee-below-83-not-abnormal-currency-fluctuation-not-exclusive-to-india-finance-ministry-official/articleshow/102838006.cms
2023-08-18,rupee below 83 not abnormal currency fluctuation not exclusive to india finmin official,https://economictimes.indiatimes.comhttps://economictimes.indiatimes.com/markets/stocks/news/rupee-below-83-not-abnormal-currency-fluctuation-not-exclusive-to-india-finmin-official/articleshow/102837371.cms
2023-08-21,15th brics summit brics expansion national currency use among top agenda,https://economictimes.indiatimes.comhttps://economictimes.indiatimes.com/news/india/15th-brics-summit-brics-expansion-national-currency-use-among-top-agenda/articleshow/102917522.cms
2023-08-21,crypto prices today live news bitcoin dogecoin ethereum shibha inu cryptocurrency latest updates 21 august 2023,https://economictimes.indiatimes.comhttps://economictimes.indiatimes.com/markets/cryptocurrency/crypto-prices-today-live-news-bitcoin-dogecoin-ethereum-shibha-inu-cryptocurrency-latest-updates-21-august-2023/articleshow/102895974.cms
2023-08-22,crypto prices today live news bitcoin dogecoin ethereum shibha inu cryptocurrency latest updates 22 august 2023,https://economictimes.indiatimes.comhttps://economictimes.indiatimes.com/markets/cryptocurrency/crypto-prices-today-live-news-bitcoin-dogecoin-ethereum-shibha-inu-cryptocurrency-latest-updates-22-august-2023/articleshow/102936193.cms
2023-08-23,crypto prices today live news bitcoin dogecoin ethereum shibha inu cryptocurrency latest updates 23 august 2023,https://economictimes.indiatimes.comhttps://economictimes.indiatimes.com/markets/cryptocurrency/crypto-prices-today-live-news-bitcoin-dogecoin-ethereum-shibha-inu-cryptocurrency-latest-updates-23-august-2023/articleshow/102975998.cms
2023-08-24,crypto prices today live news bitcoin dogecoin ethereum shibha inu cryptocurrency latest updates 24 august 2023,https://economictimes.indiatimes.comhttps://economictimes.indiatimes.com/markets/cryptocurrency/crypto-prices-today-live-news-bitcoin-dogecoin-ethereum-shibha-inu-cryptocurrency-latest-updates-24-august-2023/articleshow/103021533.cms
2023-08-25,indias forex reserves dip 7 28 billion to 594 90 billion as on august 18 2023,https://economictimes.indiatimes.comhttps://economictimes.indiatimes.com/news/economy/indicators/indias-forex-reserves-dip-7-28-billion-to-594-90-billion-as-on-august-18-2023/articleshow/103062152.cms
2023-08-25,crypto prices today live news bitcoin dogecoin ethereum shibha inu cryptocurrency latest updates 25 august 2023,https://economictimes.indiatimes.comhttps://economictimes.indiatimes.com/markets/cryptocurrency/crypto-prices-today-live-news-bitcoin-dogecoin-ethereum-shibha-inu-cryptocurrency-latest-updates-25-august-2023/articleshow/103054625.cms
2023-08-26,forex kitty posts sharpest weekly fall in 6 months,https://economictimes.indiatimes.comhttps://economictimes.indiatimes.com/markets/forex/forex-kitty-posts-sharpest-weekly-fall-in-6-months/articleshow/103076139.cms
2023-08-28,nses currency derivative segment sees transactions worth rs 609 trillion in 15 years,https://economictimes.indiatimes.comhttps://economictimes.indiatimes.com/markets/stocks/news/nses-currency-derivative-segment-sees-transactions-worth-rs-609-trillion-in-15-years/articleshow/103145852.cms
2023-08-28,crypto prices today live news bitcoin dogecoin ethereum shibha inu cryptocurrency latest updates 28 august 2023,https://economictimes.indiatimes.comhttps://economictimes.indiatimes.com/markets/cryptocurrency/crypto-prices-today-live-news-bitcoin-dogecoin-ethereum-shibha-inu-cryptocurrency-latest-updates-28-august-2023/articleshow/103129371.cms
2023-08-28,resident foreign currency or rfc account who can open how does it work,https://economictimes.indiatimes.comhttps://economictimes.indiatimes.com/wealth/save/resident-foreign-currency-or-rfc-account-who-can-open-how-does-it-work/articleshow/103077413.cms
2023-08-29,crypto prices today live news bitcoin dogecoin ethereum shibha inu cryptocurrency latest updates 29 august 2023,https://economictimes.indiatimes.comhttps://economictimes.indiatimes.com/markets/cryptocurrency/crypto-prices-today-live-news-bitcoin-dogecoin-ethereum-shibha-inu-cryptocurrency-latest-updates-29-august-2023/articleshow/103166263.cms
2023-08-31,crypto prices today live news bitcoin dogecoin ethereum shibha inu cryptocurrency latest updates 31 august 2023,https://economictimes.indiatimes.comhttps://economictimes.indiatimes.com/markets/cryptocurrency/crypto-prices-today-live-news-bitcoin-dogecoin-ethereum-shibha-inu-cryptocurrency-latest-updates-31-august-2023/articleshow/103240479.cms
2023-08-31,brics and changing global alliances a step towards exploring new currency ideas and challenges,https://economictimes.indiatimes.comhttps://economictimes.indiatimes.com/markets/stocks/news/brics-and-changing-global-alliances-a-step-towards-exploring-new-currency-ideas-and-challenges/articleshow/103232939.cms
2023-09-01,indias forex reserves dip by 30 mn at 594 85 bn as on aug 25,https://economictimes.indiatimes.comhttps://economictimes.indiatimes.com/news/economy/indicators/indias-forex-reserves-dip-by-30-mn-at-594-85-bn-as-on-aug-25/articleshow/103288712.cms
2023-09-01,crypto prices today live news bitcoin dogecoin ethereum shibha inu cryptocurrency latest updates 1 september 2023,https://economictimes.indiatimes.comhttps://economictimes.indiatimes.com/markets/cryptocurrency/crypto-prices-today-live-news-bitcoin-dogecoin-ethereum-shibha-inu-cryptocurrency-latest-updates-1-september-2023/articleshow/103275085.cms
2023-09-02,china ramps up campaign to boost fragile economy currency,https://economictimes.indiatimes.comhttps://economictimes.indiatimes.com/news/international/world-news/china-ramps-up-campaign-to-boost-fragile-economy-currency/articleshow/103294258.cms
2023-09-04,commerce ministry suggests banks to provide export credit in foreign currency to e commerce exporters,https://economictimes.indiatimes.comhttps://economictimes.indiatimes.com/news/economy/foreign-trade/commerce-ministry-suggests-banks-to-provide-export-credit-in-foreign-currency-to-e-commerce-exporters/articleshow/103367082.cms
2023-09-04,crypto prices today live news bitcoin dogecoin ethereum shibha inu cryptocurrency latest updates 4 september 2023,https://economictimes.indiatimes.comhttps://economictimes.indiatimes.com/markets/cryptocurrency/crypto-prices-today-live-news-bitcoin-dogecoin-ethereum-shibha-inu-cryptocurrency-latest-updates-4-september-2023/articleshow/103349130.cms
2023-09-04,digital rupee sbi allows interoperability upi and central bank digital currency cbdc,https://economictimes.indiatimes.comhttps://economictimes.indiatimes.com/wealth/save/digital-rupee-sbi-allows-interoperability-upi-and-central-bank-digital-currency-cbdc/articleshow/103345739.cms
2023-09-05,crypto prices today live news bitcoin dogecoin ethereum shibha inu cryptocurrency latest updates 5 september 2023,https://economictimes.indiatimes.comhttps://economictimes.indiatimes.com/markets/cryptocurrency/crypto-prices-today-live-news-bitcoin-dogecoin-ethereum-shibha-inu-cryptocurrency-latest-updates-5-september-2023/articleshow/103385116.cms
2023-09-06,crypto prices today live news bitcoin dogecoin ethereum shibha inu cryptocurrency latest updates 6 september 2023,https://economictimes.indiatimes.comhttps://economictimes.indiatimes.com/markets/cryptocurrency/crypto-prices-today-live-news-bitcoin-dogecoin-ethereum-shibha-inu-cryptocurrency-latest-updates-6-september-2023/articleshow/103425878.cms
2023-09-07,thomas cook india npci to launch rupay prepaid forex card for indians travelling to uae,https://economictimes.indiatimes.comhttps://economictimes.indiatimes.com/industry/services/travel/thomas-cook-india-npci-to-launch-rupay-prepaid-forex-card-for-indians-travelling-to-uae/articleshow/103478903.cms
2023-09-07,crypto prices today live news bitcoin dogecoin ethereum shibha inu cryptocurrency latest updates 7 september 2023,https://economictimes.indiatimes.comhttps://economictimes.indiatimes.com/markets/cryptocurrency/crypto-prices-today-live-news-bitcoin-dogecoin-ethereum-shibha-inu-cryptocurrency-latest-updates-7-september-2023/articleshow/103466959.cms
2023-09-08,any exporter who is not hedging should keep a stop loss policy or hedge via option amit pabari cr forex,https://economictimes.indiatimes.comhttps://economictimes.indiatimes.com/markets/expert-view/any-exporter-who-is-not-hedging-should-keep-a-stop-loss-policy-or-hedge-via-option-amit-pabari-cr-forex/articleshow/103506427.cms
2023-09-08,crypto prices today live news bitcoin dogecoin ethereum shibha inu cryptocurrency latest updates 8 september 2023,https://economictimes.indiatimes.comhttps://economictimes.indiatimes.com/markets/cryptocurrency/crypto-prices-today-live-news-bitcoin-dogecoin-ethereum-shibha-inu-cryptocurrency-latest-updates-8-september-2023/articleshow/103496610.cms
2023-09-08,going to the bank to exchange rs 2000 currency notes keep these 4 things in mind,https://economictimes.indiatimes.comhttps://economictimes.indiatimes.com/wealth/save/going-to-the-bank-to-exchange-rs-2000-currency-notes-keep-these-4-things-in-mind/articleshow/103497602.cms
2023-09-10,cryptocurrency new subject for social order monetary financial stability pm narendra modi,https://economictimes.indiatimes.comhttps://economictimes.indiatimes.com/tech/technology/cryptocurrency-new-subject-for-social-order-monetary-financial-stability-pm-narendra-modi/articleshow/103551208.cms
2023-09-11,disney hotstar scores record concurrency for india vs pakistan asia cup super 4 match,https://economictimes.indiatimes.comhttps://economictimes.indiatimes.com/industry/media/entertainment/media/disney-hotstar-scores-record-concurrency-for-india-vs-pakistan-asia-cup-super-4-match/articleshow/103585553.cms
2023-09-11,crypto prices today live news bitcoin dogecoin ethereum shibha inu cryptocurrency latest updates 11 september 2023,https://economictimes.indiatimes.comhttps://economictimes.indiatimes.com/markets/cryptocurrency/crypto-prices-today-live-news-bitcoin-dogecoin-ethereum-shibha-inu-cryptocurrency-latest-updates-11-september-2023/articleshow/103572290.cms
2023-09-11,india cenbank banks plan new features to boost digital currency transactions sources,https://economictimes.indiatimes.comhttps://economictimes.indiatimes.com/news/economy/finance/india-cenbank-banks-plan-new-features-to-boost-digital-currency-transactions-sources/articleshow/103567440.cms
2023-09-12,crypto prices today live news bitcoin dogecoin ethereum shibha inu cryptocurrency latest updates 12 september 2023,https://economictimes.indiatimes.comhttps://economictimes.indiatimes.com/markets/cryptocurrency/crypto-prices-today-live-news-bitcoin-dogecoin-ethereum-shibha-inu-cryptocurrency-latest-updates-12-september-2023/articleshow/103600714.cms
2023-09-13,crypto prices today live news bitcoin dogecoin ethereum shibha inu cryptocurrency latest updates 13 september 2023,https://economictimes.indiatimes.comhttps://economictimes.indiatimes.com/markets/cryptocurrency/crypto-prices-today-live-news-bitcoin-dogecoin-ethereum-shibha-inu-cryptocurrency-latest-updates-13-september-2023/articleshow/103629878.cms
2023-09-14,crypto prices today live news bitcoin dogecoin ethereum shibha inu cryptocurrency latest updates 14 september 2023,https://economictimes.indiatimes.comhttps://economictimes.indiatimes.com/markets/cryptocurrency/crypto-prices-today-live-news-bitcoin-dogecoin-ethereum-shibha-inu-cryptocurrency-latest-updates-14-september-2023/articleshow/103656959.cms
2023-09-16,g20 finance track will take up cryptocurrency mdb reforms next,https://economictimes.indiatimes.comhttps://economictimes.indiatimes.com/news/economy/finance/g20-finance-track-will-take-up-cryptocurrency-mdb-reforms-next/articleshow/103701182.cms
2023-09-16,special nia court convicts sixth accused in bengaluru fake currency case,https://economictimes.indiatimes.comhttps://economictimes.indiatimes.com/news/india/special-nia-court-convicts-sixth-accused-in-bengaluru-fake-currency-case/articleshow/103709658.cms
2023-09-18,india gears up for ganesh chaturthi 2023 bengaluru temple decorated with currency notes worth rs 65 lakhs mumbai idol decked in gold worth 69 kilos,https://economictimes.indiatimes.comhttps://economictimes.indiatimes.com/magazines/panache/india-gears-up-for-ganesh-chaturthi-2023-bengaluru-temple-decorated-with-currency-notes-worth-rs-65-lakhs-mumbai-idol-decked-in-gold-worth-69-kilos/articleshow/103751730.cms
2023-09-20,sri sathya ganapathy temple adorns ganesha idol with currency notes and coins worth rs 2 5 crore,https://economictimes.indiatimes.comhttps://economictimes.indiatimes.com/news/india/sri-sathya-ganapathy-temple-adorns-ganesha-idol-with-currency-notes-and-coins-worth-rs-2-5-crore/articleshow/103802028.cms
2023-09-21,rbi can spend 30 bn of forex reserves to defend rupee report,https://economictimes.indiatimes.comhttps://economictimes.indiatimes.com/markets/forex/rbi-can-spend-30-bn-of-forex-reserves-to-defend-rupee-report/articleshow/103841453.cms
2023-09-21,crypto prices today live news bitcoin dogecoin ethereum shibha inu cryptocurrency latest updates 21 september 2023,https://economictimes.indiatimes.comhttps://economictimes.indiatimes.com/markets/cryptocurrency/crypto-prices-today-live-news-bitcoin-dogecoin-ethereum-shibha-inu-cryptocurrency-latest-updates-21-september-2023/articleshow/103839184.cms
2023-09-22,indias forex reserves dip by 867 mln to 593 037 bln,https://economictimes.indiatimes.comhttps://economictimes.indiatimes.com/news/economy/indicators/indias-forex-reserves-dip-by-867-mln-to-593-037-bln/articleshow/103855245.cms
2023-09-22,crypto prices today live news bitcoin dogecoin ethereum shibha inu cryptocurrency latest updates 22 september 2023,https://economictimes.indiatimes.comhttps://economictimes.indiatimes.com/markets/cryptocurrency/crypto-prices-today-live-news-bitcoin-dogecoin-ethereum-shibha-inu-cryptocurrency-latest-updates-22-september-2023/articleshow/103858052.cms
2023-09-25,20 tcs from october 1 2023 no tcs on credit card but forex card could save more during next international trips know how,https://economictimes.indiatimes.comhttps://economictimes.indiatimes.com/wealth/save/20-tcs-from-october-1-2023-no-tcs-on-credit-card-but-forex-card-could-save-more-during-next-international-trips-know-how/articleshow/103886717.cms
2023-09-25,new 20 tcs rule from october 1 2023 know tcs rates on international trips forex payments debit credit card education foreign investments,https://economictimes.indiatimes.comhttps://economictimes.indiatimes.com/wealth/save/new-20-tcs-rule-from-october-1-2023-know-tcs-rates-on-international-trips-forex-payments-debit-credit-card-education-foreign-investments/articleshow/103632372.cms
2023-09-25,crypto prices today live news bitcoin dogecoin ethereum shibha inu cryptocurrency latest updates 25 september 2023,https://economictimes.indiatimes.comhttps://economictimes.indiatimes.com/markets/cryptocurrency/crypto-prices-today-live-news-bitcoin-dogecoin-ethereum-shibha-inu-cryptocurrency-latest-updates-25-september-2023/articleshow/103926449.cms
2023-09-26,taliban controls the worlds best performing currency this quarter,https://economictimes.indiatimes.comhttps://economictimes.indiatimes.com/news/international/world-news/taliban-controls-the-worlds-best-performing-currency-this-quarter/articleshow/103969116.cms
2023-09-26,crypto prices today live news bitcoin dogecoin ethereum shibha inu cryptocurrency latest updates 26 september 2023,https://economictimes.indiatimes.comhttps://economictimes.indiatimes.com/markets/cryptocurrency/crypto-prices-today-live-news-bitcoin-dogecoin-ethereum-shibha-inu-cryptocurrency-latest-updates-26-september-2023/articleshow/103955439.cms
2023-09-27,crypto prices today live news bitcoin dogecoin ethereum shibha inu cryptocurrency latest updates 27 september 2023,https://economictimes.indiatimes.comhttps://economictimes.indiatimes.com/markets/cryptocurrency/crypto-prices-today-live-news-bitcoin-dogecoin-ethereum-shibha-inu-cryptocurrency-latest-updates-27-september-2023/articleshow/103983253.cms
2023-09-28,pakistan rupee set to become top performing currency globally,https://economictimes.indiatimes.comhttps://economictimes.indiatimes.com/markets/forex/pakistan-rupee-set-to-become-top-performing-currency-globally/articleshow/104017163.cms
2023-09-28,crypto prices today live news bitcoin dogecoin ethereum shibha inu cryptocurrency latest updates 28 september 2023,https://economictimes.indiatimes.comhttps://economictimes.indiatimes.com/markets/cryptocurrency/crypto-prices-today-live-news-bitcoin-dogecoin-ethereum-shibha-inu-cryptocurrency-latest-updates-28-september-2023/articleshow/104008743.cms
2023-09-29,integrating cryptocurrency payments a comprehensive guide for businesses,https://economictimes.indiatimes.comhttps://economictimes.indiatimes.com/markets/cryptocurrency/integrating-cryptocurrency-payments-a-comprehensive-guide-for-businesses/articleshow/104036406.cms
2023-10-03,indel money gets license from rbi to start forex business,https://economictimes.indiatimes.comhttps://economictimes.indiatimes.com/industry/banking/finance/indel-money-gets-license-from-rbi-to-start-forex-business/articleshow/104127078.cms
2023-10-03,crypto prices today live news bitcoin dogecoin ethereum shibha inu cryptocurrency latest updates 3 october 2023,https://economictimes.indiatimes.comhttps://economictimes.indiatimes.com/markets/cryptocurrency/crypto-prices-today-live-news-bitcoin-dogecoin-ethereum-shibha-inu-cryptocurrency-latest-updates-3-october-2023/articleshow/104125664.cms
2023-10-04,crypto prices today live news bitcoin dogecoin ethereum shibha inu cryptocurrency latest updates 4 september 2023,https://economictimes.indiatimes.comhttps://economictimes.indiatimes.com/markets/cryptocurrency/crypto-prices-today-live-news-bitcoin-dogecoin-ethereum-shibha-inu-cryptocurrency-latest-updates-4-september-2023/articleshow/104153695.cms
2023-10-05,crypto prices today live news bitcoin dogecoin ethereum shibha inu cryptocurrency latest updates 5 october 2023,https://economictimes.indiatimes.comhttps://economictimes.indiatimes.com/markets/cryptocurrency/crypto-prices-today-live-news-bitcoin-dogecoin-ethereum-shibha-inu-cryptocurrency-latest-updates-5-october-2023/articleshow/104182944.cms
2023-10-06,87 pc of rs 2000 notes came as bank deposits rs 12000 cr of currency yet to return das,https://economictimes.indiatimes.comhttps://economictimes.indiatimes.com/news/economy/finance/87-pc-of-rs-2000-notes-came-as-bank-deposits-rs-12000-cr-of-currency-yet-to-return-das/articleshow/104208328.cms
2023-10-06,url crypto prices today live news bitcoin dogecoin ethereum shibha inu cryptocurrency latest updates 6 october 2023,https://economictimes.indiatimes.comhttps://economictimes.indiatimes.com/markets/stocks/news/url-crypto-prices-today-live-news-bitcoin-dogecoin-ethereum-shibha-inu-cryptocurrency-latest-updates-6-october-2023/articleshow/104208852.cms
2023-10-07,cryptocurrency fraud cases hp police sit searches at 35 locations recover crucial evidence,https://economictimes.indiatimes.comhttps://economictimes.indiatimes.com/news/india/cryptocurrency-fraud-cases-hp-police-sit-searches-at-35-locations-recover-crucial-evidence/articleshow/104243865.cms
2023-10-10,crypto prices today live news bitcoin dogecoin ethereum shibha inu cryptocurrency latest updates 10 october 2023,https://economictimes.indiatimes.comhttps://economictimes.indiatimes.com/markets/cryptocurrency/crypto-prices-today-live-news-bitcoin-dogecoin-ethereum-shibha-inu-cryptocurrency-latest-updates-10-october-2023/articleshow/104309512.cms
2023-10-11,crypto prices today live news bitcoin dogecoin ethereum shibha inu cryptocurrency latest updates 11 october 2023,https://economictimes.indiatimes.comhttps://economictimes.indiatimes.com/markets/cryptocurrency/crypto-prices-today-live-news-bitcoin-dogecoin-ethereum-shibha-inu-cryptocurrency-latest-updates-11-october-2023/articleshow/104337919.cms
2023-10-12,infosys 2 3 constant currency growth was a positive surprise not sure why guidance was cut mahantesh sabarad,https://economictimes.indiatimes.comhttps://economictimes.indiatimes.com/markets/expert-view/infosys-2-3-constant-currency-growth-was-a-positive-surprise-not-sure-why-guidance-was-cut-mahantesh-sabarad/articleshow/104375392.cms
2023-10-12,crypto prices today live news bitcoin dogecoin ethereum shibha inu cryptocurrency latest updates 12 october 2023,https://economictimes.indiatimes.comhttps://economictimes.indiatimes.com/markets/stocks/news/crypto-prices-today-live-news-bitcoin-dogecoin-ethereum-shibha-inu-cryptocurrency-latest-updates-12-october-2023/articleshow/104364862.cms
2023-10-13,indias forex reserves at 586 9 bn as on sep 29,https://economictimes.indiatimes.comhttps://economictimes.indiatimes.com/news/economy/indicators/indias-forex-reserves-at-586-9-bn-as-on-sep-29/articleshow/104203667.cms
2023-10-13,rbis shaktikanta das says us should rethink currency manipulator list,https://economictimes.indiatimes.comhttps://economictimes.indiatimes.com/news/economy/policy/rbis-shaktikanta-das-says-us-should-rethink-currency-manipulator-list/articleshow/104399610.cms
2023-10-13,rbis forex interventions used to manage volatility not fix rupee level das,https://economictimes.indiatimes.comhttps://economictimes.indiatimes.com/markets/forex/rbis-forex-interventions-used-to-manage-volatility-not-fix-rupee-level-das/articleshow/104384368.cms
2023-10-13,crypto prices today live news bitcoin dogecoin ethereum shibha inu cryptocurrency latest updates 13 october 2023,https://economictimes.indiatimes.comhttps://economictimes.indiatimes.com/markets/cryptocurrency/crypto-prices-today-live-news-bitcoin-dogecoin-ethereum-shibha-inu-cryptocurrency-latest-updates-13-october-2023/articleshow/104392971.cms
2023-10-16,rupee ends at record closing lows on oil price uptick what should currency traders do,https://economictimes.indiatimes.comhttps://economictimes.indiatimes.com/markets/forex/rupee-ends-at-record-closing-lows-on-oil-price-uptick-what-should-currency-traders-do/articleshow/104470769.cms
2023-10-16,adani ports confident of making 650 million foreign currency bond prepayments by feb karan adani,https://economictimes.indiatimes.comhttps://economictimes.indiatimes.com/industry/transportation/shipping-/-transport/adani-ports-confident-of-making-650-million-foreign-currency-bond-prepayments-by-feb-karan-adani/articleshow/104445126.cms
2023-10-16,india is in a longer term uptrend in both dollar and local currency terms laurence balanco clsa,https://economictimes.indiatimes.comhttps://economictimes.indiatimes.com/markets/expert-view/india-is-in-a-longer-term-uptrend-in-both-dollar-and-local-currency-terms-laurence-balanco-clsa/articleshow/104460361.cms
2023-10-18,brics common currency plans may remain a non starter heres why,https://economictimes.indiatimes.comhttps://economictimes.indiatimes.com/opinion/et-commentary/brics-common-currency-plans-may-remain-a-non-starter-heres-why/articleshow/104535322.cms
2023-10-18,stop routing foreign currency transactions via us to avoid fees consultants,https://economictimes.indiatimes.comhttps://economictimes.indiatimes.com/news/economy/finance/stop-routing-foreign-currency-transactions-via-us-to-avoid-fees-consultants/articleshow/104532659.cms
2023-10-18,crypto prices today live news bitcoin dogecoin ethereum shibha inu cryptocurrency latest updates 18 october 2023,https://economictimes.indiatimes.comhttps://economictimes.indiatimes.com/markets/cryptocurrency/crypto-prices-today-live-news-bitcoin-dogecoin-ethereum-shibha-inu-cryptocurrency-latest-updates-18-october-2023/articleshow/104522700.cms
2023-10-18,rbi may opt to roll over 5 b forex swap,https://economictimes.indiatimes.comhttps://economictimes.indiatimes.com/news/economy/policy/rbi-may-opt-to-roll-over-5-b-forex-swap/articleshow/104506976.cms
2023-10-18,crypto prices today live news bitcoin dogecoin ethereum shibha inu cryptocurrency latest updates 17 october 2023,https://economictimes.indiatimes.comhttps://economictimes.indiatimes.com/markets/cryptocurrency/crypto-prices-today-live-news-bitcoin-dogecoin-ethereum-shibha-inu-cryptocurrency-latest-updates-17-october-2023/articleshow/104490970.cms
2023-10-19,improved forex reserve provided indias policymakers room for manoeuvre bis report,https://economictimes.indiatimes.comhttps://economictimes.indiatimes.com/news/economy/policy/improved-forex-reserve-provided-indias-policymakers-room-for-manoeuvre-bis-report/articleshow/104563080.cms
2023-10-19,crypto prices today live news bitcoin dogecoin ethereum shibha inu cryptocurrency latest updates 19 october 2023,https://economictimes.indiatimes.comhttps://economictimes.indiatimes.com/markets/cryptocurrency/crypto-prices-today-live-news-bitcoin-dogecoin-ethereum-shibha-inu-cryptocurrency-latest-updates-19-october-2023/articleshow/104549611.cms
2023-10-20,indias forex reserves increase by usd 1 15 bn but still off all time high,https://economictimes.indiatimes.comhttps://economictimes.indiatimes.com/news/economy/policy/indias-forex-reserves-increase-by-usd-1-15-bn-but-still-off-all-time-high/articleshow/104585562.cms
2023-10-24,rbi likely to have rolled over a part of 5 billion forex swap to boost liquidity,https://economictimes.indiatimes.comhttps://economictimes.indiatimes.com/industry/banking/finance/banking/rbi-likely-to-have-rolled-over-a-part-of-5-billion-forex-swap-to-boost-liquidity/articleshow/104660326.cms
2023-10-25,central bank digital currency can play important role in cross border payment rbi guv,https://economictimes.indiatimes.comhttps://economictimes.indiatimes.com/news/economy/policy/central-bank-digital-currency-can-play-important-role-in-cross-border-payment-rbi-guv/articleshow/104706717.cms
2023-10-25,rbi unlikely to hike rates in response to weaker currency nomura,https://economictimes.indiatimes.comhttps://economictimes.indiatimes.com/news/economy/policy/rbi-unlikely-to-hike-rates-in-response-to-weaker-currency-nomura/articleshow/104701996.cms
2023-10-26,crypto prices today live news bitcoin dogecoin ethereum shibha inu cryptocurrency latest updates 26 october 2023,https://economictimes.indiatimes.comhttps://economictimes.indiatimes.com/markets/cryptocurrency/crypto-prices-today-live-news-bitcoin-dogecoin-ethereum-shibha-inu-cryptocurrency-latest-updates-26-october-2023/articleshow/104720702.cms
2023-10-27,indias forex reserves fall 2 36 bn to 583 5 bn,https://economictimes.indiatimes.comhttps://economictimes.indiatimes.com/news/economy/indicators/indias-forex-reserves-fall-2-36-bn-to-583-5-bn/articleshow/104756589.cms
2023-10-29,sit conducts searches at 41 locations in himachal in cryptocurrency scam 1 arrested,https://economictimes.indiatimes.comhttps://economictimes.indiatimes.com/news/india/sit-conducts-searches-at-41-locations-in-himachal-in-cryptocurrency-scam-1-arrested/articleshow/104804965.cms
2023-10-30,crypto prices today live news bitcoin dogecoin ethereum shibha inu cryptocurrency latest updates 30 october 2023,https://economictimes.indiatimes.comhttps://economictimes.indiatimes.com/markets/cryptocurrency/crypto-prices-today-live-news-bitcoin-dogecoin-ethereum-shibha-inu-cryptocurrency-latest-updates-30-october-2023/articleshow/104820685.cms
2023-10-31,crypto prices today live news bitcoin dogecoin ethereum shibha inu cryptocurrency latest updates 31 october 2023,https://economictimes.indiatimes.comhttps://economictimes.indiatimes.com/markets/cryptocurrency/crypto-prices-today-live-news-bitcoin-dogecoin-ethereum-shibha-inu-cryptocurrency-latest-updates-31-october-2023/articleshow/104849080.cms
2023-10-31,cryptocurrency is it just an alternative investment idea or legitimate profit making option,https://economictimes.indiatimes.comhttps://economictimes.indiatimes.com/markets/cryptocurrency/cryptocurrency-is-it-just-an-alternative-investment-idea-or-legitimate-profit-making-option/articleshow/104843529.cms
2023-10-31,airtel africa back in black but nigeria currency woes weigh,https://economictimes.indiatimes.comhttps://economictimes.indiatimes.com/industry/telecom/telecom-news/airtel-africa-back-in-black-but-nigeria-currency-woes-weigh/articleshow/104834514.cms
2023-11-01,sea summit 2023 a journey through crypto and forex excellence,https://economictimes.indiatimes.comhttps://economictimes.indiatimes.com/news/india/sea-summit-2023-a-journey-through-crypto-and-forex-excellence/articleshow/104888209.cms
2023-11-01,crypto prices today live news bitcoin dogecoin ethereum shibha inu cryptocurrency latest updates 1 november 2023,https://economictimes.indiatimes.comhttps://economictimes.indiatimes.com/markets/cryptocurrency/crypto-prices-today-live-news-bitcoin-dogecoin-ethereum-shibha-inu-cryptocurrency-latest-updates-1-november-2023/articleshow/104882425.cms
2023-11-03,indias forex rise 2 6 bn to 586 1 bn as of oct 27,https://economictimes.indiatimes.comhttps://economictimes.indiatimes.com/news/economy/indicators/indias-forex-rise-2-6-bn-to-586-1-bn-as-of-oct-27/articleshow/104944228.cms
2023-11-04,banks raise unhedged currency risk issue with rbi,https://economictimes.indiatimes.comhttps://economictimes.indiatimes.com/industry/banking/finance/banking/banks-raise-unhedged-currency-risk-issue-with-rbi/articleshow/104952142.cms
2023-11-06,crypto prices today live news bitcoin dogecoin ethereum shibha inu cryptocurrency latest updates 6 november 2023,https://economictimes.indiatimes.comhttps://economictimes.indiatimes.com/markets/cryptocurrency/crypto-prices-today-live-news-bitcoin-dogecoin-ethereum-shibha-inu-cryptocurrency-latest-updates-6-november-2023/articleshow/105006137.cms
2023-11-07,crypto prices today live news bitcoin dogecoin ethereum shibha inu cryptocurrency latest updates 7 november 2023,https://economictimes.indiatimes.comhttps://economictimes.indiatimes.com/markets/cryptocurrency/crypto-prices-today-live-news-bitcoin-dogecoin-ethereum-shibha-inu-cryptocurrency-latest-updates-7-november-2023/articleshow/105033058.cms
2023-11-08,crypto prices today live news bitcoin dogecoin ethereum shibha inu cryptocurrency latest updates 8 november 2023,https://economictimes.indiatimes.comhttps://economictimes.indiatimes.com/markets/cryptocurrency/crypto-prices-today-live-news-bitcoin-dogecoin-ethereum-shibha-inu-cryptocurrency-latest-updates-8-november-2023/articleshow/105061954.cms
2023-11-08,how to invest in cryptocurrency,https://economictimes.indiatimes.comhttps://economictimes.indiatimes.com/markets/cryptocurrency/how-to-invest-in-cryptocurrency/articleshow/104842643.cms
2023-11-09,crypto prices today live news bitcoin dogecoin ethereum shibha inu cryptocurrency latest updates 9 november 2023,https://economictimes.indiatimes.comhttps://economictimes.indiatimes.com/markets/cryptocurrency/crypto-prices-today-live-news-bitcoin-dogecoin-ethereum-shibha-inu-cryptocurrency-latest-updates-9-november-2023/articleshow/105088709.cms
2023-11-09,upi paynow tie up gains currency cuts cost of remittance,https://economictimes.indiatimes.comhttps://economictimes.indiatimes.com/nri/invest/upi-paynow-tie-up-gains-currency-cuts-cost-of-remittance/articleshow/105077307.cms
2023-11-10,crypto prices today live news bitcoin dogecoin ethereum shibha inu cryptocurrency latest updates 10 november 2023,https://economictimes.indiatimes.comhttps://economictimes.indiatimes.com/markets/cryptocurrency/crypto-prices-today-live-news-bitcoin-dogecoin-ethereum-shibha-inu-cryptocurrency-latest-updates-10-november-2023/articleshow/105117475.cms
2023-11-13,crypto prices today live news bitcoin dogecoin ethereum shibha inu cryptocurrency latest updates 13 november 2023,https://economictimes.indiatimes.comhttps://economictimes.indiatimes.com/markets/cryptocurrency/crypto-prices-today-live-news-bitcoin-dogecoin-ethereum-shibha-inu-cryptocurrency-latest-updates-13-november-2023/articleshow/105181337.cms
2023-11-15,crypto prices today live news bitcoin dogecoin ethereum shibha inu cryptocurrency latest updates 15 november 2023,https://economictimes.indiatimes.comhttps://economictimes.indiatimes.com/markets/cryptocurrency/crypto-prices-today-live-news-bitcoin-dogecoin-ethereum-shibha-inu-cryptocurrency-latest-updates-15-november-2023/articleshow/105228673.cms
2023-11-16,crypto prices today live news bitcoin dogecoin ethereum shibha inu cryptocurrency latest updates 16 november 2023,https://economictimes.indiatimes.comhttps://economictimes.indiatimes.com/markets/cryptocurrency/crypto-prices-today-live-news-bitcoin-dogecoin-ethereum-shibha-inu-cryptocurrency-latest-updates-16-november-2023/articleshow/105253070.cms
2023-11-17,indias forex reserves dip 462 million to 590 32 billion,https://economictimes.indiatimes.comhttps://economictimes.indiatimes.com/news/economy/indicators/indias-forex-reserves-dip-462-million-to-590-32-billion/articleshow/105281960.cms
2023-11-19,conditions not ripe to make inr a hard currency gtri,https://economictimes.indiatimes.comhttps://economictimes.indiatimes.com/markets/forex/conditions-not-ripe-to-make-inr-a-hard-currency-gtri/articleshow/105327484.cms
2023-11-19,conditions not ripe to make inr a hard currency gtri,https://economictimes.indiatimes.comhttps://economictimes.indiatimes.com/news/economy/policy/conditions-not-ripe-to-make-inr-a-hard-currency-gtri/articleshow/105327110.cms
2023-11-20,crypto prices today live news bitcoin dogecoin ethereum shibha inu cryptocurrency latest updates 20 november 2023,https://economictimes.indiatimes.comhttps://economictimes.indiatimes.com/markets/cryptocurrency/crypto-prices-today-live-news-bitcoin-dogecoin-ethereum-shibha-inu-cryptocurrency-latest-updates-20-november-2023/articleshow/105347690.cms
2023-11-20,crypto prices today live news bitcoin dogecoin ethereum shibha inu cryptocurrency latest updates 17 november 2023,https://economictimes.indiatimes.comhttps://economictimes.indiatimes.com/markets/cryptocurrency/crypto-prices-today-live-news-bitcoin-dogecoin-ethereum-shibha-inu-cryptocurrency-latest-updates-17-november-2023/articleshow/105285036.cms
2023-11-21,ed confirms show cause notice to byjus for over rs 9000 crore forex violation,https://economictimes.indiatimes.comhttps://economictimes.indiatimes.com/tech/startups/ed-confirms-show-cause-notice-to-byjus-for-over-rs-9000-crore-forex-violation/articleshow/105392633.cms
2023-11-21,forex violations byju raveendran tells shareholders firm fully compliant with fema regulations,https://economictimes.indiatimes.comhttps://economictimes.indiatimes.com/tech/startups/forex-violations-byju-raveendran-tells-shareholders-firm-fully-compliant-with-fema-regulations/articleshow/105386345.cms
2023-11-21,crypto prices today live news bitcoin dogecoin ethereum shibha inu cryptocurrency latest updates 21 november 2023,https://economictimes.indiatimes.comhttps://economictimes.indiatimes.com/markets/cryptocurrency/crypto-prices-today-live-news-bitcoin-dogecoin-ethereum-shibha-inu-cryptocurrency-latest-updates-21-november-2023/articleshow/105377980.cms
2023-11-22,cryptocurrency too wild to be buried,https://economictimes.indiatimes.comhttps://economictimes.indiatimes.com/opinion/et-commentary/cryptocurrency-too-wild-to-be-buried/articleshow/105424797.cms
2023-11-22,crypto prices today live news bitcoin dogecoin ethereum shibha inu cryptocurrency latest updates 22 november 2023,https://economictimes.indiatimes.comhttps://economictimes.indiatimes.com/markets/cryptocurrency/crypto-prices-today-live-news-bitcoin-dogecoin-ethereum-shibha-inu-cryptocurrency-latest-updates-22-november-2023/articleshow/105406072.cms
2023-11-23,crypto prices today live news bitcoin dogecoin ethereum shibha inu cryptocurrency latest updates 23 november 2023,https://economictimes.indiatimes.comhttps://economictimes.indiatimes.com/markets/cryptocurrency/crypto-prices-today-live-news-bitcoin-dogecoin-ethereum-shibha-inu-cryptocurrency-latest-updates-23-november-2023/articleshow/105439751.cms
2023-11-23,no deductions can be claimed on profits from forex fluctuations sc,https://economictimes.indiatimes.comhttps://economictimes.indiatimes.com/news/india/no-deductions-can-be-claimed-on-profits-from-forex-fluctuations-sc/articleshow/105423144.cms
2023-11-24,rbi adds 19 unauthorised forex trading platforms in alert list,https://economictimes.indiatimes.comhttps://economictimes.indiatimes.com/news/economy/finance/rbi-adds-19-unauthorised-forex-trading-platforms-in-alert-list/articleshow/105479883.cms
2023-11-24,indias forex reserves up by 5 08 bn to 595 4 bn,https://economictimes.indiatimes.comhttps://economictimes.indiatimes.com/news/economy/indicators/indias-forex-reserves-up-by-5-08-bn-to-595-4-bn/articleshow/105469248.cms
2023-11-24,indias forex reserves jump usd 5 08 bn to usd 595 40 bn mumbai,https://economictimes.indiatimes.comhttps://economictimes.indiatimes.com/news/india/indias-forex-reserves-jump-usd-5-08-bn-to-usd-595-40-bn-mumbai/articleshow/105476868.cms
2023-11-24,rbi seeks ways to make digital currency payments easy as cash,https://economictimes.indiatimes.comhttps://economictimes.indiatimes.com/tech/technology/rbi-seeks-ways-to-make-digital-currency-payments-easy-as-cash/articleshow/105453551.cms
2023-11-28,crypto prices today live news bitcoin dogecoin ethereum shibha inu cryptocurrency latest updates 28 november 2023,https://economictimes.indiatimes.comhttps://economictimes.indiatimes.com/markets/cryptocurrency/crypto-prices-today-live-news-bitcoin-dogecoin-ethereum-shibha-inu-cryptocurrency-latest-updates-28-november-2023/articleshow/105555103.cms
2023-11-29,pakistani rupee asias worst performing currency heads for another tough year,https://economictimes.indiatimes.comhttps://economictimes.indiatimes.com/markets/forex/pakistani-rupee-asias-worst-performing-currency-heads-for-another-tough-year/articleshow/105548064.cms
2023-11-29,crypto prices today live news bitcoin dogecoin ethereum shibha inu cryptocurrency latest updates 29 november 2023,https://economictimes.indiatimes.comhttps://economictimes.indiatimes.com/markets/cryptocurrency/crypto-prices-today-live-news-bitcoin-dogecoin-ethereum-shibha-inu-cryptocurrency-latest-updates-29-november-2023/articleshow/105585317.cms
2023-11-30,crypto prices today live news bitcoin dogecoin ethereum shibha inu cryptocurrency latest updates 30 november 2023,https://economictimes.indiatimes.comhttps://economictimes.indiatimes.com/markets/cryptocurrency/crypto-prices-today-live-news-bitcoin-dogecoin-ethereum-shibha-inu-cryptocurrency-latest-updates-30-november-2023/articleshow/105613617.cms
2023-11-30,cristiano ronaldo faces 1 billion lawsuit over binance affiliation in cryptocurrency deal,https://economictimes.indiatimes.comhttps://economictimes.indiatimes.com/news/international/uk/cristiano-ronaldo-faces-1-billion-lawsuit-over-binance-affiliation-in-cryptocurrency-deal/articleshow/105602269.cms
2023-12-01,indias forex reserves up by 2 54 bn to 597 94 bn,https://economictimes.indiatimes.comhttps://economictimes.indiatimes.com/news/economy/indicators/indias-forex-reserves-up-by-2-54-bn-to-597-94-bn/articleshow/105656779.cms
2023-12-05,crypto prices today live news bitcoin dogecoin ethereum shibha inu cryptocurrency latest updates 5 december 2023,https://economictimes.indiatimes.comhttps://economictimes.indiatimes.com/markets/cryptocurrency/crypto-prices-today-live-news-bitcoin-dogecoin-ethereum-shibha-inu-cryptocurrency-latest-updates-5-december-2023/articleshow/105749482.cms
2023-12-08,indias forex reserves at 604 bn for the week ending december 1,https://economictimes.indiatimes.comhttps://economictimes.indiatimes.com/news/economy/indicators/indias-forex-reserves-at-604-bn-for-the-week-ending-december-1/articleshow/105845357.cms
2023-12-08,indias forex reserves at 604 bn for the week ending dec 1,https://economictimes.indiatimes.comhttps://economictimes.indiatimes.com/news/economy/indicators/indias-forex-reserves-at-604-bn-for-the-week-ending-dec-1/articleshow/105829195.cms
2023-12-11,crypto prices today live news bitcoin dogecoin ethereum shibha inu cryptocurrency latest updates 11 december 2023,https://economictimes.indiatimes.comhttps://economictimes.indiatimes.com/markets/cryptocurrency/crypto-prices-today-live-news-bitcoin-dogecoin-ethereum-shibha-inu-cryptocurrency-latest-updates-11-december-2023/articleshow/105895881.cms
2023-12-12,crypto prices today live news bitcoin dogecoin ethereum shibha inu cryptocurrency latest updates 12 december 2023,https://economictimes.indiatimes.comhttps://economictimes.indiatimes.com/markets/cryptocurrency/crypto-prices-today-live-news-bitcoin-dogecoin-ethereum-shibha-inu-cryptocurrency-latest-updates-12-december-2023/articleshow/105927627.cms
2023-12-13,time to book profits in power stocks india heading towards currency risk rohit srivastava,https://economictimes.indiatimes.comhttps://economictimes.indiatimes.com/markets/expert-view/time-to-book-profits-in-power-stocks-india-heading-towards-currency-risk-rohit-srivastava/articleshow/105962766.cms
2023-12-14,crypto prices today live news bitcoin dogecoin ethereum shibha inu cryptocurrency latest updates 14 december 2023,https://economictimes.indiatimes.comhttps://economictimes.indiatimes.com/markets/cryptocurrency/crypto-podcast/crypto-prices-today-live-news-bitcoin-dogecoin-ethereum-shibha-inu-cryptocurrency-latest-updates-14-december-2023/articleshow/105984376.cms
2023-12-15,indias forex reserves up 2 82 bn to 606 86 billion for the week ending december 8,https://economictimes.indiatimes.comhttps://economictimes.indiatimes.com/news/economy/indicators/indias-forex-reserves-up-2-82-bn-to-606-86-billion-for-the-week-ending-december-8/articleshow/106021709.cms
2023-12-15,crypto prices today live news bitcoin dogecoin ethereum shibha inu cryptocurrency latest updates 15 december 2023,https://economictimes.indiatimes.comhttps://economictimes.indiatimes.com/markets/cryptocurrency/crypto-prices-today-live-news-bitcoin-dogecoin-ethereum-shibha-inu-cryptocurrency-latest-updates-15-december-2023/articleshow/106016295.cms
2023-12-18,weak currency to aid exports us rate hikes geo political tension exerting pressure on rupee finmin,https://economictimes.indiatimes.comhttps://economictimes.indiatimes.com/news/economy/indicators/weak-currency-to-aid-exports-us-rate-hikes-geo-political-tension-exerting-pressure-on-rupee-finmin/articleshow/106097962.cms
2023-12-18,crypto prices today live news bitcoin dogecoin ethereum shibha inu cryptocurrency latest updates 18 december 2023,https://economictimes.indiatimes.comhttps://economictimes.indiatimes.com/markets/cryptocurrency/crypto-prices-today-live-news-bitcoin-dogecoin-ethereum-shibha-inu-cryptocurrency-latest-updates-18-december-2023/articleshow/106083745.cms
2023-12-18,big currency flop of 2023 is top pick for year ahead again,https://economictimes.indiatimes.comhttps://economictimes.indiatimes.com/markets/forex/big-currency-flop-of-2023-is-top-pick-for-year-ahead-again/articleshow/106077881.cms
2023-12-18,debit card or credit card which one should you use on international trip to save on forex atm charges tcs,https://economictimes.indiatimes.comhttps://economictimes.indiatimes.com/wealth/spend/debit-card-or-credit-card-which-one-should-you-use-on-international-trip-to-save-on-forex-atm-charges-tcs/articleshow/106013962.cms
2023-12-19,crypto prices today live news bitcoin dogecoin ethereum shibha inu cryptocurrency latest updates 19 november 2023,https://economictimes.indiatimes.comhttps://economictimes.indiatimes.com/markets/cryptocurrency/crypto-podcast/crypto-prices-today-live-news-bitcoin-dogecoin-ethereum-shibha-inu-cryptocurrency-latest-updates-19-november-2023/articleshow/106118127.cms
2023-12-20,micro text invisible logo delhi university degree certificate to have currency like security features,https://economictimes.indiatimes.comhttps://economictimes.indiatimes.com/industry/services/education/micro-text-invisible-logo-delhi-university-degree-certificate-to-have-currency-like-security-features/articleshow/106151213.cms
2023-12-22,indias forex reserves jump by 9 11 bn to 615 97 bn for the week ending december 15,https://economictimes.indiatimes.comhttps://economictimes.indiatimes.com/news/economy/indicators/indias-forex-reserves-jump-by-9-11-bn-to-615-97-bn-for-the-week-ending-december-15/articleshow/106212421.cms
2023-12-22,crypto prices today live news bitcoin dogecoin ethereum shibha inu cryptocurrency latest updates 22 december 2023,https://economictimes.indiatimes.comhttps://economictimes.indiatimes.com/markets/cryptocurrency/crypto-prices-today-live-news-bitcoin-dogecoin-ethereum-shibha-inu-cryptocurrency-latest-updates-22-december-2023/articleshow/106202452.cms
2023-12-25,rbi cracks down on illegal forex trading,https://economictimes.indiatimes.comhttps://economictimes.indiatimes.com/industry/banking/finance/rbi-cracks-down-on-illegal-forex-trading/articleshow/106260061.cms
2023-12-27,crypto prices today live news bitcoin dogecoin ethereum shibha inu cryptocurrency latest updates 27 december 2023,https://economictimes.indiatimes.comhttps://economictimes.indiatimes.com/markets/cryptocurrency/crypto-prices-today-live-news-bitcoin-dogecoin-ethereum-shibha-inu-cryptocurrency-latest-updates-27-december-2023/articleshow/106315297.cms
2023-12-28,strong need for a reward currency for direct to consumer brands e commerce enabler pop,https://economictimes.indiatimes.comhttps://economictimes.indiatimes.com/industry/services/retail/strong-need-for-a-reward-currency-for-direct-to-consumer-brands-e-commerce-enabler-pop/articleshow/106350257.cms
2023-12-28,crypto prices today live news bitcoin dogecoin ethereum shibha inu cryptocurrency latest updates 28 december 2023,https://economictimes.indiatimes.comhttps://economictimes.indiatimes.com/markets/cryptocurrency/crypto-prices-today-live-news-bitcoin-dogecoin-ethereum-shibha-inu-cryptocurrency-latest-updates-28-december-2023/articleshow/106345142.cms
2023-12-29,indias forex reserves jump 4 47 bn to 620 44 bn for week ending on dec 22,https://economictimes.indiatimes.comhttps://economictimes.indiatimes.com/news/economy/indicators/indias-forex-reserves-jump-4-47-bn-to-620-44-bn-for-week-ending-on-dec-22/articleshow/106382749.cms
2024-01-02,union bank of india employees unhappy for getting perks in digital currency,https://economictimes.indiatimes.comhttps://economictimes.indiatimes.com/industry/banking/finance/union-bank-of-india-employees-unhappy-for-getting-perks-in-digital-currency/articleshow/106485388.cms
2024-01-02,crypto prices today live news bitcoin dogecoin ethereum shibha inu cryptocurrency latest updates 2 january 2024,https://economictimes.indiatimes.comhttps://economictimes.indiatimes.com/markets/cryptocurrency/crypto-prices-today-live-news-bitcoin-dogecoin-ethereum-shibha-inu-cryptocurrency-latest-updates-2-january-2024/articleshow/106473275.cms
2024-01-03,financial report card for myntra zestmoney unacademy union bank employees slam perks in digital currency,https://economictimes.indiatimes.comhttps://economictimes.indiatimes.com/tech/newsletters/tech-top-5/financial-report-card-for-myntra-zestmoney-unacademy-union-bank-employees-slam-perks-in-digital-currency/articleshow/106520277.cms
2024-01-03,crypto prices today live news bitcoin dogecoin ethereum shibha inu cryptocurrency latest updates 3 january 2024,https://economictimes.indiatimes.comhttps://economictimes.indiatimes.com/markets/cryptocurrency/crypto-prices-today-live-news-bitcoin-dogecoin-ethereum-shibha-inu-cryptocurrency-latest-updates-3-january-2024/articleshow/106507541.cms
2024-01-04,currency smuggling attempt foiled by bsf at india bangladesh border us dollar notes seized,https://economictimes.indiatimes.comhttps://economictimes.indiatimes.com/news/india/currency-smuggling-attempt-foiled-by-bsf-at-india-bangladesh-border-us-dollar-notes-seized/articleshow/106548701.cms
2024-01-04,crypto prices today live news bitcoin dogecoin ethereum shibha inu cryptocurrency latest updates 04 january 2024,https://economictimes.indiatimes.comhttps://economictimes.indiatimes.com/markets/cryptocurrency/crypto-prices-today-live-news-bitcoin-dogecoin-ethereum-shibha-inu-cryptocurrency-latest-updates-04-january-2024/articleshow/106535273.cms
2024-01-05,indias forex reserves up 2 76 bn to 623 20 bn for the week ending dec 29,https://economictimes.indiatimes.comhttps://economictimes.indiatimes.com/news/economy/indicators/indias-forex-reserves-up-2-76-bn-to-623-20-bn-for-the-week-ending-dec-29/articleshow/106570169.cms
2024-01-05,crypto prices today live news bitcoin dogecoin ethereum shibha inu cryptocurrency latest updates 5 january 2024,https://economictimes.indiatimes.comhttps://economictimes.indiatimes.com/markets/cryptocurrency/crypto-prices-today-live-news-bitcoin-dogecoin-ethereum-shibha-inu-cryptocurrency-latest-updates-5-january-2024/articleshow/106567466.cms
2024-01-07,israels forex reserves rise by 6 5 b in december,https://economictimes.indiatimes.comhttps://economictimes.indiatimes.com/news/economy/indicators/israels-forex-reserves-rise-by-6-5-b-in-december/articleshow/106617650.cms
2024-01-08,bloomberg proposes india gilts inclusion in em local currency index seeks feedback,https://economictimes.indiatimes.comhttps://economictimes.indiatimes.com/markets/bonds/bloomberg-proposes-india-gilts-inclusion-in-em-local-currency-index-seeks-feedback/articleshow/106644039.cms
2024-01-09,crypto prices today live news bitcoin dogecoin ethereum shibha inu cryptocurrency latest updates 9 january 2024,https://economictimes.indiatimes.comhttps://economictimes.indiatimes.com/markets/cryptocurrency/crypto-prices-today-live-news-bitcoin-dogecoin-ethereum-shibha-inu-cryptocurrency-latest-updates-9-january-2024/articleshow/106659248.cms
2024-01-11,crypto prices today live news bitcoin dogecoin ethereum shibha inu cryptocurrency latest updates 11 january 2024,https://economictimes.indiatimes.comhttps://economictimes.indiatimes.com/markets/cryptocurrency/crypto-prices-today-live-news-bitcoin-dogecoin-ethereum-shibha-inu-cryptocurrency-latest-updates-11-january-2024/articleshow/106719692.cms
2024-01-12,indias forex reserves dip by 5 90 bn to 617 30 bn for the week ending jan 5,https://economictimes.indiatimes.comhttps://economictimes.indiatimes.com/news/economy/indicators/indias-forex-reserves-dip-by-5-90-bn-to-617-30-bn-for-the-week-ending-jan-5/articleshow/106766900.cms
2024-01-12,crypto prices today live news bitcoin dogecoin ethereum shibha inu cryptocurrency latest updates 12 january 2024,https://economictimes.indiatimes.comhttps://economictimes.indiatimes.com/markets/cryptocurrency/crypto-prices-today-live-news-bitcoin-dogecoin-ethereum-shibha-inu-cryptocurrency-latest-updates-12-january-2024/articleshow/106760077.cms
2024-01-16,venezuela kills off petro cryptocurrency,https://economictimes.indiatimes.comhttps://economictimes.indiatimes.com/markets/cryptocurrency/venezuela-kills-off-petro-cryptocurrency/articleshow/106893829.cms
2024-01-16,crypto prices today live news bitcoin dogecoin ethereum shibha inu cryptocurrency latest updates 16 january 2024,https://economictimes.indiatimes.comhttps://economictimes.indiatimes.com/markets/cryptocurrency/crypto-news/crypto-prices-today-live-news-bitcoin-dogecoin-ethereum-shibha-inu-cryptocurrency-latest-updates-16-january-2024/articleshow/106890746.cms
2024-01-17,crypto prices today live news bitcoin dogecoin ethereum shibha inu cryptocurrency latest updates 17 january 2024,https://economictimes.indiatimes.comhttps://economictimes.indiatimes.com/markets/cryptocurrency/crypto-prices-today-live-news-bitcoin-dogecoin-ethereum-shibha-inu-cryptocurrency-latest-updates-17-january-2024/articleshow/106921737.cms
2024-01-19,indias forex reserves up 1 6 bn to 618 94 bn as of jan 12,https://economictimes.indiatimes.comhttps://economictimes.indiatimes.com/news/economy/indicators/indias-forex-reserves-up-1-6-bn-to-618-94-bn-as-of-jan-12/articleshow/106990161.cms
2024-01-19,us donald trump pledges to block creation of federal digital currency calls it dangerous threat to freedom,https://economictimes.indiatimes.comhttps://economictimes.indiatimes.com/news/international/world-news/us-donald-trump-pledges-to-block-creation-of-federal-digital-currency-calls-it-dangerous-threat-to-freedom/articleshow/106971324.cms
2024-01-22,the future of blockchain cryptocurrency and metaverse 2024 norque a promising new project,https://economictimes.indiatimes.comhttps://economictimes.indiatimes.com/markets/cryptocurrency/crypto-news/the-future-of-blockchain-cryptocurrency-and-metaverse-2024-norque-a-promising-new-project/articleshow/107043152.cms
2024-01-22,crypto prices today live news bitcoin dogecoin ethereum shibha inu cryptocurrency latest updates 22 january 2024,https://economictimes.indiatimes.comhttps://economictimes.indiatimes.com/markets/cryptocurrency/crypto-prices-today-live-news-bitcoin-dogecoin-ethereum-shibha-inu-cryptocurrency-latest-updates-22-january-2024/articleshow/107043170.cms
2024-01-23,crypto prices today live news bitcoin dogecoin ethereum shibha inu cryptocurrency latest updates 23 january 2024,https://economictimes.indiatimes.comhttps://economictimes.indiatimes.com/markets/cryptocurrency/crypto-prices-today-live-news-bitcoin-dogecoin-ethereum-shibha-inu-cryptocurrency-latest-updates-23-january-2024/articleshow/107075603.cms
2024-01-24,whos afraid of cryptocurrency,https://economictimes.indiatimes.comhttps://economictimes.indiatimes.com/opinion/et-commentary/whos-afraid-of-cryptocurrency/articleshow/107123611.cms
2024-01-25,govt rbi actively engaged on digital currency finmin nirmala sitharaman,https://economictimes.indiatimes.comhttps://economictimes.indiatimes.com/news/economy/finance/govt-rbi-actively-engaged-on-digital-currency-finmin-nirmala-sitharaman/articleshow/107150091.cms
2024-01-26,indias forex reserves fall 2 79 bn to 616 14 bn as of jan 19,https://economictimes.indiatimes.comhttps://economictimes.indiatimes.com/news/economy/indicators/indias-forex-reserves-fall-2-79-bn-to-616-14-bn-as-of-jan-19/articleshow/107169976.cms
2024-01-28,cryptocurrency comeback indian exchanges shine amid offshore challenges,https://economictimes.indiatimes.comhttps://economictimes.indiatimes.com/tech/technology/cryptocurrency-comeback-indian-exchanges-shine-amid-offshore-challenges/articleshow/107191714.cms
2024-01-29,indian pleads guilty in us for dark web drug enterprise forfeits 150 million in cryptocurrency,https://economictimes.indiatimes.comhttps://economictimes.indiatimes.com/tech/technology/indian-pleads-guilty-in-us-for-dark-web-drug-enterprise-forfeits-150-million-in-cryptocurrency/articleshow/107236705.cms
2024-01-29,will budget 2024 reduce 20 tcs for taxpayers levy tcs on credit card forex payments,https://economictimes.indiatimes.comhttps://economictimes.indiatimes.com/wealth/personal-finance-news/will-budget-2024-reduce-20-tcs-for-taxpayers-levy-tcs-on-credit-card-forex-payments/articleshow/107153334.cms
2024-01-29,starting april you will have to pay more for your airbnb if you pay in a different currency from listing,https://economictimes.indiatimes.comhttps://economictimes.indiatimes.com/nri/visit/starting-april-you-will-have-to-pay-more-for-your-airbnb-if-you-pay-in-a-different-currency-from-listing/articleshow/107221188.cms
2024-01-30,crypto prices today live news bitcoin dogecoin ethereum shibha inu cryptocurrency latest updates 30 january 2024,https://economictimes.indiatimes.comhttps://economictimes.indiatimes.com/markets/cryptocurrency/crypto-prices-today-live-news-bitcoin-dogecoin-ethereum-shibha-inu-cryptocurrency-latest-updates-30-january-2024/articleshow/107253468.cms
2024-02-01,crypto prices today live news bitcoin dogecoin ethereum shibha inu cryptocurrency latest updates 1 february 2024,https://economictimes.indiatimes.comhttps://economictimes.indiatimes.com/markets/cryptocurrency/crypto-prices-today-live-news-bitcoin-dogecoin-ethereum-shibha-inu-cryptocurrency-latest-updates-1-february-2024/articleshow/107313420.cms
2024-02-02,indias forex reserves up by 591 mn to 616 73 bn for the week ending jan 26,https://economictimes.indiatimes.comhttps://economictimes.indiatimes.com/news/economy/indicators/indias-forex-reserves-up-by-591-mn-to-616-73-bn-for-the-week-ending-jan-26/articleshow/107351143.cms
2024-02-05,paytm denies reports of investigation or violation of forex rules by co or payments bank,https://economictimes.indiatimes.comhttps://economictimes.indiatimes.com/industry/banking/finance/banking/paytm-denies-reports-of-investigation-or-violation-of-forex-rules-by-co-or-payments-bank/articleshow/107435350.cms
2024-02-05,what is cryptocurrency and how does it work,https://economictimes.indiatimes.comhttps://economictimes.indiatimes.com/markets/cryptocurrency/what-is-cryptocurrency-and-how-does-it-work/articleshow/107420054.cms
2024-02-07,crypto prices today live news bitcoin dogecoin ethereum shibha inu cryptocurrency latest updates 7 february 2024,https://economictimes.indiatimes.comhttps://economictimes.indiatimes.com/markets/cryptocurrency/crypto-prices-today-live-news-bitcoin-dogecoin-ethereum-shibha-inu-cryptocurrency-latest-updates-7-february-2024/articleshow/107480559.cms
2024-02-09,rbi mpc indias forex reserves at 622 5 bn as of february 2 says governor shaktikanta das,https://economictimes.indiatimes.comhttps://economictimes.indiatimes.com/news/economy/indicators/rbi-mpc-indias-forex-reserves-at-622-5-bn-as-of-february-2-says-governor-shaktikanta-das/articleshow/107512718.cms
2024-02-10,exploring potential of ethereum etfs an overview of exchange traded funds applied to the second largest cryptocurrency,https://economictimes.indiatimes.comhttps://economictimes.indiatimes.com/markets/cryptocurrency/exploring-potential-of-ethereum-etfs-an-overview-of-exchange-traded-funds-applied-to-the-second-largest-cryptocurrency/articleshow/107576815.cms
2024-02-12,understanding staking in cryptocurrency a guide to passive income,https://economictimes.indiatimes.comhttps://economictimes.indiatimes.com/markets/cryptocurrency/understanding-staking-in-cryptocurrency-a-guide-to-passive-income/articleshow/107451725.cms
2024-02-12,crypto prices today live news bitcoin dogecoin ethereum shibha inu cryptocurrency latest updates 2 february 2024,https://economictimes.indiatimes.comhttps://economictimes.indiatimes.com/markets/cryptocurrency/crypto-prices-today-live-news-bitcoin-dogecoin-ethereum-shibha-inu-cryptocurrency-latest-updates-2-february-2024/articleshow/107621308.cms
2024-02-16,indias forex reserves dip by 5 24 bn to 617 23 bn as of feb 9,https://economictimes.indiatimes.comhttps://economictimes.indiatimes.com/news/economy/indicators/indias-forex-reserves-dip-by-5-24-bn-to-617-23-bn-as-of-feb-9/articleshow/107754606.cms
2024-02-16,be future ready fm nirmala sitharaman to currency minting corp,https://economictimes.indiatimes.comhttps://economictimes.indiatimes.com/news/india/be-future-ready-fm-nirmala-sitharaman-to-currency-minting-corp/articleshow/107732522.cms
2024-02-22,advantages and disadvantages of cryptocurrency,https://economictimes.indiatimes.comhttps://economictimes.indiatimes.com/markets/cryptocurrency/advantages-and-disadvantages-of-cryptocurrency/articleshow/107916590.cms
2024-02-23,a tale from inflation to disinflation dominating the currency dynamics,https://economictimes.indiatimes.comhttps://economictimes.indiatimes.com/markets/stocks/news/a-tale-from-inflation-to-disinflation-dominating-the-currency-dynamics/articleshow/107933903.cms
2024-02-23,crypto prices today live news bitcoin dogecoin ethereum shibha inu cryptocurrency latest updates 23 february 2024,https://economictimes.indiatimes.comhttps://economictimes.indiatimes.com/markets/cryptocurrency/crypto-prices-today-live-news-bitcoin-dogecoin-ethereum-shibha-inu-cryptocurrency-latest-updates-23-february-2024/articleshow/107936173.cms
2024-02-25,forex violation case ed summons niranjan hiranandani dubai based son on monday,https://economictimes.indiatimes.comhttps://economictimes.indiatimes.com/news/india/forex-violation-case-ed-summons-niranjan-hiranandani-dubai-based-son-on-monday/articleshow/107974097.cms
2024-02-25,impact of rs 2000 notes withdrawal currency in circulation growth dips to 3 7 in feb,https://economictimes.indiatimes.comhttps://economictimes.indiatimes.com/news/economy/finance/impact-of-rs-2000-notes-withdrawal-currency-in-circulation-growth-dips-to-3-7-in-feb/articleshow/107981363.cms
2024-02-26,behind paytms forex woes understanding the role of fintechs in cross border payments,https://economictimes.indiatimes.comhttps://economictimes.indiatimes.com/tech/technology/behind-paytms-forex-woes-understanding-the-role-of-fintechs-in-cross-border-payments/articleshow/108010731.cms
2024-03-01,indias forex reserves up by 2 98 bn to 619 07 as of feb 23,https://economictimes.indiatimes.comhttps://economictimes.indiatimes.com/news/economy/indicators/indias-forex-reserves-up-by-2-98-bn-to-619-07-as-of-feb-23/articleshow/108134148.cms
2024-03-01,indias forex reserves dip by 1 13 bn to 616 1 bn as of feb 16,https://economictimes.indiatimes.comhttps://economictimes.indiatimes.com/news/economy/indicators/indias-forex-reserves-dip-by-1-13-bn-to-616-1-bn-as-of-feb-16/articleshow/107944476.cms
2024-03-01,cryptocurrency price on march 1 bitcoin stable at 61000 level solana toncoin soar up to 8,https://economictimes.indiatimes.comhttps://economictimes.indiatimes.com/markets/cryptocurrency/cryptocurrency-price-on-march-1-bitcoin-stable-at-61000-level-solana-toncoin-soar-up-to-8/articleshow/108131862.cms
2024-03-04,5 things to know about currency derivatives,https://economictimes.indiatimes.comhttps://economictimes.indiatimes.com/wealth/save/5-things-to-know-about-currency-derivatives/articleshow/108156027.cms
2024-03-04,crypto prices today live news bitcoin dogecoin ethereum shibha inu cryptocurrency latest updates 2 january 2024,https://economictimes.indiatimes.comhttps://economictimes.indiatimes.com/markets/cryptocurrency/crypto-prices-today-live-news-bitcoin-dogecoin-ethereum-shibha-inu-cryptocurrency-latest-updates-2-january-2024/articleshow/108198110.cms
2024-03-05,angel one to stop doing business in currency derivatives segment bse,https://economictimes.indiatimes.comhttps://economictimes.indiatimes.com/markets/stocks/news/angel-one-to-stop-doing-business-in-currency-derivatives-segment-bse/articleshow/108211770.cms
2024-03-05,crypto prices today live news bitcoin dogecoin ethereum shibha inu cryptocurrency latest updates 3 march 2024,https://economictimes.indiatimes.comhttps://economictimes.indiatimes.com/markets/cryptocurrency/crypto-prices-today-live-news-bitcoin-dogecoin-ethereum-shibha-inu-cryptocurrency-latest-updates-3-march-2024/articleshow/108228216.cms
2024-03-06,global bond inclusion inflows help rupee buck em currency losses,https://economictimes.indiatimes.comhttps://economictimes.indiatimes.com/markets/forex/global-bond-inclusion-inflows-help-rupee-buck-em-currency-losses/articleshow/108255186.cms
2024-03-07,greater amount of realism in cryptocurrency market says rbi governor,https://economictimes.indiatimes.comhttps://economictimes.indiatimes.com/markets/cryptocurrency/greater-amount-of-realism-in-cryptocurrency-market-says-rbi-governor/articleshow/108292987.cms
2024-03-07,crypto prices today live news bitcoin dogecoin ethereum shibha inu cryptocurrency latest updates 7 march 2024,https://economictimes.indiatimes.comhttps://economictimes.indiatimes.com/markets/cryptocurrency/crypto-prices-today-live-news-bitcoin-dogecoin-ethereum-shibha-inu-cryptocurrency-latest-updates-7-march-2024/articleshow/108288971.cms
2024-03-07,cryptocurrency price on march 6 bitcoin tumbles after hitting new record high above 69000,https://economictimes.indiatimes.comhttps://economictimes.indiatimes.com/markets/cryptocurrency/cryptocurrency-price-on-march-6-bitcoin-tumbles-after-hitting-new-record-high-above-69000/articleshow/108258502.cms
2024-03-10,cryptocurrency price on march 10 bitcoin near 69600 dogecoin polygon rise up to 3,https://economictimes.indiatimes.comhttps://economictimes.indiatimes.com/markets/cryptocurrency/cryptocurrency-price-on-march-10-bitcoin-near-69600-dogecoin-polygon-rise-up-to-3/articleshow/108364005.cms
2024-03-12,cryptocurrency price on march 12 bitcoin trades near 72000 toncoin avalanche jump up to 34,https://economictimes.indiatimes.comhttps://economictimes.indiatimes.com/markets/cryptocurrency/cryptocurrency-price-on-march-12-bitcoin-trades-near-72000-toncoin-avalanche-jump-up-to-34/articleshow/108428377.cms
2024-03-12,crypto prices today live news bitcoin dogecoin ethereum shibha inu cryptocurrency latest updates 11 march 2024,https://economictimes.indiatimes.comhttps://economictimes.indiatimes.com/markets/cryptocurrency/crypto-prices-today-live-news-bitcoin-dogecoin-ethereum-shibha-inu-cryptocurrency-latest-updates-11-march-2024/articleshow/108385025.cms
2024-03-13,crypto prices today live news bitcoin dogecoin ethereum shibha inu cryptocurrency latest updates 13 march 2024,https://economictimes.indiatimes.comhttps://economictimes.indiatimes.com/markets/cryptocurrency/crypto-prices-today-live-news-bitcoin-dogecoin-ethereum-shibha-inu-cryptocurrency-latest-updates-13-march-2024/articleshow/108455823.cms
2024-03-14,crypto prices today live news bitcoin dogecoin ethereum shibha inu cryptocurrency latest updates 14 march 2024,https://economictimes.indiatimes.comhttps://economictimes.indiatimes.com/markets/cryptocurrency/crypto-prices-today-live-news-bitcoin-dogecoin-ethereum-shibha-inu-cryptocurrency-latest-updates-14-march-2024/articleshow/108485491.cms
2024-03-15,navigating cryptocurrency volatility exploring the risks and rewards of current market leaders,https://economictimes.indiatimes.comhttps://economictimes.indiatimes.com/wealth/invest/navigating-cryptocurrency-volatility-exploring-the-risks-and-rewards-of-current-market-leaders/articleshow/108526628.cms
2024-03-15,indias forex reserves jump by 10 47 bn to 636 1 bn as of march 8,https://economictimes.indiatimes.comhttps://economictimes.indiatimes.com/news/economy/indicators/indias-forex-reserves-jump-by-10-47-bn-to-636-1-bn-as-of-march-8/articleshow/108519522.cms
2024-03-15,indias forex reserves up by 6 55 bn to 625 63 bn as of march 1,https://economictimes.indiatimes.comhttps://economictimes.indiatimes.com/news/economy/indicators/indias-forex-reserves-up-by-6-55-bn-to-625-63-bn-as-of-march-1/articleshow/108328327.cms
2024-03-15,cryptocurrency price on march 15 bitcoin falls below 68000 on us rate cut concerns dogecoin shiba inu tank 11,https://economictimes.indiatimes.comhttps://economictimes.indiatimes.com/markets/cryptocurrency/cryptocurrency-price-on-march-15-bitcoin-falls-below-68000-on-us-rate-cut-concerns-dogecoin-shiba-inu-tank-11/articleshow/108513931.cms
2024-03-16,indias forex exchange reserves at over two year high,https://economictimes.indiatimes.comhttps://economictimes.indiatimes.com/news/india/indias-forex-exchange-reserves-at-over-two-year-high/articleshow/108541430.cms
2024-03-18,crypto prices today live news bitcoin dogecoin ethereum shibha inu cryptocurrency latest updates 18 march 2024,https://economictimes.indiatimes.comhttps://economictimes.indiatimes.com/markets/cryptocurrency/crypto-prices-today-live-news-bitcoin-dogecoin-ethereum-shibha-inu-cryptocurrency-latest-updates-18-march-2024/articleshow/108580919.cms
2024-03-19,new cryptocurrency gbtc hits 5m what is green bitcoin and why are traders backing it for its upside potential,https://economictimes.indiatimes.comhttps://economictimes.indiatimes.com/wealth/invest/new-cryptocurrency-gbtc-hits-5m-what-is-green-bitcoin-and-why-are-traders-backing-it-for-its-upside-potential/articleshow/108622137.cms
2024-03-19,crypto prices today live news bitcoin dogecoin ethereum shibha inu cryptocurrency latest updates 19 march 2024,https://economictimes.indiatimes.comhttps://economictimes.indiatimes.com/markets/cryptocurrency/crypto-prices-today-live-news-bitcoin-dogecoin-ethereum-shibha-inu-cryptocurrency-latest-updates-19-march-2024/articleshow/108609023.cms
2024-03-20,cryptocurrency price on march 20 bitcoin tumbles 6 to below 61000 ahead of fed meet outcome,https://economictimes.indiatimes.comhttps://economictimes.indiatimes.com/markets/cryptocurrency/cryptocurrency-price-on-march-20-bitcoin-tumbles-6-to-below-61000-ahead-of-fed-meet-outcome/articleshow/108640503.cms
2024-03-21,crypto prices today live news bitcoin dogecoin ethereum shibha inu cryptocurrency latest updates 21 march 2024,https://economictimes.indiatimes.comhttps://economictimes.indiatimes.com/markets/cryptocurrency/crypto-prices-today-live-news-bitcoin-dogecoin-ethereum-shibha-inu-cryptocurrency-latest-updates-21-march-2024/articleshow/108669909.cms
2024-03-22,etmarkets emerging investment opportunities minting confidence in cryptocurrency edul patel dives into the bitcoin saga and beyond,https://economictimes.indiatimes.comhttps://economictimes.indiatimes.com/markets/cryptocurrency/etmarkets-emerging-investment-opportunities-minting-confidence-in-cryptocurrency-edul-patel-dives-into-the-bitcoin-saga-and-beyond/articleshow/108655809.cms
2024-03-22,indias forex reserves hit record high of 642 5 bn rbi data,https://economictimes.indiatimes.comhttps://economictimes.indiatimes.com/news/economy/indicators/indias-forex-reserves-hit-record-high-of-642-5-bn-rbi-data/articleshow/108710715.cms
2024-03-22,best cryptocurrency to invest in what cryptos to buy today for long term gains,https://economictimes.indiatimes.comhttps://economictimes.indiatimes.com/wealth/invest/best-cryptocurrency-to-invest-in-what-cryptos-to-buy-today-for-long-term-gains/articleshow/108699416.cms
2024-03-22,cryptocurrency price on march 23 bitcoin holds near 66200 bnb xrp jump over 5,https://economictimes.indiatimes.comhttps://economictimes.indiatimes.com/markets/cryptocurrency/cryptocurrency-price-on-march-23-bitcoin-holds-near-66200-bnb-xrp-jump-over-5/articleshow/108699873.cms
2024-03-25,cryptocurrency price on march 25 bitcoin surpasses 67400 ethereum solana jump up to 7,https://economictimes.indiatimes.comhttps://economictimes.indiatimes.com/markets/cryptocurrency/cryptocurrency-price-on-march-25-bitcoin-surpasses-67400-ethereum-solana-jump-up-to-7/articleshow/108762888.cms
2024-03-26,crypto prices today live news bitcoin dogecoin ethereum shibha inu cryptocurrency latest updates 26 march 2024,https://economictimes.indiatimes.comhttps://economictimes.indiatimes.com/markets/cryptocurrency/crypto-prices-today-live-news-bitcoin-dogecoin-ethereum-shibha-inu-cryptocurrency-latest-updates-26-march-2024/articleshow/108782372.cms
2024-03-27,cryptocurrency price on march 27 bitcoin above 70000 solana avalanche shed up to 4,https://economictimes.indiatimes.comhttps://economictimes.indiatimes.com/markets/cryptocurrency/cryptocurrency-price-on-march-27-bitcoin-above-70000-solana-avalanche-shed-up-to-4/articleshow/108809849.cms
2024-03-27,forex reserves rise 32 9 billion in april december,https://economictimes.indiatimes.comhttps://economictimes.indiatimes.com/news/economy/finance/forex-reserves-rise-32-9-billion-in-april-december/articleshow/108800057.cms
2024-03-28,tata ipl day 1 highest ever watch time and peak tv concurrency registered for an opening day match disney star says,https://economictimes.indiatimes.comhttps://economictimes.indiatimes.com/industry/media/entertainment/tata-ipl-day-1-highest-ever-watch-time-and-peak-tv-concurrency-registered-for-an-opening-day-match-disney-star-says/articleshow/108852671.cms
2024-03-28,cryptocurrency price on march 28 bitcoin falls below 70000 ethereum avalanche decline up to 4,https://economictimes.indiatimes.comhttps://economictimes.indiatimes.com/markets/cryptocurrency/cryptocurrency-price-on-march-28-bitcoin-falls-below-70000-ethereum-avalanche-decline-up-to-4/articleshow/108840467.cms
2024-03-29,indias forex reserves up by 140 mn to 642 63 bn as of march 22,https://economictimes.indiatimes.comhttps://economictimes.indiatimes.com/news/economy/indicators/indias-forex-reserves-up-by-140-mn-to-642-63-bn-as-of-march-22/articleshow/108876755.cms
2024-03-29,cryptocurrency price on march 29 bitcoin trades above 70000 dogecoin jumps over 9,https://economictimes.indiatimes.comhttps://economictimes.indiatimes.com/markets/cryptocurrency/cryptocurrency-price-on-march-29-bitcoin-trades-above-70000-dogecoin-jumps-over-9/articleshow/108867031.cms
2024-04-01,97 69 of rs 2000 currency notes returned rbi,https://economictimes.indiatimes.comhttps://economictimes.indiatimes.com/news/economy/finance/97-69-of-rs-2000-currency-notes-returned-rbi/articleshow/108950119.cms
2024-04-01,cryptocurrency price on april 1 bitcoin holds above 70000 dogecoin toncoin climb up to 4,https://economictimes.indiatimes.comhttps://economictimes.indiatimes.com/markets/cryptocurrency/cryptocurrency-price-on-april-1-bitcoin-holds-above-70000-dogecoin-toncoin-climb-up-to-4/articleshow/108936075.cms
2024-04-02,rise and shine how to gain currency,https://economictimes.indiatimes.comhttps://economictimes.indiatimes.com/opinion/et-editorial/rise-and-shine-how-to-gain-currency/articleshow/108982997.cms
2024-04-02,crypto prices today live news bitcoin dogecoin ethereum shibha inu cryptocurrency latest updates 2 april 2024,https://economictimes.indiatimes.comhttps://economictimes.indiatimes.com/markets/cryptocurrency/crypto-prices-today-live-news-bitcoin-dogecoin-ethereum-shibha-inu-cryptocurrency-latest-updates-2-april-2024/articleshow/108964901.cms
2024-04-02,need to ensure rupee gains currency globally pm modi,https://economictimes.indiatimes.comhttps://economictimes.indiatimes.com/news/india/need-to-ensure-rupee-gains-currency-globally-pm-modi/articleshow/108953930.cms
2024-04-03,cryptocurrency price on april 3 bitcoin falls below 66300 ethereum xrp shed up to 2,https://economictimes.indiatimes.comhttps://economictimes.indiatimes.com/markets/cryptocurrency/cryptocurrency-price-on-april-3-bitcoin-falls-below-66300-ethereum-xrp-shed-up-to-2/articleshow/108994849.cms
2024-04-04,cryptocurrency price on april 4 bitcoin falls below 66000 solana dogecoin tank over 4,https://economictimes.indiatimes.comhttps://economictimes.indiatimes.com/markets/cryptocurrency/cryptocurrency-price-on-april-4-bitcoin-falls-below-66000-solana-dogecoin-tank-over-4/articleshow/109027842.cms
2024-04-05,indias forex reserves hit record high at 645 58 billion for week ending on march 29,https://economictimes.indiatimes.comhttps://economictimes.indiatimes.com/news/economy/indicators/indias-forex-reserves-hit-record-high-at-645-58-billion-for-week-ending-on-march-29/articleshow/109071211.cms
2024-04-05,rbi mpc indias forex reserves at an all time high of 645 6 bn as of march 29,https://economictimes.indiatimes.comhttps://economictimes.indiatimes.com/news/economy/indicators/rbi-mpc-indias-forex-reserves-at-an-all-time-high-of-645-6-bn-as-of-march-29/articleshow/109052775.cms
2024-04-05,rbi proposes distribution of cbdc through non banks seeks to broaden retail access to digital currency,https://economictimes.indiatimes.comhttps://economictimes.indiatimes.com/news/economy/finance/rbi-proposes-distribution-of-cbdc-through-non-banks-seeks-to-broaden-retail-access-to-digital-currency/articleshow/109057755.cms
2024-04-05,crypto prices today live news bitcoin dogecoin ethereum shibha inu cryptocurrency latest updates 05 april 2024,https://economictimes.indiatimes.comhttps://economictimes.indiatimes.com/markets/cryptocurrency/crypto-prices-today-live-news-bitcoin-dogecoin-ethereum-shibha-inu-cryptocurrency-latest-updates-05-april-2024/articleshow/109056273.cms
2024-04-08,crypto prices today live news bitcoin dogecoin ethereum shibha inu cryptocurrency latest updates 8 april 2024,https://economictimes.indiatimes.comhttps://economictimes.indiatimes.com/markets/cryptocurrency/crypto-prices-today-live-news-bitcoin-dogecoin-ethereum-shibha-inu-cryptocurrency-latest-updates-8-april-2024/articleshow/109126611.cms
2024-04-10,cryptocurrency price on april 10 bitcoin falls below 69400 ahead of us inflation data,https://economictimes.indiatimes.comhttps://economictimes.indiatimes.com/markets/cryptocurrency/cryptocurrency-price-on-april-10-bitcoin-falls-below-69400-ahead-of-us-inflation-data/articleshow/109185684.cms
2024-04-11,political ad blitz on google new use cases for digital currency,https://economictimes.indiatimes.comhttps://economictimes.indiatimes.com/tech/newsletters/morning-dispatch/political-ad-blitz-on-google-new-use-cases-for-digital-currency/articleshow/109205302.cms
2024-04-12,indias forex reserves up by 2 98 bn to hit fresh peak of 648 56 bn,https://economictimes.indiatimes.comhttps://economictimes.indiatimes.com/news/economy/indicators/indias-forex-reserves-up-by-2-98-bn-to-hit-fresh-peak-of-648-56-bn/articleshow/109247363.cms
2024-04-12,maldives in discussion with india to pay in local currency for imports minister,https://economictimes.indiatimes.comhttps://economictimes.indiatimes.com/news/economy/foreign-trade/maldives-in-discussion-with-india-to-pay-in-local-currency-for-imports-minister/articleshow/109241448.cms
2024-04-12,rbis list of 75 unauthorized forex trading platforms how to check authorised list,https://economictimes.indiatimes.comhttps://economictimes.indiatimes.com/wealth/save/rbis-list-of-75-unauthorized-forex-trading-platforms-how-to-check-authorised-list/articleshow/105476500.cms
2024-04-12,crypto prices today live news bitcoin dogecoin ethereum shibha inu cryptocurrency latest updates 12 april 2024,https://economictimes.indiatimes.comhttps://economictimes.indiatimes.com/markets/cryptocurrency/crypto-prices-today-live-news-bitcoin-dogecoin-ethereum-shibha-inu-cryptocurrency-latest-updates-12-april-2024/articleshow/109238923.cms
2024-04-15,forex card update you can instantly load your forex card through this app during international trips check details,https://economictimes.indiatimes.comhttps://economictimes.indiatimes.com/wealth/spend/forex-card-update-you-can-instantly-load-your-forex-card-through-this-app-during-international-trips-check-details/articleshow/109274011.cms
2024-04-15,thai ties in mind currency deal may help popularise the rupee,https://economictimes.indiatimes.comhttps://economictimes.indiatimes.com/industry/banking/finance/banking/thai-ties-in-mind-currency-deal-may-help-popularise-the-rupee/articleshow/109294242.cms
2024-04-16,cryptocurrency price on april 16 bitcoin drops 4 amid strong us retail sales data,https://economictimes.indiatimes.comhttps://economictimes.indiatimes.com/markets/cryptocurrency/cryptocurrency-price-on-april-16-bitcoin-drops-4-amid-strong-us-retail-sales-data/articleshow/109338357.cms
2024-04-18,crypto prices today live news bitcoin dogecoin ethereum shibha inu cryptocurrency latest updates 18 april 2024,https://economictimes.indiatimes.comhttps://economictimes.indiatimes.com/markets/cryptocurrency/crypto-prices-today-live-news-bitcoin-dogecoin-ethereum-shibha-inu-cryptocurrency-latest-updates-18-april-2024/articleshow/109396163.cms
2024-04-18,forget mumbai or bengaluru this city reigns as the cryptocurrency capital of india,https://economictimes.indiatimes.comhttps://economictimes.indiatimes.com/markets/cryptocurrency/forget-mumbai-or-bengaluru-this-city-reigns-as-the-cryptocurrency-capital-of-india/articleshow/109393326.cms
2024-04-19,indias forex reserves down 5 4 bn to come off all time high,https://economictimes.indiatimes.comhttps://economictimes.indiatimes.com/news/economy/indicators/indias-forex-reserves-down-5-4-bn-to-come-off-all-time-high/articleshow/109431581.cms
2024-04-20,indian rupee is now aiming to be worlds alternate reserve currency,https://economictimes.indiatimes.comhttps://economictimes.indiatimes.com/markets/forex/indian-rupee-is-now-aiming-to-be-worlds-alternate-reserve-currency/articleshow/109453703.cms
2024-04-22,crypto prices today live news bitcoin dogecoin ethereum shibha inu cryptocurrency latest updates 22 april 2024,https://economictimes.indiatimes.comhttps://economictimes.indiatimes.com/markets/cryptocurrency/crypto-prices-today-live-news-bitcoin-dogecoin-ethereum-shibha-inu-cryptocurrency-latest-updates-22-april-2024/articleshow/109496085.cms
2024-04-23,crypto prices today live news bitcoin dogecoin ethereum shibha inu cryptocurrency latest updates 23 april 2024,https://economictimes.indiatimes.comhttps://economictimes.indiatimes.com/markets/cryptocurrency/crypto-prices-today-live-news-bitcoin-dogecoin-ethereum-shibha-inu-cryptocurrency-latest-updates-23-april-2024/articleshow/109524191.cms
2024-04-24,cryptocurrency price on april 24 bitcoin holds above 66 5k solana toncoin surge up to 4,https://economictimes.indiatimes.comhttps://economictimes.indiatimes.com/markets/cryptocurrency/cryptocurrency-price-on-april-24-bitcoin-holds-above-66-5k-solana-toncoin-surge-up-to-4/articleshow/109556522.cms
2024-04-25,indias forex reserves sufficient to cover 11 months of projected imports,https://economictimes.indiatimes.comhttps://economictimes.indiatimes.com/news/india/indias-forex-reserves-sufficient-to-cover-11-months-of-projected-imports/articleshow/109593140.cms
2024-04-25,cryptocurrency price on april 25 bitcoin drops below 65 3k solana avalanche tumble up to 9,https://economictimes.indiatimes.comhttps://economictimes.indiatimes.com/markets/cryptocurrency/cryptocurrency-price-on-april-25-bitcoin-drops-below-65-3k-solana-avalanche-tumble-up-to-9/articleshow/109588644.cms
2024-04-25,rbi urges more caution from banks on curbing unauthorised forex transactions,https://economictimes.indiatimes.comhttps://economictimes.indiatimes.com/markets/forex/rbi-urges-more-caution-from-banks-on-curbing-unauthorised-forex-transactions/articleshow/109569379.cms
2024-04-25,unauthorised forex dealers duping customers names of 75 forex dealers on rbis alert list,https://economictimes.indiatimes.comhttps://economictimes.indiatimes.com/wealth/save/unauthorised-forex-dealers-duping-customers-names-of-75-forex-dealers-on-rbis-alert-list/articleshow/109585396.cms
2024-04-26,indias forex reserves down by 2 83 bn to 640 33 bn as of april 19,https://economictimes.indiatimes.comhttps://economictimes.indiatimes.com/news/economy/indicators/indias-forex-reserves-down-by-2-83-bn-to-640-33-bn-as-of-april-19/articleshow/109621338.cms
2024-04-26,cryptocurrency price on april 26 bitcoin rises marginally above 64 3k solana toncoin shed over 2,https://economictimes.indiatimes.comhttps://economictimes.indiatimes.com/markets/cryptocurrency/cryptocurrency-price-on-april-26-bitcoin-rises-marginally-above-64-3k-solana-toncoin-shed-over-2/articleshow/109619147.cms
2024-04-29,cryptocurrency market sees decline as bitcoin and ethereum slip the volume of all stablecoins is now 52 74 billion which is 90 58 of the total crypto market 24 hour volume as per data available on coinmarketcap,https://economictimes.indiatimes.comhttps://economictimes.indiatimes.com/markets/cryptocurrency/cryptocurrency-market-sees-decline-as-bitcoin-and-ethereum-slip-the-volume-of-all-stablecoins-is-now-52-74-billion-which-is-90-58-of-the-total-crypto-market-24-hour-volume-as-per-data-available-on-coinmarketcap-/articleshow/109690867.cms
2024-04-30,cryptocurrency market update the winners and losers this april,https://economictimes.indiatimes.comhttps://economictimes.indiatimes.com/wealth/invest/cryptocurrency-market-update-the-winners-and-losers-this-april/articleshow/109727828.cms
2024-05-01,india nigeria agree to early conclusion of local currency settlement system agreement,https://economictimes.indiatimes.comhttps://economictimes.indiatimes.com/news/economy/foreign-trade/india-nigeria-agree-to-early-conclusion-of-local-currency-settlement-system-agreement/articleshow/109750160.cms
2024-05-02,97 76 of rs 2000 currency notes returned says rbi,https://economictimes.indiatimes.comhttps://economictimes.indiatimes.com/news/economy/finance/97-76-of-rs-2000-currency-notes-returned-says-rbi/articleshow/109790599.cms
2024-05-02,cryptocurrency price on may 2 bitcoin slides below 58000 after fed decides to keep rates steady,https://economictimes.indiatimes.comhttps://economictimes.indiatimes.com/markets/cryptocurrency/cryptocurrency-price-on-may-2-bitcoin-slides-below-58000-after-fed-decides-to-keep-rates-steady/articleshow/109778383.cms
2024-05-02,currency derivatives volumes dry up ahead of rbi deadline,https://economictimes.indiatimes.comhttps://economictimes.indiatimes.com/markets/forex/currency-derivatives-volumes-dry-up-ahead-of-rbi-deadline/articleshow/109766717.cms
2024-05-03,nepal to introduce new rs 100 currency note featuring disputed territories with india,https://economictimes.indiatimes.comhttps://economictimes.indiatimes.com/news/india/nepal-to-introduce-new-rs-100-currency-note-featuring-disputed-territories-with-india/articleshow/109824469.cms
2024-05-03,indias forex reserves decline by 2 41 bn to 637 92 bn as of april 26,https://economictimes.indiatimes.comhttps://economictimes.indiatimes.com/news/economy/indicators/indias-forex-reserves-decline-by-2-41-bn-to-637-92-bn-as-of-april-26/articleshow/109816954.cms
2024-05-03,india nigeria to increase cooperation in energy upi local currency settlement to enhance economic ties,https://economictimes.indiatimes.comhttps://economictimes.indiatimes.com/news/economy/finance/india-nigeria-to-increase-cooperation-in-energy-upi-local-currency-settlement-to-enhance-economic-ties/articleshow/109810019.cms
2024-05-03,cryptocurrency price on may 3 bitcoin rebounds above 59000 ahead of u s jobs data solana toncoin jump up to 11,https://economictimes.indiatimes.comhttps://economictimes.indiatimes.com/markets/cryptocurrency/cryptocurrency-price-on-may-3-bitcoin-rebounds-above-59000-ahead-of-u-s-jobs-data-solana-toncoin-jump-up-to-11/articleshow/109809878.cms
2024-05-04,they unilaterally took some measures eam jaishankar on nepal introducing new rs 100 currency note featuring disputed indian territories,https://economictimes.indiatimes.comhttps://economictimes.indiatimes.com/news/india/they-unilaterally-took-some-measures-eam-jaishankar-on-nepal-introducing-new-rs-100-currency-note-featuring-disputed-indian-territories/articleshow/109843660.cms
2024-05-06,crypto prices today live news bitcoin dogecoin ethereum shibha inu cryptocurrency latest updates 06 may 2024,https://economictimes.indiatimes.comhttps://economictimes.indiatimes.com/markets/cryptocurrency/crypto-prices-today-live-news-bitcoin-dogecoin-ethereum-shibha-inu-cryptocurrency-latest-updates-06-may-2024/articleshow/109878048.cms
2024-05-07,marico on course to deliver double digit constant currency growth in international business saugata gupta,https://economictimes.indiatimes.comhttps://economictimes.indiatimes.com/markets/expert-view/marico-on-course-to-deliver-double-digit-constant-currency-growth-in-international-business-saugata-gupta/articleshow/109913726.cms
2024-05-07,crypto prices today live news bitcoin dogecoin ethereum shibha inu cryptocurrency latest updates 7 may 2024,https://economictimes.indiatimes.comhttps://economictimes.indiatimes.com/markets/cryptocurrency/crypto-prices-today-live-news-bitcoin-dogecoin-ethereum-shibha-inu-cryptocurrency-latest-updates-7-may-2024/articleshow/109911365.cms
2024-05-08,crypto prices today live news bitcoin dogecoin ethereum shibha inu cryptocurrency latest updates 8 may 2024,https://economictimes.indiatimes.comhttps://economictimes.indiatimes.com/markets/cryptocurrency/crypto-prices-today-live-news-bitcoin-dogecoin-ethereum-shibha-inu-cryptocurrency-latest-updates-8-may-2024/articleshow/109942433.cms
2024-05-09,airtel africa q4 results net loss at 91 million on forex woes,https://economictimes.indiatimes.comhttps://economictimes.indiatimes.com/markets/stocks/earnings/airtel-africa-q4-results-net-loss-at-91-million-on-forex-woes/articleshow/109974209.cms
2024-05-09,indias transaction trends epayment riches leave circulation of currency poorer,https://economictimes.indiatimes.comhttps://economictimes.indiatimes.com/news/economy/finance/indias-transaction-trends-epayment-riches-leave-circulation-of-currency-poorer/articleshow/109958715.cms
2024-05-09,cryptocurrency price on may 9 bitcoin below 61 8k cardano toncoin surge up to 4,https://economictimes.indiatimes.comhttps://economictimes.indiatimes.com/markets/cryptocurrency/cryptocurrency-price-on-may-9-bitcoin-below-61-8k-cardano-toncoin-surge-up-to-4/articleshow/109972606.cms
2024-05-10,indias forex reserves jump by usd 3 66 bn to usd 641 59 bn rbi,https://economictimes.indiatimes.comhttps://economictimes.indiatimes.com/news/india/indias-forex-reserves-jump-by-usd-3-66-bn-to-usd-641-59-bn-rbi/articleshow/110012584.cms
2024-05-10,indias forex reserves up by 3 66 bn to 641 59 bn as of may 03,https://economictimes.indiatimes.comhttps://economictimes.indiatimes.com/news/economy/indicators/indias-forex-reserves-up-by-3-66-bn-to-641-59-bn-as-of-may-03/articleshow/110011367.cms
2024-05-10,cryptocurrency price on may 10 bitcoin rises over 2 to 62 9k on renewed global rate cut optimism,https://economictimes.indiatimes.comhttps://economictimes.indiatimes.com/markets/cryptocurrency/cryptocurrency-price-on-may-10-bitcoin-rises-over-2-to-62-9k-on-renewed-global-rate-cut-optimism/articleshow/110003532.cms
2024-05-13,exchange of soiled torn imperfect currency notes bank branches you can exchange procedure limit,https://economictimes.indiatimes.comhttps://economictimes.indiatimes.com/wealth/save/exchange-of-soiled-torn-imperfect-currency-notes-bank-branches-you-can-exchange-procedure-limit/articleshow/110084891.cms
2024-05-13,cryptocurrency price on may 13 bitcoin holds above 61 1k solana dogecoin decline up to 5,https://economictimes.indiatimes.comhttps://economictimes.indiatimes.com/markets/cryptocurrency/cryptocurrency-price-on-may-13-bitcoin-holds-above-61-1k-solana-dogecoin-decline-up-to-5/articleshow/110077028.cms
2024-05-14,crypto prices today live news bitcoin dogecoin ethereum shibha inu cryptocurrency latest updates 14 may 2024,https://economictimes.indiatimes.comhttps://economictimes.indiatimes.com/markets/cryptocurrency/crypto-prices-today-live-news-bitcoin-dogecoin-ethereum-shibha-inu-cryptocurrency-latest-updates-14-may-2024/articleshow/110109260.cms
2024-05-15,crypto prices today live news bitcoin dogecoin ethereum shibha inu cryptocurrency latest updates 15 may 2024,https://economictimes.indiatimes.comhttps://economictimes.indiatimes.com/markets/cryptocurrency/crypto-prices-today-live-news-bitcoin-dogecoin-ethereum-shibha-inu-cryptocurrency-latest-updates-15-may-2024/articleshow/110141839.cms
2024-05-17,indias forex reserves jump 2 56 bn to 644 15 bn,https://economictimes.indiatimes.comhttps://economictimes.indiatimes.com/news/india/indias-forex-reserves-jump-2-56-bn-to-644-15-bn/articleshow/110210765.cms
2024-05-17,indias forex reserves rise for second straight week up by 2 56 bn,https://economictimes.indiatimes.comhttps://economictimes.indiatimes.com/news/economy/indicators/indias-forex-reserves-rise-for-second-straight-week-up-by-2-56-bn/articleshow/110208615.cms
2024-05-17,cryptocurrency price on may 17 bitcoin above 66 2k chainlink polkadot rise up to 15,https://economictimes.indiatimes.comhttps://economictimes.indiatimes.com/markets/cryptocurrency/cryptocurrency-price-on-may-17-bitcoin-above-66-2k-chainlink-polkadot-rise-up-to-15/articleshow/110202223.cms
2024-05-20,forex settlement next step by gift to onshore whats offshore,https://economictimes.indiatimes.comhttps://economictimes.indiatimes.com/markets/expert-view/forex-settlement-next-step-by-gift-to-onshore-whats-offshore/articleshow/110260016.cms
2024-05-21,cryptocurrency price on may 20 bitcoin trades near 67k avalanche shiba inu fall over 4,https://economictimes.indiatimes.comhttps://economictimes.indiatimes.com/markets/cryptocurrency/cryptocurrency-price-on-may-20-bitcoin-trades-near-67k-avalanche-shiba-inu-fall-over-4/articleshow/110265750.cms
2024-05-21,cryptocurrency price on may 21 bitcoin jumps above 71k amid inflows in spot btc etfs ethereum avalanche rally up to 19,https://economictimes.indiatimes.comhttps://economictimes.indiatimes.com/markets/cryptocurrency/cryptocurrency-price-on-may-21-bitcoin-jumps-above-71k-amid-inflows-in-spot-btc-etfs-ethereum-avalanche-rally-up-to-19/articleshow/110295679.cms
2024-05-22,india china have agreed to cooperate in paying in local currency for imports maldives,https://economictimes.indiatimes.comhttps://economictimes.indiatimes.com/news/economy/foreign-trade/india-china-have-agreed-to-cooperate-in-paying-in-local-currency-for-imports-maldives/articleshow/110329147.cms
2024-05-22,cryptocurrency price on may 22 bitcoin falls below 70k level ethereum uniswap surge up to 4,https://economictimes.indiatimes.comhttps://economictimes.indiatimes.com/markets/cryptocurrency/cryptocurrency-price-on-may-22-bitcoin-falls-below-70k-level-ethereum-uniswap-surge-up-to-4/articleshow/110326671.cms
2024-05-23,realistically cryptocurrency mobile mining can make you a lot of money blockdag network,https://economictimes.indiatimes.comhttps://economictimes.indiatimes.com/markets/realistically-cryptocurrency-mobile-mining-can-make-you-a-lot-of-money-blockdag-network/articleshow/110368931.cms
2024-05-23,cryptocurrency price on may 23 bitcoin slips below 69 6k shiba inu solana tank up to up to 5,https://economictimes.indiatimes.comhttps://economictimes.indiatimes.com/markets/cryptocurrency/cryptocurrency-price-on-may-23-bitcoin-slips-below-69-6k-shiba-inu-solana-tank-up-to-up-to-5/articleshow/110356934.cms
2024-05-23,india playbook 2024 aiming for a trillion dollars in forex reserves by 2029,https://economictimes.indiatimes.comhttps://economictimes.indiatimes.com/markets/forex/india-playbook-2024-aiming-for-a-trillion-dollars-in-forex-reserves-by-2029/articleshow/110355425.cms
2024-05-24,indias forex reserves rise to an all time high for week ending on may 17 up by 4 54 bn to 648 7 bn,https://economictimes.indiatimes.comhttps://economictimes.indiatimes.com/news/economy/indicators/indias-forex-reserves-rise-to-an-all-time-high-for-week-ending-on-may-17-up-by-4-54-bn-to-648-7-bn/articleshow/110398458.cms
2024-05-24,crypto prices today live news bitcoin dogecoin ethereum shibha inu cryptocurrency latest updates 24 may 2024,https://economictimes.indiatimes.comhttps://economictimes.indiatimes.com/markets/cryptocurrency/crypto-prices-today-live-news-bitcoin-dogecoin-ethereum-shibha-inu-cryptocurrency-latest-updates-24-may-2024/articleshow/110389645.cms
2024-05-28,cryptocurrency price on may 28 bitcoin below 68000 ethereum toncoin decline up to 2,https://economictimes.indiatimes.comhttps://economictimes.indiatimes.com/markets/cryptocurrency/cryptocurrency-price-on-may-28-bitcoin-below-68000-ethereum-toncoin-decline-up-to-2/articleshow/110490903.cms
2024-05-30,cryptocurrency price on may 30 bitcoin dips below 67 8k level shiba inu polkadot tank over 5,https://economictimes.indiatimes.comhttps://economictimes.indiatimes.com/markets/cryptocurrency/cryptocurrency-price-on-may-30-bitcoin-dips-below-67-8k-level-shiba-inu-polkadot-tank-over-5/articleshow/110558026.cms
2024-05-31,indias forex reserves dip 2 bn to 646 67 bn as of may 24,https://economictimes.indiatimes.comhttps://economictimes.indiatimes.com/news/economy/indicators/indias-forex-reserves-dip-2-bn-to-646-67-bn-as-of-may-24/articleshow/110594116.cms
2024-05-31,cryptocurrency price on may 31 bitcoin holds above 68 3k ahead of key inflation data,https://economictimes.indiatimes.comhttps://economictimes.indiatimes.com/markets/cryptocurrency/cryptocurrency-price-on-may-31-bitcoin-holds-above-68-3k-ahead-of-key-inflation-data/articleshow/110587253.cms
2024-06-02,learn with etmarkets what do global economic trends and their implications mean to gold currency markets,https://economictimes.indiatimes.comhttps://economictimes.indiatimes.com/markets/stocks/news/learn-with-etmarkets-what-do-global-economic-trends-and-their-implications-mean-to-gold-currency-markets/articleshow/110639565.cms
2024-06-03,cryptocurrency price on june 3 bitcoin approaches 69k on renewed us rate cut hopes,https://economictimes.indiatimes.comhttps://economictimes.indiatimes.com/markets/cryptocurrency/cryptocurrency-price-on-june-3-bitcoin-approaches-69k-on-renewed-us-rate-cut-hopes/articleshow/110663452.cms
2024-06-03,we expect rupee to be the best performing asian currency in 2024,https://economictimes.indiatimes.comhttps://economictimes.indiatimes.com/markets/expert-view/we-expect-rupee-to-be-the-best-performing-asian-currency-in-2024/articleshow/110649806.cms
2024-06-03,shriram finance raises usd 468 mn multi currency social loan,https://economictimes.indiatimes.comhttps://economictimes.indiatimes.com/markets/stocks/news/shriram-finance-raises-usd-468-mn-multi-currency-social-loan/articleshow/110658510.cms
2024-06-03,forex remittances worth rs 50000 crore under ed scanner manideep mago birfa it services,https://economictimes.indiatimes.comhttps://economictimes.indiatimes.com/nri/invest/forex-remittances-worth-rs-50000-crore-under-ed-scanner-manideep-mago-birfa-it-services/articleshow/110645371.cms
2024-06-04,cryptocurrency prices on june 4 bitcoin holds above 68k shiba inu avalanche tank up to 5,https://economictimes.indiatimes.comhttps://economictimes.indiatimes.com/markets/cryptocurrency/cryptocurrency-prices-on-june-4-bitcoin-holds-above-68k-shiba-inu-avalanche-tank-up-to-5/articleshow/110701189.cms
2024-06-05,cryptocurrency prices on june 5 bitcoin rises 3 to above 71000 on fed rate cut expectation,https://economictimes.indiatimes.comhttps://economictimes.indiatimes.com/markets/cryptocurrency/cryptocurrency-prices-on-june-5-bitcoin-rises-3-to-above-71000-on-fed-rate-cut-expectation/articleshow/110726582.cms
2024-06-06,cryptocurrency prices on june 6 bitcoin holds near 71k altcoins trade flat,https://economictimes.indiatimes.comhttps://economictimes.indiatimes.com/markets/cryptocurrency/cryptocurrency-prices-on-june-6-bitcoin-holds-near-71k-altcoins-trade-flat/articleshow/110762388.cms
2024-06-07,this cryptocurrency etf could soar up to 5400 claim some wall street analysts heres what you should know,https://economictimes.indiatimes.comhttps://economictimes.indiatimes.com/news/international/us/this-cryptocurrency-etf-could-soar-up-to-5400-claim-some-wall-street-analysts-heres-what-you-should-know/articleshow/110804385.cms
2024-06-07,forex reserves jump 4 84 bn to new all time high of 651 5 bn,https://economictimes.indiatimes.comhttps://economictimes.indiatimes.com/news/india/forex-reserves-jump-4-84-bn-to-new-all-time-high-of-651-5-bn/articleshow/110800072.cms
2024-06-07,rbi mpc indias forex reserves rise to record high of 651 5 bn as of may 31,https://economictimes.indiatimes.comhttps://economictimes.indiatimes.com/news/economy/indicators/rbi-mpc-indias-forex-reserves-rise-to-record-high-of-651-5-bn-as-of-may-31/articleshow/110783699.cms
2024-06-08,indias forex reserves at record 651 billion gcc also help,https://economictimes.indiatimes.comhttps://economictimes.indiatimes.com/news/economy/indicators/indias-forex-reserves-at-record-651-billion-gcc-also-help/articleshow/110796645.cms
2024-06-10,cryptocurrency prices on june 10 bitcoin falls below 69 5k following hotter than expected us jobs report,https://economictimes.indiatimes.comhttps://economictimes.indiatimes.com/markets/cryptocurrency/cryptocurrency-prices-on-june-10-bitcoin-falls-below-69-5k-following-hotter-than-expected-us-jobs-report/articleshow/110869463.cms
2024-06-10,learn with etmarkets how inflation impacts inr what currency traders should do,https://economictimes.indiatimes.comhttps://economictimes.indiatimes.com/markets/forex/learn-with-etmarkets-how-inflation-impacts-inr-what-currency-traders-should-do/articleshow/110863385.cms
2024-06-11,cryptocurrency prices on june 11 bitcoin falls below 68k ahead of us cpi data,https://economictimes.indiatimes.comhttps://economictimes.indiatimes.com/markets/cryptocurrency/cryptocurrency-prices-on-june-11-bitcoin-falls-below-68k-ahead-of-us-cpi-data/articleshow/110898682.cms
2024-06-12,cryptocurrency prices on june 12 bitcoin falls below 67 5k ahead of fed policy decision,https://economictimes.indiatimes.comhttps://economictimes.indiatimes.com/markets/cryptocurrency/cryptocurrency-prices-on-june-12-bitcoin-falls-below-67-5k-ahead-of-fed-policy-decision/articleshow/110933219.cms
2024-06-13,cryptocurrency prices on june 13 bitcoin trades flat after hitting 70k mark post fed outcome,https://economictimes.indiatimes.comhttps://economictimes.indiatimes.com/markets/cryptocurrency/cryptocurrency-prices-on-june-13-bitcoin-trades-flat-after-hitting-70k-mark-post-fed-outcome/articleshow/110963454.cms
2024-06-13,rbi using forex market tools to ease liquidity tightness,https://economictimes.indiatimes.comhttps://economictimes.indiatimes.com/markets/forex/rbi-using-forex-market-tools-to-ease-liquidity-tightness/articleshow/110953025.cms
2024-06-14,forex reserves soar to a new high of 655 8 billion as on june 7,https://economictimes.indiatimes.comhttps://economictimes.indiatimes.com/news/economy/indicators/forex-reserves-soar-to-a-new-high-of-655-8-billion-as-on-june-7/articleshow/111003707.cms
2024-06-14,indias forex reserves rise by 4 3 bn to record high of 655 8 bn as of june 7,https://economictimes.indiatimes.comhttps://economictimes.indiatimes.com/news/economy/indicators/indias-forex-reserves-rise-by-4-3-bn-to-record-high-of-655-8-bn-as-of-june-7/articleshow/110998971.cms
2024-06-14,indias forex reserves jump usd 4 3 billion hit new all time high of usd 655 8 billion,https://economictimes.indiatimes.comhttps://economictimes.indiatimes.com/news/india/indias-forex-reserves-jump-usd-4-3-billion-hit-new-all-time-high-of-usd-655-8-billion/articleshow/110999698.cms
2024-06-14,cryptocurrency prices on june 14 bitcoin falls below 67000 altcoins decline 3,https://economictimes.indiatimes.comhttps://economictimes.indiatimes.com/markets/cryptocurrency/cryptocurrency-prices-on-june-14-bitcoin-falls-below-67000-altcoins-decline-3/articleshow/110990630.cms
2024-06-15,currency traders readying for a vol killer summer after fed,https://economictimes.indiatimes.comhttps://economictimes.indiatimes.com/markets/forex/currency-traders-readying-for-a-vol-killer-summer-after-fed/articleshow/111012172.cms
2024-06-17,cryptocurrency prices on june 17 bitcoin holds steady above 66000 as market sees mixed movement,https://economictimes.indiatimes.comhttps://economictimes.indiatimes.com/markets/cryptocurrency/cryptocurrency-prices-on-june-17-bitcoin-holds-steady-above-66000-as-market-sees-mixed-movement/articleshow/111053629.cms
2024-06-19,diversifying forex reserves rbi bought gold sold securities in april,https://economictimes.indiatimes.comhttps://economictimes.indiatimes.com/markets/stocks/diversifying-forex-reserves-rbi-bought-gold-sold-securities-in-april/articleshow/111117320.cms
2024-06-19,travel dominates forex spending abroad rbi data,https://economictimes.indiatimes.comhttps://economictimes.indiatimes.com/nri/invest/travel-dominates-forex-spending-abroad-rbi-data/articleshow/111116317.cms
2024-06-19,cryptocurrency price on june 19 bitcoin rises above 65 5k on fed rate cut expectations ethereum up 3,https://economictimes.indiatimes.comhttps://economictimes.indiatimes.com/markets/cryptocurrency/cryptocurrency-price-on-june-19-bitcoin-rises-above-65-5k-on-fed-rate-cut-expectations-ethereum-up-3/articleshow/111107722.cms
2024-06-19,buying gold annually in order to diversify allocation of forex reserve shaktikanta das,https://economictimes.indiatimes.comhttps://economictimes.indiatimes.com/markets/expert-view/buying-gold-annually-in-order-to-diversify-allocation-of-forex-reserve-shaktikanta-das/articleshow/111088899.cms
2024-06-20,cryptocurrency price on june 20 bitcoin holds above 65 5k altcoins trade mixed,https://economictimes.indiatimes.comhttps://economictimes.indiatimes.com/markets/cryptocurrency/cryptocurrency-price-on-june-20-bitcoin-holds-above-65-5k-altcoins-trade-mixed/articleshow/111133635.cms
2024-06-21,indias forex reserves dip 2 9 bn to come off all time record high as of june 14,https://economictimes.indiatimes.comhttps://economictimes.indiatimes.com/news/economy/indicators/indias-forex-reserves-dip-2-9-bn-to-come-off-all-time-record-high-as-of-june-14/articleshow/111168338.cms
2024-06-23,fake indian currency of rs 100 500 printed by naxals seized after operation in chhattisgarhs sukma,https://economictimes.indiatimes.comhttps://economictimes.indiatimes.com/news/india/fake-indian-currency-of-rs-100-500-printed-by-naxals-seized-after-operation-in-chhattisgarhs-sukma/articleshow/111204178.cms
2024-06-24,will a cryptocurrency like bitcoin grow increase in value or disappear into oblivion this factor decides,https://economictimes.indiatimes.comhttps://economictimes.indiatimes.com/wealth/invest/will-a-cryptocurrency-like-bitcoin-grow-increase-in-value-or-disappear-into-oblivion-this-factor-decides/articleshow/111220889.cms
2024-06-27,rbi announces saarc currency swap framework for 2024 27,https://economictimes.indiatimes.comhttps://economictimes.indiatimes.com/news/economy/policy/rbi-announces-saarc-currency-swap-framework-for-2024-27/articleshow/111319067.cms
2024-06-29,der euro is the currency in fuballing germany,https://economictimes.indiatimes.comhttps://economictimes.indiatimes.com/opinion/et-commentary/der-euro-is-the-currency-in-fuballing-germany/articleshow/111367443.cms
2024-06-29,indias forex reserves rise by 816 million to 653 7 bn as on june 21,https://economictimes.indiatimes.comhttps://economictimes.indiatimes.com/news/economy/indicators/indias-forex-reserves-rise-by-816-million-to-653-7-bn-as-on-june-21/articleshow/111342638.cms
2024-07-01,budget 2024 gdp gst fiscal deficit forex reserve all about indian union budget rupee value economy news,https://economictimes.indiatimes.comhttps://economictimes.indiatimes.com/news/economy/indicators/budget-2024-gdp-gst-fiscal-deficit-forex-reserve-all-about-indian-union-budget-rupee-value-economy-news/articleshow/111397994.cms
2024-07-01,t20 world cup final sets peak concurrency at 53 million just shy of record high,https://economictimes.indiatimes.comhttps://economictimes.indiatimes.com/news/sports/t20-world-cup-final-sets-peak-concurrency-at-53-million-just-shy-of-record-high/articleshow/111386952.cms
2024-07-02,icici bank launches sapphiro forex card for students studying abroad,https://economictimes.indiatimes.comhttps://economictimes.indiatimes.com/nri/study/icici-bank-launches-sapphiro-forex-card-for-students-studying-abroad/articleshow/111432021.cms
2024-07-02,itr filing credit card and forex spend reported separately by banks in ais know the impact and what you can do,https://economictimes.indiatimes.comhttps://economictimes.indiatimes.com/wealth/tax/itr-filing-credit-card-and-forex-spend-reported-separately-by-banks-in-ais-know-the-impact-and-what-you-can-do/articleshow/111425354.cms
2024-07-02,budget 2024 indian forex reserve insights financial year 2023 rbi fpi inflow cad balance deficit,https://economictimes.indiatimes.comhttps://economictimes.indiatimes.com/news/economy/indicators/budget-2024-indian-forex-reserve-insights-financial-year-2023-rbi-fpi-inflow-cad-balance-deficit/articleshow/111399173.cms
2024-07-04,ed questions tv actors in fraud forex trading app case,https://economictimes.indiatimes.comhttps://economictimes.indiatimes.com/news/india/ed-questions-tv-actors-in-fraud-forex-trading-app-case/articleshow/111463452.cms
2024-07-05,indias forex reserves dip by 1 71 bn to 652 bn,https://economictimes.indiatimes.comhttps://economictimes.indiatimes.com/news/economy/indicators/indias-forex-reserves-dip-by-1-71-bn-to-652-bn/articleshow/111514323.cms
2024-07-05,what are the chances of kamala harris replacing joe biden find out what does this crypto currency prediction market say,https://economictimes.indiatimes.comhttps://economictimes.indiatimes.com/news/international/us/what-are-the-chances-of-kamala-harris-replacing-joe-biden-find-out-what-does-this-crypto-currency-prediction-market-say/articleshow/111496084.cms
2024-07-06,are we like done here xs move to hide likes is the latest sign of their decliningpower as social media currency,https://economictimes.indiatimes.comhttps://economictimes.indiatimes.com/news/india/are-we-like-done-here-xs-move-to-hide-likes-is-the-latest-sign-of-their-decliningpower-as-social-media-currency/articleshow/111542164.cms
2024-07-06,gta vi may use cryptocurrency as payment methods heres what you should know,https://economictimes.indiatimes.comhttps://economictimes.indiatimes.com/news/international/us/gta-vi-may-use-cryptocurrency-as-payment-methods-heres-what-you-should-know/articleshow/111522752.cms
2024-07-08,cryptocurrency price on july 8 bitcoin slips below 56k solana near protocol decline up to 7,https://economictimes.indiatimes.comhttps://economictimes.indiatimes.com/markets/cryptocurrency/cryptocurrency-price-on-july-8-bitcoin-slips-below-56k-solana-near-protocol-decline-up-to-7/articleshow/111574269.cms
2024-07-09,bulk of rise in forex reserves in q1 due to gold,https://economictimes.indiatimes.comhttps://economictimes.indiatimes.com/news/economy/finance/bulk-of-rise-in-forex-reserves-in-q1-due-to-gold/articleshow/111582353.cms
2024-07-11,et explains lrs for foreign currency accounts in gift city,https://economictimes.indiatimes.comhttps://economictimes.indiatimes.com/news/et-explains/et-explains-lrs-for-foreign-currency-accounts-in-gift-city/articleshow/111667216.cms
2024-07-11,cryptocurrency price on july 11 bitcoin falls below 58k avalanche toncoin tank up to 5,https://economictimes.indiatimes.comhttps://economictimes.indiatimes.com/markets/cryptocurrency/cryptocurrency-price-on-july-11-bitcoin-falls-below-58k-avalanche-toncoin-tank-up-to-5/articleshow/111655372.cms
2024-07-12,indias forex reserves hit an all time high of 657 16 bn,https://economictimes.indiatimes.comhttps://economictimes.indiatimes.com/news/economy/indicators/indias-forex-reserves-hit-an-all-time-high-of-657-16-bn/articleshow/111688322.cms
2024-07-12,cryptocurrency price on july 12 bitcoin falls below 57k solana polkadot tank up to 5,https://economictimes.indiatimes.comhttps://economictimes.indiatimes.com/markets/cryptocurrency/cryptocurrency-price-on-july-12-bitcoin-falls-below-57k-solana-polkadot-tank-up-to-5/articleshow/111683576.cms
2024-07-15,confident of meeting overall guidance of 3 5 constant currency growth for the year hcl ceo,https://economictimes.indiatimes.comhttps://economictimes.indiatimes.com/markets/expert-view/confident-of-meeting-overall-guidance-of-3-5-constant-currency-growth-for-the-year-hcl-ceo/articleshow/111749056.cms
2024-07-16,cryptocurrency price on july 16 bitcoin holds at 63000 level altcoins trade mixed,https://economictimes.indiatimes.comhttps://economictimes.indiatimes.com/markets/cryptocurrency/cryptocurrency-price-on-july-16-bitcoin-holds-at-63000-level-altcoins-trade-mixed/articleshow/111781325.cms
2024-07-18,cryptocurrency price on july 18 bitcoin falls below 65000 level shiba inu xrp tank up to 11,https://economictimes.indiatimes.comhttps://economictimes.indiatimes.com/markets/cryptocurrency/cryptocurrency-price-on-july-18-bitcoin-falls-below-65000-level-shiba-inu-xrp-tank-up-to-11/articleshow/111834133.cms
2024-07-18,increasing exports trade in local currency fta to boost india russia commerce gtri report,https://economictimes.indiatimes.comhttps://economictimes.indiatimes.com/news/economy/foreign-trade/increasing-exports-trade-in-local-currency-fta-to-boost-india-russia-commerce-gtri-report/articleshow/111831055.cms
2024-07-19,indias forex reserves jump to a new record high of 666 85 bn as on july 12,https://economictimes.indiatimes.comhttps://economictimes.indiatimes.com/news/economy/indicators/indias-forex-reserves-jump-to-a-new-record-high-of-666-85-bn-as-on-july-12/articleshow/111863635.cms
2024-07-19,cryptocurrency price on july 19 bitcoin holds above 64000 level altcoins trade mixed,https://economictimes.indiatimes.comhttps://economictimes.indiatimes.com/markets/cryptocurrency/cryptocurrency-price-on-july-19-bitcoin-holds-above-64000-level-altcoins-trade-mixed/articleshow/111857479.cms
2024-07-20,india is most favoured nation for investment with growth safety and stable currency says piyush goyal,https://economictimes.indiatimes.comhttps://economictimes.indiatimes.com/news/india/india-is-most-favoured-nation-for-investment-with-growth-safety-and-stable-currency-says-piyush-goyal/articleshow/111882927.cms
2024-07-20,india is most favoured nation for investment with growth safety and stable currency piyush goyal,https://economictimes.indiatimes.comhttps://economictimes.indiatimes.com/news/india/india-is-most-favoured-nation-for-investment-with-growth-safety-and-stable-currency-piyush-goyal/articleshow/111882593.cms
2024-07-22,cryptocurrency price on july 22 bitcoin hits 68000 level dogecoin avalanche surge up to 11,https://economictimes.indiatimes.comhttps://economictimes.indiatimes.com/markets/cryptocurrency/cryptocurrency-price-on-july-22-bitcoin-hits-68000-level-dogecoin-avalanche-surge-up-to-11/articleshow/111923599.cms
2024-07-23,cryptocurrency price on july 23 bitcoin holds above 67000 level avalanche polkadot decline up to 5,https://economictimes.indiatimes.comhttps://economictimes.indiatimes.com/markets/cryptocurrency/cryptocurrency-price-on-july-23-bitcoin-holds-above-67000-level-avalanche-polkadot-decline-up-to-5/articleshow/111960463.cms
2024-07-24,cryptocurrency price on july 24 bitcoin falls below 66000 avalanche dogecoin drop up to 4,https://economictimes.indiatimes.comhttps://economictimes.indiatimes.com/markets/cryptocurrency/cryptocurrency-price-on-july-24-bitcoin-falls-below-66000-avalanche-dogecoin-drop-up-to-4/articleshow/111983346.cms
2024-07-26,indias forex reserves jump to a new record high of 670 86 bn as on july 19,https://economictimes.indiatimes.comhttps://economictimes.indiatimes.com/news/economy/indicators/indias-forex-reserves-jump-to-a-new-record-high-of-670-86-bn-as-on-july-19/articleshow/112044089.cms
2024-07-30,cryptocurrency price on july 30 bitcoin drops below 67000 avalanche solana tank over 4,https://economictimes.indiatimes.comhttps://economictimes.indiatimes.com/markets/cryptocurrency/cryptocurrency-price-on-july-30-bitcoin-drops-below-67000-avalanche-solana-tank-over-4/articleshow/112131365.cms
2024-07-31,self sufficiency stronger currency fundamentals would help india become 55 trillion economy by 2047 piyush goyal,https://economictimes.indiatimes.comhttps://economictimes.indiatimes.com/news/economy/policy/self-sufficiency-stronger-currency-fundamentals-would-help-india-become-55-trillion-economy-by-2047-piyush-goyal/articleshow/112175613.cms
2024-08-01,forex deals for foreign travelers zero fee on small remittances for students travel vouchers for uae visitors on rupay forex card,https://economictimes.indiatimes.comhttps://economictimes.indiatimes.com/wealth/spend/forex-deals-for-foreign-travelers-zero-fee-on-small-remittances-for-students-travel-vouchers-for-uae-visitors-on-rupay-forex-card/articleshow/112197501.cms
2024-08-01,bookmyforex rolls out zero fee remittance bundled deals for indian students,https://economictimes.indiatimes.comhttps://economictimes.indiatimes.com/nri/study/bookmyforex-rolls-out-zero-fee-remittance-bundled-deals-for-indian-students/articleshow/112195220.cms
2024-08-01,cryptocurrency price on august 1 bitcoin falls below 65000 solana xrp drop up to 8,https://economictimes.indiatimes.comhttps://economictimes.indiatimes.com/markets/cryptocurrency/crypto-news/cryptocurrency-price-on-august-1-bitcoin-falls-below-65000-solana-xrp-drop-up-to-8/articleshow/112190239.cms
2024-08-01,low inflation and currency can amplify gdp to 55 trillion by 2047 krishnamurthy subramanian,https://economictimes.indiatimes.comhttps://economictimes.indiatimes.com/news/economy/indicators/low-inflation-and-currency-can-amplify-gdp-to-55-trillion-by-2047-krishnamurthy-subramanian/articleshow/112176766.cms
2024-08-02,indias forex reserves dip to 667 39 billion as on july 26,https://economictimes.indiatimes.comhttps://economictimes.indiatimes.com/news/economy/indicators/indias-forex-reserves-dip-to-667-39-billion-as-on-july-26/articleshow/112223081.cms
2024-08-02,first ever ed raids in ut of ladakh searches related to cryptocurrency case,https://economictimes.indiatimes.comhttps://economictimes.indiatimes.com/news/india/first-ever-ed-raids-in-ut-of-ladakh-searches-related-to-cryptocurrency-case/articleshow/112212149.cms
2024-08-07,cryptocurrency price on august 7 bitcoin trades near 57000 solana toncoin jumps up to 7,https://economictimes.indiatimes.comhttps://economictimes.indiatimes.com/markets/cryptocurrency/cryptocurrency-price-on-august-7-bitcoin-trades-near-57000-solana-toncoin-jumps-up-to-7/articleshow/112341123.cms
2024-08-08,cryptocurrency prices on august 8 bitcoin rises above 57000 xrp jumps 20 after sec lawsuit resolution,https://economictimes.indiatimes.comhttps://economictimes.indiatimes.com/markets/cryptocurrency/cryptocurrency-prices-on-august-8-bitcoin-rises-above-57000-xrp-jumps-20-after-sec-lawsuit-resolution/articleshow/112369087.cms
2024-08-08,ltcg rules for unlisted shares for nris changed tax rate hiked 25 foreign currency adjustment removed,https://economictimes.indiatimes.comhttps://economictimes.indiatimes.com/wealth/tax/ltcg-rules-for-unlisted-shares-for-nris-changed-tax-rate-hiked-25-foreign-currency-adjustment-removed/articleshow/112368258.cms
2024-08-09,indias forex reserves touch a fresh high of 674 9 bn as of aug 2,https://economictimes.indiatimes.comhttps://economictimes.indiatimes.com/news/economy/indicators/indias-forex-reserves-touch-a-fresh-high-of-674-9-bn-as-of-aug-2/articleshow/112407945.cms
2024-08-09,indias forex reserves touch new high of 675 bn as of august 2,https://economictimes.indiatimes.comhttps://economictimes.indiatimes.com/news/economy/indicators/indias-forex-reserves-touch-new-high-of-675-bn-as-of-august-2/articleshow/112364816.cms
2024-08-13,cryptocurrency prices on august 13 bitcoin trades near 59k ahead of us inflation data altcoins mixed,https://economictimes.indiatimes.comhttps://economictimes.indiatimes.com/markets/cryptocurrency/cryptocurrency-prices-on-august-13-bitcoin-trades-near-59k-ahead-of-us-inflation-data-altcoins-mixed/articleshow/112493955.cms
2024-08-14,even as forex assets surge rbi continues to buy gold aggressively,https://economictimes.indiatimes.comhttps://economictimes.indiatimes.com/markets/commodities/even-as-forex-assets-surge-rbi-continues-to-buy-gold-aggressively/articleshow/112531146.cms
2024-08-16,rbis forex reserves fall 4 8 bn to 670 bn in week ended august 9,https://economictimes.indiatimes.comhttps://economictimes.indiatimes.com/news/economy/indicators/rbis-forex-reserves-fall-4-8-bn-to-670-bn-in-week-ended-august-9/articleshow/112570531.cms
2024-08-16,cryptocurrency prices on august 16 bitcoin trades flat at 58400 altcoins mixed,https://economictimes.indiatimes.comhttps://economictimes.indiatimes.com/markets/cryptocurrency/cryptocurrency-prices-on-august-16-bitcoin-trades-flat-at-58400-altcoins-mixed/articleshow/112570061.cms
2024-08-16,indias forex reserves drop 4 8 bn from an all time high settling at 670 12 bn as of aug 9,https://economictimes.indiatimes.comhttps://economictimes.indiatimes.com/news/economy/indicators/indias-forex-reserves-drop-4-8-bn-from-an-all-time-high-settling-at-670-12-bn-as-of-aug-9/articleshow/112568947.cms
2024-08-19,cryptocurrency prices on august 19 bitcoin falls below 58700 altcoins trade mixed,https://economictimes.indiatimes.comhttps://economictimes.indiatimes.com/markets/cryptocurrency/cryptocurrency-prices-on-august-19-bitcoin-falls-below-58700-altcoins-trade-mixed/articleshow/112624445.cms
2024-08-20,cryptocurrency prices on august 20 bitcoin ether surge up to 4 on bets for dovish fed,https://economictimes.indiatimes.comhttps://economictimes.indiatimes.com/markets/cryptocurrency/cryptocurrency-prices-on-august-20-bitcoin-ether-surge-up-to-4-on-bets-for-dovish-fed/articleshow/112650530.cms
2024-08-20,this bengaluru cabbie charges cryptocurrency instead of cash,https://economictimes.indiatimes.comhttps://economictimes.indiatimes.com/magazines/panache/this-bengaluru-cabbie-charges-cryptocurrency-instead-of-cash/articleshow/112649590.cms
2024-08-21,new cryptocurrency presales to watch in 2024 with 100x potential,https://economictimes.indiatimes.comhttps://economictimes.indiatimes.com/wealth/invest/new-cryptocurrency-presales-to-watch-in-2024-with-100x-potential/articleshow/112680662.cms
2024-08-21,cryptocurrency prices on august 21 bitcoin drops below 60000 ethereum litecoin fall up to 4,https://economictimes.indiatimes.comhttps://economictimes.indiatimes.com/markets/cryptocurrency/cryptocurrency-prices-on-august-21-bitcoin-drops-below-60000-ethereum-litecoin-fall-up-to-4/articleshow/112674657.cms
2024-08-22,rupees record lows mask currencys trade weighted overvaluation,https://economictimes.indiatimes.comhttps://economictimes.indiatimes.com/markets/forex/rupees-record-lows-mask-currencys-trade-weighted-overvaluation/articleshow/112714906.cms
2024-08-22,cryptocurrency prices on august 22 bitcoin rises above 60700 on us rate cut bets ethereum gains,https://economictimes.indiatimes.comhttps://economictimes.indiatimes.com/markets/cryptocurrency/crypto-news/cryptocurrency-prices-on-august-22-bitcoin-rises-above-60700-on-us-rate-cut-bets-ethereum-gains/articleshow/112707288.cms
2024-08-23,central bank digital currency wont serve any special purpose says ss mundra,https://economictimes.indiatimes.comhttps://economictimes.indiatimes.com/industry/banking/finance/central-bank-digital-currency-wont-serve-any-special-purpose-says-ss-mundra/articleshow/112747280.cms
2024-08-23,indias forex reserves increase by 4 54 billion to 674 66 billion as of august 16,https://economictimes.indiatimes.comhttps://economictimes.indiatimes.com/news/economy/indicators/indias-forex-reserves-increase-by-4-54-billion-to-674-66-billion-as-of-august-16/articleshow/112740009.cms
2024-08-23,cryptocurrency prices on august 23 bitcoin trades above 61200 ahead of fed chair jerome powells speech in jackson hole,https://economictimes.indiatimes.comhttps://economictimes.indiatimes.com/markets/cryptocurrency/cryptocurrency-prices-on-august-23-bitcoin-trades-above-61200-ahead-of-fed-chair-jerome-powells-speech-in-jackson-hole/articleshow/112736888.cms
2024-08-24,pakistan to experiment with new currency notes made of polymer plastic,https://economictimes.indiatimes.comhttps://economictimes.indiatimes.com/news/international/world-news/pakistan-to-experiment-with-new-currency-notes-made-of-polymer-plastic/articleshow/112756391.cms
2024-08-26,cryptocurrency prices on august 26 bitcoin holds near 64000 altcoins show mixed trends amid rate cut speculation,https://economictimes.indiatimes.comhttps://economictimes.indiatimes.com/markets/cryptocurrency/cryptocurrency-prices-on-august-26-bitcoin-holds-near-64000-altcoins-show-mixed-trends-amid-rate-cut-speculation/articleshow/112805453.cms
2024-08-27,cryptocurrency prices on august 27 bitcoin falls below 63000 dogecoin chainlink drop up to 4,https://economictimes.indiatimes.comhttps://economictimes.indiatimes.com/markets/cryptocurrency/cryptocurrency-prices-on-august-27-bitcoin-falls-below-63000-dogecoin-chainlink-drop-up-to-4/articleshow/112834705.cms
2024-08-28,cryptocurrency prices today bitcoin drops to 59000 level major altcoins decline,https://economictimes.indiatimes.comhttps://economictimes.indiatimes.com/markets/ipos/fpos/cryptocurrency-prices-today-bitcoin-drops-to-59000-level-major-altcoins-decline/articleshow/112861823.cms
2024-08-28,cryptocurrency prices today bitcoin drops to 59000 level major altcoins decline,https://economictimes.indiatimes.comhttps://economictimes.indiatimes.com/markets/cryptocurrency/cryptocurrency-prices-today-bitcoin-drops-to-59000-level-major-altcoins-decline/articleshow/112861512.cms
2024-08-29,cryptocurrency prices on august 29 bitcoin trades near 60000 ahead of key us economic data,https://economictimes.indiatimes.comhttps://economictimes.indiatimes.com/markets/cryptocurrency/cryptocurrency-prices-on-august-29-bitcoin-trades-near-60000-ahead-of-key-us-economic-data/articleshow/112891331.cms
2024-08-30,indias forex reserves up by 7 02 billion to 681 69 billion as of august 23,https://economictimes.indiatimes.comhttps://economictimes.indiatimes.com/news/economy/indicators/indias-forex-reserves-up-by-7-02-billion-to-681-69-billion-as-of-august-23/articleshow/112925427.cms
2024-08-30,cryptocurrency prices on august 30 bitcoin slips below 60000 altcoins decline up to 4,https://economictimes.indiatimes.comhttps://economictimes.indiatimes.com/markets/cryptocurrency/cryptocurrency-prices-on-august-30-bitcoin-slips-below-60000-altcoins-decline-up-to-4/articleshow/112920095.cms
2024-09-05,cryptocurrency prices on september 2 bitcoin falls below 58100 altcoins slip up to 4,https://economictimes.indiatimes.comhttps://economictimes.indiatimes.com/markets/cryptocurrency/cryptocurrency-prices-on-september-2-bitcoin-falls-below-58100-altcoins-slip-up-to-4/articleshow/112991162.cms
2024-09-05,cryptocurrency prices on september 5 bitcoin surges above 57000 ethereum and litecoin gain up to 4,https://economictimes.indiatimes.comhttps://economictimes.indiatimes.com/markets/cryptocurrency/cryptocurrency-prices-on-september-5-bitcoin-surges-above-57000-ethereum-and-litecoin-gain-up-to-4/articleshow/113092002.cms
2024-09-05,cryptocurrency prices on september 4 bitcoin ether decline up to 5 on us growth worries,https://economictimes.indiatimes.comhttps://economictimes.indiatimes.com/markets/cryptocurrency/cryptocurrency-prices-on-september-4-bitcoin-ether-decline-up-to-5-on-us-growth-worries/articleshow/113057514.cms
2024-09-06,indias forex reserves hit a fresh high of 683 99 bn rbi data,https://economictimes.indiatimes.comhttps://economictimes.indiatimes.com/news/economy/indicators/indias-forex-reserves-hit-a-fresh-high-of-683-99-bn-rbi-data/articleshow/113129500.cms
2024-09-06,indias forex reserves jump 2 3 bn to hit new all time high of 683 99 billion,https://economictimes.indiatimes.comhttps://economictimes.indiatimes.com/news/economy/indicators/indias-forex-reserves-jump-2-3-bn-to-hit-new-all-time-high-of-683-99-billion/articleshow/113126361.cms
2024-09-09,cryptocurrency prices on september 9 bitcoin trades above 55000 toncoin avalanche gain over 4,https://economictimes.indiatimes.comhttps://economictimes.indiatimes.com/markets/cryptocurrency/cryptocurrency-prices-on-september-9-bitcoin-trades-above-55000-toncoin-avalanche-gain-over-4/articleshow/113190131.cms
2024-09-10,cryptocurrency prices on september 10 bitcoin trades above 56500 dogecoin toncoin jump over 6,https://economictimes.indiatimes.comhttps://economictimes.indiatimes.com/markets/cryptocurrency/crypto-news/cryptocurrency-prices-on-september-10-bitcoin-trades-above-56500-dogecoin-toncoin-jump-over-6/articleshow/113219959.cms
2024-09-11,cryptocurrency prices on september 11 bitcoin falls below 56800 ahead of us inflation data,https://economictimes.indiatimes.comhttps://economictimes.indiatimes.com/markets/cryptocurrency/cryptocurrency-prices-on-september-11-bitcoin-falls-below-56800-ahead-of-us-inflation-data/articleshow/113255596.cms
2024-09-13,indias forex reserves touch an all time high of 689 24 bn as of sept 6,https://economictimes.indiatimes.comhttps://economictimes.indiatimes.com/news/economy/indicators/indias-forex-reserves-touch-an-all-time-high-of-689-24-bn-as-of-sept-6/articleshow/113325150.cms
2024-09-13,cryptocurrency prices on september 13 bitcoin holds steady near 58000 altcoins trade mixed,https://economictimes.indiatimes.comhttps://economictimes.indiatimes.com/markets/cryptocurrency/crypto-news/cryptocurrency-prices-on-september-13-bitcoin-holds-steady-near-58000-altcoins-trade-mixed/articleshow/113318783.cms
2024-09-14,indias forex kitty jumps 5 2 billion to a fresh high of 689 billion,https://economictimes.indiatimes.comhttps://economictimes.indiatimes.com/markets/forex/indias-forex-kitty-jumps-5-2-billion-to-a-fresh-high-of-689-billion/articleshow/113339815.cms
2024-09-15,rbi plans to revamp currency management infrastructure to cater to future cash needs,https://economictimes.indiatimes.comhttps://economictimes.indiatimes.com/news/economy/policy/rbi-plans-to-revamp-currency-management-infrastructure-to-cater-to-future-cash-needs/articleshow/113365358.cms
2024-09-16,tuticorin intl container terminal dedicated to nation to reduce logistics costs save forex,https://economictimes.indiatimes.comhttps://economictimes.indiatimes.com/industry/transportation/shipping-/-transport/tuticorin-intl-container-terminal-dedicated-to-nation-to-reduce-logistics-costs-save-forex/articleshow/113401479.cms
2024-09-16,public holiday change no transactions settlements in govt securities forex money markets on september 18 2024 says rbi,https://economictimes.indiatimes.comhttps://economictimes.indiatimes.com/wealth/save/public-holiday-change-no-transactions-settlements-in-govt-securities-forex-money-markets-on-september-18-2024-says-rbi/articleshow/113348963.cms
2024-09-16,surat based sez entity on ed radar for illegal forex remittances of over 4000 cr,https://economictimes.indiatimes.comhttps://economictimes.indiatimes.com/industry/cons-products/fashion-/-cosmetics-/-jewellery/surat-based-sez-entity-on-ed-radar-for-illegal-forex-remittances-of-over-4000-cr/articleshow/113373788.cms
2024-09-17,donald trump introduces new cryptocurrency world liberty financial can it make finance great again,https://economictimes.indiatimes.comhttps://economictimes.indiatimes.com/news/international/world-news/donald-trump-introduces-new-cryptocurrency-world-liberty-financial-can-it-make-finance-great-again/articleshow/113420089.cms
2024-09-19,next gen e commerce bigbaskets hari menon to track the quick commerce surge and currency of speed amid big opportunitiesregister now to join the fireside chat at et soonicorns summit 2024,https://economictimes.indiatimes.comhttps://economictimes.indiatimes.com/tech/startups/next-gen-e-commerce-bigbaskets-hari-menon-to-track-the-quick-commerce-surge-and-currency-of-speed-amid-big-opportunitiesregister-now-to-join-the-fireside-chat-at-et-soonicorns-summit-2024/articleshow/113402291.cms
2024-09-20,indias forex reserves hit a fresh high of 689 46 bn up by 223 mn,https://economictimes.indiatimes.comhttps://economictimes.indiatimes.com/news/economy/indicators/indias-forex-reserves-hit-a-fresh-high-of-689-46-bn-up-by-223-mn/articleshow/113525487.cms
2024-09-20,supreme courts youtube channel hacked live streams cryptocurrency promotion,https://economictimes.indiatimes.comhttps://economictimes.indiatimes.com/news/india/supreme-courts-youtube-channel-hacked-live-streams-cryptocurrency-promotion/articleshow/113515100.cms
2024-09-23,cryptocurrency prices on september 23 bitcoin surpasses 63700 ethereum near protocol surge up to 9,https://economictimes.indiatimes.comhttps://economictimes.indiatimes.com/markets/stocks/news/cryptocurrency-prices-on-september-23-bitcoin-surpasses-63700-ethereum-near-protocol-surge-up-to-9/articleshow/113594474.cms
2024-09-24,cryptocurrency prices on september 24 bitcoin holds above 63000 cardano and near protocol surge up to 7,https://economictimes.indiatimes.comhttps://economictimes.indiatimes.com/markets/cryptocurrency/cryptocurrency-prices-on-september-24-bitcoin-holds-above-63000-cardano-and-near-protocol-surge-up-to-7/articleshow/113626634.cms
2024-09-25,inbound tourists trail pandemic levels but forex earnings are up report,https://economictimes.indiatimes.comhttps://economictimes.indiatimes.com/industry/services/travel/inbound-tourists-trail-pandemic-levels-but-forex-earnings-are-up-report/articleshow/113668576.cms
2024-09-25,cryptocurrency prices on september 25 bitcoin rises above 63800 solana cardano surge up to 3,https://economictimes.indiatimes.comhttps://economictimes.indiatimes.com/markets/cryptocurrency/cryptocurrency-prices-on-september-25-bitcoin-rises-above-63800-solana-cardano-surge-up-to-3/articleshow/113662459.cms
2024-09-26,betting app fiewin in ed crosshairs attaches assets including cryptocurrency in binance,https://economictimes.indiatimes.comhttps://economictimes.indiatimes.com/tech/technology/betting-app-fiewin-in-ed-crosshairs-attaches-assets-including-cryptocurrency-in-binance/articleshow/113675011.cms
2024-09-26,ranveer allahbadias youtube channels hacked in cryptocurrency scam heres what happened,https://economictimes.indiatimes.comhttps://economictimes.indiatimes.com/news/new-updates/ranveer-allahbadias-youtube-channels-hacked-in-cryptocurrency-scam-heres-what-happened/articleshow/113686398.cms
2024-09-26,cryptocurrency prices on september 26 bitcoin holds above 63600 ahead of feds powell speech,https://economictimes.indiatimes.comhttps://economictimes.indiatimes.com/markets/cryptocurrency/cryptocurrency-prices-on-september-26-bitcoin-holds-above-63600-ahead-of-feds-powell-speech/articleshow/113694458.cms
2024-09-26,cryptocurrency fraternity wants donald trumps victory in us election 2024 heres why,https://economictimes.indiatimes.comhttps://economictimes.indiatimes.com/news/international/us/cryptocurrency-fraternity-wants-donald-trumps-victory-in-us-election-2024-heres-why/articleshow/113678190.cms
2024-09-27,indias forex reserves reach all time high at 692 3 billion up 2 8 billion as of sept 20,https://economictimes.indiatimes.comhttps://economictimes.indiatimes.com/news/economy/indicators/indias-forex-reserves-reach-all-time-high-at-692-3-billion-up-2-8-billion-as-of-sept-20/articleshow/113739420.cms
2024-09-27,crypto currency racket money laundering case ed searches telangana ministers premises others,https://economictimes.indiatimes.comhttps://economictimes.indiatimes.com/news/india/crypto-currency-racket-money-laundering-case-ed-searches-telangana-ministers-premises-others/articleshow/113725369.cms
2024-09-28,forex reserves rise 2 8 billion to a new high of 692 3 billion,https://economictimes.indiatimes.comhttps://economictimes.indiatimes.com/news/economy/indicators/forex-reserves-rise-2-8-billion-to-a-new-high-of-692-3-billion/articleshow/113749525.cms
2024-09-30,currency notes with anupam kher picture used to con bullion trader of 2 1 kg gold,https://economictimes.indiatimes.comhttps://economictimes.indiatimes.com/news/india/currency-notes-with-anupam-kher-picture-used-to-con-bullion-trader-of-2-1-kg-gold/articleshow/113815416.cms
2024-09-30,what is the moodeng meme coin know about cryptocurrency that gave investors rs 100 cr in 17 days,https://economictimes.indiatimes.comhttps://economictimes.indiatimes.com/magazines/panache/what-is-the-moodeng-meme-coin-know-about-cryptocurrency-that-gave-investors-rs-100-cr-in-17-days/articleshow/113809901.cms
2024-10-02,morgan stanley says dollar cannot be dethroned as the worlds dominant currency heres why,https://economictimes.indiatimes.comhttps://economictimes.indiatimes.com/news/international/us/morgan-stanley-says-dollar-cannot-be-dethroned-as-the-worlds-dominant-currency-heres-why/articleshow/113863218.cms
2024-10-03,careedge launches foreign currency sovereign ratings in growth push,https://economictimes.indiatimes.comhttps://economictimes.indiatimes.com/news/india/careedge-launches-foreign-currency-sovereign-ratings-in-growth-push/articleshow/113915373.cms
2024-10-03,19 members of a family booked for duping siblings of over 1 crore in cryptocurrency scheme,https://economictimes.indiatimes.comhttps://economictimes.indiatimes.com/news/india/19-members-of-a-family-booked-for-duping-siblings-of-over-1-crore-in-cryptocurrency-scheme/articleshow/113893124.cms
2024-10-04,indias forex reserves hit all time high of 704 89 billion up 12 5 billion as of sept 27,https://economictimes.indiatimes.comhttps://economictimes.indiatimes.com/news/economy/indicators/indias-forex-reserves-hit-all-time-high-of-704-89-billion-up-12-5-billion-as-of-sept-27/articleshow/113939960.cms
2024-10-04,pfc secures largest ever foreign currency term loan of 1 265 bn,https://economictimes.indiatimes.comhttps://economictimes.indiatimes.com/industry/energy/power/pfc-secures-largest-ever-foreign-currency-term-loan-of-1-265-bn/articleshow/113939632.cms
2024-10-04,bofa sees indias forex pile reaching 745 billion in march 2026,https://economictimes.indiatimes.comhttps://economictimes.indiatimes.com/news/economy/finance/bofa-sees-indias-forex-pile-reaching-745-billion-in-march-2026/articleshow/113936624.cms
2024-10-04,mahatma gandhi wasnt the first choice for currency notes,https://economictimes.indiatimes.comhttps://economictimes.indiatimes.com/news/india/mahatma-gandhi-wasnt-the-first-choice-for-currency-notes/articleshow/113866527.cms
2024-10-04,cryptocurrency prices on october 4 bitcoin holds below 61300 altcoins trade mixed,https://economictimes.indiatimes.comhttps://economictimes.indiatimes.com/markets/cryptocurrency/cryptocurrency-prices-on-october-4-bitcoin-holds-below-61300-altcoins-trade-mixed/articleshow/113932247.cms
2024-10-05,in a first indias forex kitty swells above 700 billion mark,https://economictimes.indiatimes.comhttps://economictimes.indiatimes.com/markets/forex/in-a-first-indias-forex-kitty-swells-above-700-billion-mark/articleshow/113953922.cms
2024-10-07,india maldives ink 400 million rs 30 billion currency swap agreement,https://economictimes.indiatimes.comhttps://economictimes.indiatimes.com/news/economy/foreign-trade/india-maldives-ink-400-million-rs-30-billion-currency-swap-agreement/articleshow/114016234.cms
2024-10-07,cryptocurrency prices on october 7 bitcoin rises above 63500 amid strong us payrolls report,https://economictimes.indiatimes.comhttps://economictimes.indiatimes.com/markets/cryptocurrency/cryptocurrency-prices-on-october-7-bitcoin-rises-above-63500-amid-strong-us-payrolls-report/articleshow/114008159.cms
2024-10-07,healthy kitty indias forex reserves of over 700 billion 4th largest in the world,https://economictimes.indiatimes.comhttps://economictimes.indiatimes.com/markets/forex/healthy-kitty-indias-forex-reserves-of-over-700-billion-4th-largest-in-the-world/articleshow/113996456.cms
2024-10-08,cryptocurrency prices on october 8 bitcoin falls over 2 to 62300 dogecoin shiba inu drop over 6,https://economictimes.indiatimes.comhttps://economictimes.indiatimes.com/markets/cryptocurrency/cryptocurrency-prices-on-october-8-bitcoin-falls-over-2-to-62300-dogecoin-shiba-inu-drop-over-6/articleshow/114041485.cms
2024-10-09,cryptocurrency prices on october 9 bitcoin holds above 62000 bnb shiba inu rise up to 4,https://economictimes.indiatimes.comhttps://economictimes.indiatimes.com/markets/cryptocurrency/cryptocurrency-prices-on-october-9-bitcoin-holds-above-62000-bnb-shiba-inu-rise-up-to-4/articleshow/114073777.cms
2024-10-11,indias forex reserves dip 3 7 bn to come off all time record high,https://economictimes.indiatimes.comhttps://economictimes.indiatimes.com/news/economy/indicators/indias-forex-reserves-dip-3-7-bn-to-come-off-all-time-record-high/articleshow/114149242.cms
2024-10-11,cryptocurrency prices on october 11 bitcoin holds above 60800 solana and cardano rise over 3,https://economictimes.indiatimes.comhttps://economictimes.indiatimes.com/markets/cryptocurrency/cryptocurrency-prices-on-october-11-bitcoin-holds-above-60800-solana-and-cardano-rise-over-3/articleshow/114146734.cms
2024-10-14,cryptocurrency prices on october 14 bitcoin surges above 64000 solana ethereum rise up to 3,https://economictimes.indiatimes.comhttps://economictimes.indiatimes.com/markets/cryptocurrency/crypto-news/cryptocurrency-prices-on-october-14-bitcoin-surges-above-64000-solana-ethereum-rise-up-to-3/articleshow/114210087.cms
2024-10-15,cryptocurrency prices on october 15 bitcoin jumps above 65400 chainlink dogecoin surge up to 5,https://economictimes.indiatimes.comhttps://economictimes.indiatimes.com/markets/cryptocurrency/cryptocurrency-prices-on-october-15-bitcoin-jumps-above-65400-chainlink-dogecoin-surge-up-to-5/articleshow/114244080.cms
2024-10-15,dollar at risk its role as reserve currency under immense strain says nassim taleb author of the black swan,https://economictimes.indiatimes.comhttps://economictimes.indiatimes.com/news/international/us/dollar-at-risk-its-role-as-reserve-currency-under-immense-strain-says-nassim-taleb-author-of-the-black-swan/articleshow/114228232.cms
2024-10-17,cryptocurrency prices on october 17 bitcoin trades above 67400 xrp dogecoin surge up to 4,https://economictimes.indiatimes.comhttps://economictimes.indiatimes.com/markets/cryptocurrency/crypto-news/cryptocurrency-prices-on-october-17-bitcoin-trades-above-67400-xrp-dogecoin-surge-up-to-4/articleshow/114307455.cms
2024-10-18,indias forex reserves fall by 10 7 billion,https://economictimes.indiatimes.comhttps://economictimes.indiatimes.com/news/economy/indicators/indias-forex-reserves-fall-by-10-7-billion/articleshow/114339941.cms
2024-10-18,cryptocurrency prices on october 18 bitcoin rises above 67800 dogecoin and shiba inu jump up to 10,https://economictimes.indiatimes.comhttps://economictimes.indiatimes.com/markets/cryptocurrency/cryptocurrency-prices-on-october-18-bitcoin-rises-above-67800-dogecoin-and-shiba-inu-jump-up-to-10/articleshow/114347146.cms
2024-10-19,putin advises cautious approach says common brics currency not being considered yet,https://economictimes.indiatimes.comhttps://economictimes.indiatimes.com/news/international/business/putin-advises-cautious-approach-says-common-brics-currency-not-being-considered-yet/articleshow/114374879.cms
2024-10-20,dollar starved maldives notifies new foreign currency rules,https://economictimes.indiatimes.comhttps://economictimes.indiatimes.com/news/international/business/dollar-starved-maldives-notifies-new-foreign-currency-rules/articleshow/114393761.cms
2024-10-21,does india really need a central bank digital currency,https://economictimes.indiatimes.comhttps://economictimes.indiatimes.com/opinion/et-commentary/does-india-really-need-a-central-bank-digital-currency/articleshow/114436390.cms
2024-10-22,rbi expands its alert list of forex trading platforms adds 13 new names,https://economictimes.indiatimes.comhttps://economictimes.indiatimes.com/news/economy/policy/rbi-expands-its-alert-list-of-forex-trading-platforms-adds-13-new-names/articleshow/114458604.cms
2024-10-22,rbi updates list of unauthorised forex trading platforms check the full list here how to check authorised list,https://economictimes.indiatimes.comhttps://economictimes.indiatimes.com/wealth/save/rbi-updates-list-of-unauthorised-forex-trading-platforms-check-the-full-list-here-how-to-check-authorised-list/articleshow/114461461.cms
2024-10-22,cryptocurrency prices on october 22 bitcoin falls over 2 to 67700 shiba inu near protocol drop up to 4,https://economictimes.indiatimes.comhttps://economictimes.indiatimes.com/markets/cryptocurrency/cryptocurrency-prices-on-october-22-bitcoin-falls-over-2-to-67700-shiba-inu-near-protocol-drop-up-to-4/articleshow/114456588.cms
2024-10-23,cryptocurrency prices on october 23 bitcoin falls below 67000 chainlink near protocol drop over 4,https://economictimes.indiatimes.comhttps://economictimes.indiatimes.com/markets/cryptocurrency/cryptocurrency-prices-on-october-23-bitcoin-falls-below-67000-chainlink-near-protocol-drop-over-4/articleshow/114500874.cms
2024-10-24,cryptocurrency prices on october 24 bitcoin holds above 67300 altcoins trade mixed,https://economictimes.indiatimes.comhttps://economictimes.indiatimes.com/markets/cryptocurrency/cryptocurrency-prices-on-october-24-bitcoin-holds-above-67300-altcoins-trade-mixed/articleshow/114538565.cms
2024-10-25,rbis playing aggressively in currency market in fy25,https://economictimes.indiatimes.comhttps://economictimes.indiatimes.com/markets/forex/rbis-playing-aggressively-in-currency-market-in-fy25/articleshow/114564785.cms
2024-10-25,indias forex reserves fall by 2 billion to 688 billion,https://economictimes.indiatimes.comhttps://economictimes.indiatimes.com/news/economy/indicators/indias-forex-reserves-fall-by-2-billion-to-688-billion/articleshow/114586062.cms
2024-10-25,cryptocurrency prices on october 25 bitcoin holds above 67400 altcoins trade mixed,https://economictimes.indiatimes.comhttps://economictimes.indiatimes.com/markets/cryptocurrency/cryptocurrency-prices-on-october-25-bitcoin-holds-above-67400-altcoins-trade-mixed/articleshow/114585579.cms
2024-10-26,rbi injects funds to rein in bank funding costs amid forex outflows,https://economictimes.indiatimes.comhttps://economictimes.indiatimes.com/news/economy/finance/rbi-injects-funds-to-rein-in-bank-funding-costs-amid-forex-outflows/articleshow/114598548.cms
2024-10-28,how to trade in cryptocurrency,https://economictimes.indiatimes.comhttps://economictimes.indiatimes.com/markets/cryptocurrency/how-to-trade-in-cryptocurrency/articleshow/113129836.cms
2024-10-28,cryptocurrency prices on october 28 bitcoin rises above 68200 dogecoin and polkadot jump up to 4,https://economictimes.indiatimes.comhttps://economictimes.indiatimes.com/markets/cryptocurrency/cryptocurrency-prices-on-october-28-bitcoin-rises-above-68200-dogecoin-and-polkadot-jump-up-to-4/articleshow/114690412.cms
2024-10-29,crypto currency cheating case court sends lakshay vij in judicial custody after cbi interrogation,https://economictimes.indiatimes.comhttps://economictimes.indiatimes.com/news/india/crypto-currency-cheating-case-court-sends-lakshay-vij-in-judicial-custody-after-cbi-interrogation/articleshow/114711223.cms
2024-10-29,gold helps hold up forex reserves,https://economictimes.indiatimes.comhttps://economictimes.indiatimes.com/news/economy/finance/gold-helps-hold-up-forex-reserves/articleshow/114659783.cms
2024-10-30,rbi report shows indias forex reserves cover stands at 11 2 months of imports,https://economictimes.indiatimes.comhttps://economictimes.indiatimes.com/news/economy/indicators/rbi-report-shows-indias-forex-reserves-cover-stands-at-11-2-months-of-imports/articleshow/114755711.cms
2024-11-01,indias forex reserves fall by 3 5 bn,https://economictimes.indiatimes.comhttps://economictimes.indiatimes.com/news/economy/indicators/indias-forex-reserves-fall-by-3-5-bn/articleshow/114858881.cms
2024-11-01,indias forex reserves fall to 684 8 billion down 3 4 billion as of october 25,https://economictimes.indiatimes.comhttps://economictimes.indiatimes.com/news/economy/indicators/indias-forex-reserves-fall-to-684-8-billion-down-3-4-billion-as-of-october-25/articleshow/114848774.cms
2024-11-01,with growing economy india has 4th largest forex reserves after china japan switzerland,https://economictimes.indiatimes.comhttps://economictimes.indiatimes.com/news/economy/indicators/with-growing-economy-india-has-4th-largest-forex-reserves-after-china-japan-switzerland/articleshow/114843471.cms
2024-11-02,chinese company to print notes for nepal kp sharma oli sparks row with revised map on currency notes,https://economictimes.indiatimes.comhttps://economictimes.indiatimes.com/news/india/chinese-company-to-print-notes-for-nepal-kp-sharma-oli-sparks-row-with-revised-map-on-currency-notes/articleshow/114890381.cms
2024-11-02,bitcoin rally masks bleaker picture emerging in cryptocurrency world,https://economictimes.indiatimes.comhttps://economictimes.indiatimes.com/markets/cryptocurrency/bitcoin-rally-masks-bleaker-picture-emerging-in-cryptocurrency-world/articleshow/114867970.cms
2024-11-02,neck and neck fight stock market says harris is winning but top executives and cryptocurrency traders say trump is going to win us elections,https://economictimes.indiatimes.comhttps://economictimes.indiatimes.com/news/international/us/neck-and-neck-fight-stock-market-says-harris-is-winning-but-top-executives-and-cryptocurrency-traders-say-trump-is-going-to-win-us-elections/articleshow/114861125.cms
2024-11-04,cryptocurrency prices on november 4 bitcoin trades near 69000 ahead of us election and as fed rate cut looms,https://economictimes.indiatimes.comhttps://economictimes.indiatimes.com/markets/cryptocurrency/cryptocurrency-prices-on-november-4-bitcoin-trades-near-69000-ahead-of-us-election-and-as-fed-rate-cut-looms/articleshow/114937917.cms
2024-11-05,cryptocurrency prices on november 5 bitcoin falls below 68800 as uncertainty surrounds us election,https://economictimes.indiatimes.comhttps://economictimes.indiatimes.com/markets/cryptocurrency/cryptocurrency-prices-on-november-5-bitcoin-falls-below-68800-as-uncertainty-surrounds-us-election/articleshow/114973431.cms
2024-11-08,rbi includes spot deals to expand forex reporting requirements,https://economictimes.indiatimes.comhttps://economictimes.indiatimes.com/news/economy/policy/rbi-includes-spot-deals-to-expand-forex-reporting-requirements/articleshow/115088628.cms
2024-11-08,indias forex reserves fall to 682 13 billion down 2 6 billion as of nov 1,https://economictimes.indiatimes.comhttps://economictimes.indiatimes.com/news/economy/indicators/indias-forex-reserves-fall-to-682-13-billion-down-2-6-billion-as-of-nov-1/articleshow/115085129.cms
2024-11-08,rbi can handle forex swings well deputy guv rabi sankar,https://economictimes.indiatimes.comhttps://economictimes.indiatimes.com/news/economy/policy/rbi-can-handle-forex-swings-well-deputy-guv-rabi-sankar/articleshow/115062947.cms
2024-11-09,divis laboratories q2 results pat jumps 46 yoy to rs 510 crore on forex gain,https://economictimes.indiatimes.comhttps://economictimes.indiatimes.com/markets/stocks/earnings/divis-laboratories-q2-results-pat-jumps-46-yoy-to-rs-510-crore-on-forex-gain/articleshow/115110895.cms
2024-11-09,indias forex kitty falls 2 6 billion to 682 billion as of november 1,https://economictimes.indiatimes.comhttps://economictimes.indiatimes.com/news/economy/foreign-trade/indias-forex-kitty-falls-2-6-billion-to-682-billion-as-of-november-1/articleshow/115095696.cms
2024-11-12,bitcoin price could hit 100000 check donald trump effect in cryptocurrency,https://economictimes.indiatimes.comhttps://economictimes.indiatimes.com/news/international/us/bitcoin-price-could-hit-100000-check-donald-trump-effect-in-cryptocurrency/articleshow/115222121.cms
2024-11-12,what is dogecoin the cryptocurrency that outperformed bitcoin ether since trumps victory,https://economictimes.indiatimes.comhttps://economictimes.indiatimes.com/news/how-to/what-is-dogecoin-the-cryptocurrency-that-outperformed-bitcoin-ether-since-trumps-victory/articleshow/115212372.cms
2024-11-13,cryptocurrency legislation coming soon in us during donald trumps tenure,https://economictimes.indiatimes.comhttps://economictimes.indiatimes.com/news/international/us/cryptocurrency-legislation-coming-soon-in-us-during-donald-trumps-tenure/articleshow/115266610.cms
2024-11-15,indias forex reserves fall to 675 65 billion down 6 4 billion as of nov 8,https://economictimes.indiatimes.comhttps://economictimes.indiatimes.com/news/economy/indicators/indias-forex-reserves-fall-to-675-65-billion-down-6-4-billion-as-of-nov-8/articleshow/115334292.cms
2024-11-17,bundles of currency notes recovered from heap of cow dung in odisha,https://economictimes.indiatimes.comhttps://economictimes.indiatimes.com/news/india/bundles-of-currency-notes-recovered-from-heap-of-cow-dung-in-odisha/articleshow/115369632.cms
2024-11-20,india strengthening mobile payment ties with global partners expanding digital currency efforts rbis t rabi shankar,https://economictimes.indiatimes.comhttps://economictimes.indiatimes.com/news/economy/finance/india-strengthening-mobile-payment-ties-with-global-partners-expanding-digital-currency-efforts-rbis-t-rabi-shankar/articleshow/115475250.cms
2024-11-20,ready to answer sudhanshu trivedis 5 questions supriya sule on alleged cryptocurrency fraud case,https://economictimes.indiatimes.comhttps://economictimes.indiatimes.com/news/elections/assembly-elections/maharashtra/ready-to-answer-sudhanshu-trivedis-5-questions-supriya-sule-on-alleged-cryptocurrency-fraud-case/articleshow/115471605.cms
2024-11-21,cea nageswaran asks india inc not to seek protective cover of weak currency,https://economictimes.indiatimes.comhttps://economictimes.indiatimes.com/news/economy/finance/cea-nageswaran-asks-india-inc-not-to-seek-protective-cover-of-weak-currency/articleshow/115529945.cms
2024-11-21,rbi defends currency strategy says interventions aim to shield economy from global risks,https://economictimes.indiatimes.comhttps://economictimes.indiatimes.com/news/economy/policy/rbi-defends-currency-strategy-says-interventions-aim-to-shield-economy-from-global-risks/articleshow/115523088.cms
2024-11-21,donald trump is endorsing guitars worth 10000 after cryptocurrency ventures bibles sneakers watches,https://economictimes.indiatimes.comhttps://economictimes.indiatimes.com/news/international/us/donald-trump-is-endorsing-guitars-worth-10000-after-cryptocurrency-ventures-bibles-sneakers-watches/articleshow/115505482.cms
2024-11-22,indias forex reserves fall to 657 89 billion down 17 7 billion as of nov 15,https://economictimes.indiatimes.comhttps://economictimes.indiatimes.com/news/economy/indicators/indias-forex-reserves-fall-to-657-89-billion-down-17-7-billion-as-of-nov-15/articleshow/115565364.cms
2024-11-22,government notifies amended forex rules for startups,https://economictimes.indiatimes.comhttps://economictimes.indiatimes.com/tech/startups/government-notifies-amended-forex-rules-for-startups/articleshow/115536712.cms
2024-11-23,forex reserves record biggest weekly drop as rbi moves to support rupee,https://economictimes.indiatimes.comhttps://economictimes.indiatimes.com/news/economy/indicators/forex-reserves-record-biggest-weekly-drop-as-rbi-moves-to-support-rupee/articleshow/115577499.cms
2024-11-25,this software company microstrategy is steadily buying up bitcoin heres what it means for the cryptocurrency,https://economictimes.indiatimes.comhttps://economictimes.indiatimes.com/news/international/us/this-software-company-microstrategy-is-steadily-buying-up-bitcoin-heres-what-it-means-for-the-cryptocurrency/articleshow/115667555.cms
2024-11-25,makemytrip introduces multi currency payments option for international travellers,https://economictimes.indiatimes.comhttps://economictimes.indiatimes.com/industry/services/travel/makemytrip-introduces-multi-currency-payments-option-for-international-travellers/articleshow/115652205.cms
2024-11-25,gold holds up incremental value of forex reserves,https://economictimes.indiatimes.comhttps://economictimes.indiatimes.com/news/economy/indicators/gold-holds-up-incremental-value-of-forex-reserves/articleshow/115629891.cms
2024-11-27,us dollar vs chinese yuan donald trumps tenure to witness currency war,https://economictimes.indiatimes.comhttps://economictimes.indiatimes.com/news/international/us/us-dollar-vs-chinese-yuan-donald-trumps-tenure-to-witness-currency-war/articleshow/115740149.cms
2024-11-28,top 10 cryptocurrency investments in november 2024,https://economictimes.indiatimes.comhttps://economictimes.indiatimes.com/wealth/invest/top-10-cryptocurrency-investments-in-november-2024/articleshow/115771298.cms
2024-11-29,indias forex reserves drop by 1 31 billion stand at 656 582 billion as of november 22,https://economictimes.indiatimes.comhttps://economictimes.indiatimes.com/news/economy/indicators/indias-forex-reserves-drop-by-1-31-billion-stand-at-656-582-billion-as-of-november-22/articleshow/115808380.cms
2024-11-29,forex reserves drop usd 1 31 bn to usd 656 5 bn,https://economictimes.indiatimes.comhttps://economictimes.indiatimes.com/markets/stocks/news/forex-reserves-drop-usd-1-31-bn-to-usd-656-5-bn/articleshow/115808758.cms
2024-12-01,trumps threat of 100 tariffs unrealistic india should focus on local currency tradinggtri,https://economictimes.indiatimes.comhttps://economictimes.indiatimes.com/news/economy/foreign-trade/trumps-threat-of-100-tariffs-unrealistic-india-should-focus-on-local-currency-tradinggtri/articleshow/115868381.cms
2024-12-02,despite no brics currency plan donald trump issues threat,https://economictimes.indiatimes.comhttps://economictimes.indiatimes.com/news/international/world-news/despite-no-brics-currency-plan-donald-trump-issues-threat/articleshow/115874312.cms
2024-12-03,cryptocurrency prices today bitcoin holds above 96000 xrp chainlink surge up to 30,https://economictimes.indiatimes.comhttps://economictimes.indiatimes.com/markets/cryptocurrency/cryptocurrency-prices-today-bitcoin-holds-above-96000-xrp-chainlink-surge-up-to-30/articleshow/115925410.cms
2024-12-05,trump nominates cryptocurrency advocate paul atkins as sec chair,https://economictimes.indiatimes.comhttps://economictimes.indiatimes.com/news/international/world-news/trump-nominates-cryptocurrency-advocate-paul-atkins-as-sec-chair/articleshow/115990276.cms
2024-12-06,indias forex reserves up 1 51 bn at 658 09 bn as of november 29,https://economictimes.indiatimes.comhttps://economictimes.indiatimes.com/news/economy/indicators/indias-forex-reserves-up-1-51-bn-at-658-09-bn-as-of-november-29/articleshow/116029647.cms
2024-12-06,wad of currency notes found from abhishek manu singhvis seat in rajya sabha mp says he carries only a rs 500 note,https://economictimes.indiatimes.comhttps://economictimes.indiatimes.com/news/politics-and-nation/wad-of-currency-notes-found-from-abhishek-manu-singhvis-seat-in-rajya-sabha-mp-says-he-carries-only-a-rs-500-note/articleshow/116032926.cms
2024-12-06,rajya sabha adjourned for day over currency row,https://economictimes.indiatimes.comhttps://economictimes.indiatimes.com/news/politics-and-nation/rajya-sabha-adjourned-for-day-over-currency-row/articleshow/116039964.cms
2024-12-06,removing bangabandhu bangladesh kicks in currency overhaul in attempt to rewrite history,https://economictimes.indiatimes.comhttps://economictimes.indiatimes.com/news/international/global-trends/removing-bangabandhu-bangladesh-kicks-in-currency-overhaul-in-attempt-to-rewrite-history/articleshow/116036151.cms
2024-12-07,phone laptop severely compromised hackers want cryptocurrency sam pitrodas mail to contacts,https://economictimes.indiatimes.comhttps://economictimes.indiatimes.com/news/politics-and-nation/phone-laptop-severely-compromised-hackers-want-cryptocurrency-sam-pitrodas-mail-to-contacts/articleshow/116078504.cms
2024-12-07,sam pitrodas server hacked hackers demand payment of tens of thousands of dollars in cryptocurrency,https://economictimes.indiatimes.comhttps://economictimes.indiatimes.com/news/india/sam-pitrodas-server-hacked-hackers-demand-payment-of-tens-of-thousands-of-dollars-in-cryptocurrency/articleshow/116062838.cms
2024-12-08,phone laptop severely compromised hackers want cryptocurrency congress leader,https://economictimes.indiatimes.comhttps://economictimes.indiatimes.com/tech/technology/phone-laptop-severely-compromised-hackers-want-cryptocurrency-congress-leader/articleshow/116102943.cms
2024-12-10,attractive forex deals bookmyforex claims to offer lowest forex rate up to rs 7500 cashback check details,https://economictimes.indiatimes.comhttps://economictimes.indiatimes.com/wealth/spend/attractive-forex-deals-bookmyforex-claims-to-offer-lowest-forex-rate-up-to-rs-7500-cashback-check-details/articleshow/116175065.cms
2024-12-11,will willow googles quantum computing chip put bitcoin cryptocurrency at risk heres what you should know,https://economictimes.indiatimes.comhttps://economictimes.indiatimes.com/news/international/global-trends/will-willow-googles-quantum-computing-chip-put-bitcoin-cryptocurrency-at-risk-heres-what-you-should-know/articleshow/116203792.cms
2024-12-12,china is considering softer currency,https://economictimes.indiatimes.comhttps://economictimes.indiatimes.com/markets/forex/china-is-considering-softer-currency/articleshow/116232410.cms
2024-12-13,indias forex reserves fall by 3 23 bn at 654 86 bn as on dec 6,https://economictimes.indiatimes.comhttps://economictimes.indiatimes.com/news/economy/indicators/indias-forex-reserves-fall-by-3-23-bn-at-654-86-bn-as-on-dec-6/articleshow/116290310.cms
2024-12-13,trump trade adviser warns against currency manipulation as china mulls weaker yuan,https://economictimes.indiatimes.comhttps://economictimes.indiatimes.com/markets/forex/trump-trade-adviser-warns-against-currency-manipulation-as-china-mulls-weaker-yuan/articleshow/116270914.cms
2024-12-13,nomura ms to roll out india forex market facility,https://economictimes.indiatimes.comhttps://economictimes.indiatimes.com/markets/forex/nomura-ms-to-roll-out-india-forex-market-facility/articleshow/116269661.cms
2024-12-19,new zealand enters recession economy sees worst downturn since 1991 currency hits new low,https://economictimes.indiatimes.comhttps://economictimes.indiatimes.com/news/international/global-trends/new-zealand-enters-recession-economy-sees-worst-downturn-since-1991-currency-hits-new-low/articleshow/116474246.cms
2024-12-20,indias forex reserves fall to 652 87 billion down 1 98 billion as of dec 13,https://economictimes.indiatimes.comhttps://economictimes.indiatimes.com/news/economy/indicators/indias-forex-reserves-fall-to-652-87-billion-down-1-98-billion-as-of-dec-13/articleshow/116504196.cms
2024-12-24,indias forex sufficient to meet 11 months of imports 96 pc of external debt rbi,https://economictimes.indiatimes.comhttps://economictimes.indiatimes.com/news/economy/indicators/indias-forex-sufficient-to-meet-11-months-of-imports-96-pc-of-external-debt-rbi/articleshow/116634614.cms
2024-12-25,depreciation of rupees helps exports more than an appreciating currency helping in imports rbi study,https://economictimes.indiatimes.comhttps://economictimes.indiatimes.com/news/economy/foreign-trade/depreciation-of-rupees-helps-exports-more-than-an-appreciating-currency-helping-in-imports-rbi-study/articleshow/116658177.cms
2024-12-27,indias forex reserves fall to 644 39 billion down 8 4 billion as of dec 20,https://economictimes.indiatimes.comhttps://economictimes.indiatimes.com/news/economy/indicators/indias-forex-reserves-fall-to-644-39-billion-down-8-4-billion-as-of-dec-20/articleshow/116714474.cms
2024-12-28,this cryptocurrency outperformed bitcoin in 2024 even after surpassing 100000,https://economictimes.indiatimes.comhttps://economictimes.indiatimes.com/news/international/us/this-cryptocurrency-outperformed-bitcoin-in-2024-even-after-surpassing-100000/articleshow/116745974.cms
2024-12-31,why elon musk changed his x name to kekius maximus cryptocurrency memecoin,https://economictimes.indiatimes.comhttps://economictimes.indiatimes.com/news/international/global-trends/why-elon-musk-changed-his-x-name-to-kekius-maximus-cryptocurrency-memecoin/articleshow/116832408.cms
